[2026-06-09T12:50:36.694+0000] {processor.py:186} INFO - Started process (PID=52) to work on /opt/airflow/dags/cases/01-1c-excel-pipeline/data/samples/Реализации_2025-06-07.xlsx
[2026-06-09T12:50:36.695+0000] {processor.py:914} INFO - Processing file /opt/airflow/dags/cases/01-1c-excel-pipeline/data/samples/Реализации_2025-06-07.xlsx for tasks to queue
[2026-06-09T12:50:36.699+0000] {logging_mixin.py:190} INFO - [2026-06-09T12:50:36.698+0000] {dagbag.py:588} INFO - Filling up the DagBag from /opt/airflow/dags/cases/01-1c-excel-pipeline/data/samples/Реализации_2025-06-07.xlsx
[2026-06-09T12:50:36.701+0000] {processor.py:927} WARNING - No viable dags retrieved from /opt/airflow/dags/cases/01-1c-excel-pipeline/data/samples/Реализации_2025-06-07.xlsx
[2026-06-09T12:50:36.714+0000] {processor.py:208} INFO - Processing /opt/airflow/dags/cases/01-1c-excel-pipeline/data/samples/Реализации_2025-06-07.xlsx took 0.030 seconds
[2026-06-09T12:51:07.163+0000] {processor.py:186} INFO - Started process (PID=55) to work on /opt/airflow/dags/cases/01-1c-excel-pipeline/data/samples/Реализации_2025-06-07.xlsx
[2026-06-09T12:51:07.164+0000] {processor.py:914} INFO - Processing file /opt/airflow/dags/cases/01-1c-excel-pipeline/data/samples/Реализации_2025-06-07.xlsx for tasks to queue
[2026-06-09T12:51:07.167+0000] {logging_mixin.py:190} INFO - [2026-06-09T12:51:07.167+0000] {dagbag.py:588} INFO - Filling up the DagBag from /opt/airflow/dags/cases/01-1c-excel-pipeline/data/samples/Реализации_2025-06-07.xlsx
[2026-06-09T12:51:07.169+0000] {processor.py:927} WARNING - No viable dags retrieved from /opt/airflow/dags/cases/01-1c-excel-pipeline/data/samples/Реализации_2025-06-07.xlsx
[2026-06-09T12:51:07.182+0000] {processor.py:208} INFO - Processing /opt/airflow/dags/cases/01-1c-excel-pipeline/data/samples/Реализации_2025-06-07.xlsx took 0.025 seconds
[2026-06-09T12:51:37.567+0000] {processor.py:186} INFO - Started process (PID=58) to work on /opt/airflow/dags/cases/01-1c-excel-pipeline/data/samples/Реализации_2025-06-07.xlsx
[2026-06-09T12:51:37.569+0000] {processor.py:914} INFO - Processing file /opt/airflow/dags/cases/01-1c-excel-pipeline/data/samples/Реализации_2025-06-07.xlsx for tasks to queue
[2026-06-09T12:51:37.573+0000] {logging_mixin.py:190} INFO - [2026-06-09T12:51:37.572+0000] {dagbag.py:588} INFO - Filling up the DagBag from /opt/airflow/dags/cases/01-1c-excel-pipeline/data/samples/Реализации_2025-06-07.xlsx
[2026-06-09T12:51:37.576+0000] {processor.py:927} WARNING - No viable dags retrieved from /opt/airflow/dags/cases/01-1c-excel-pipeline/data/samples/Реализации_2025-06-07.xlsx
[2026-06-09T12:51:37.595+0000] {processor.py:208} INFO - Processing /opt/airflow/dags/cases/01-1c-excel-pipeline/data/samples/Реализации_2025-06-07.xlsx took 0.040 seconds
[2026-06-09T12:52:08.291+0000] {processor.py:186} INFO - Started process (PID=61) to work on /opt/airflow/dags/cases/01-1c-excel-pipeline/data/samples/Реализации_2025-06-07.xlsx
[2026-06-09T12:52:08.293+0000] {processor.py:914} INFO - Processing file /opt/airflow/dags/cases/01-1c-excel-pipeline/data/samples/Реализации_2025-06-07.xlsx for tasks to queue
[2026-06-09T12:52:08.299+0000] {logging_mixin.py:190} INFO - [2026-06-09T12:52:08.298+0000] {dagbag.py:588} INFO - Filling up the DagBag from /opt/airflow/dags/cases/01-1c-excel-pipeline/data/samples/Реализации_2025-06-07.xlsx
[2026-06-09T12:52:08.302+0000] {processor.py:927} WARNING - No viable dags retrieved from /opt/airflow/dags/cases/01-1c-excel-pipeline/data/samples/Реализации_2025-06-07.xlsx
[2026-06-09T12:52:08.318+0000] {processor.py:208} INFO - Processing /opt/airflow/dags/cases/01-1c-excel-pipeline/data/samples/Реализации_2025-06-07.xlsx took 0.038 seconds
[2026-06-09T12:52:38.949+0000] {processor.py:186} INFO - Started process (PID=64) to work on /opt/airflow/dags/cases/01-1c-excel-pipeline/data/samples/Реализации_2025-06-07.xlsx
[2026-06-09T12:52:38.951+0000] {processor.py:914} INFO - Processing file /opt/airflow/dags/cases/01-1c-excel-pipeline/data/samples/Реализации_2025-06-07.xlsx for tasks to queue
[2026-06-09T12:52:38.955+0000] {logging_mixin.py:190} INFO - [2026-06-09T12:52:38.955+0000] {dagbag.py:588} INFO - Filling up the DagBag from /opt/airflow/dags/cases/01-1c-excel-pipeline/data/samples/Реализации_2025-06-07.xlsx
[2026-06-09T12:52:38.958+0000] {processor.py:927} WARNING - No viable dags retrieved from /opt/airflow/dags/cases/01-1c-excel-pipeline/data/samples/Реализации_2025-06-07.xlsx
[2026-06-09T12:52:38.976+0000] {processor.py:208} INFO - Processing /opt/airflow/dags/cases/01-1c-excel-pipeline/data/samples/Реализации_2025-06-07.xlsx took 0.038 seconds
[2026-06-09T12:53:09.394+0000] {processor.py:186} INFO - Started process (PID=67) to work on /opt/airflow/dags/cases/01-1c-excel-pipeline/data/samples/Реализации_2025-06-07.xlsx
[2026-06-09T12:53:09.396+0000] {processor.py:914} INFO - Processing file /opt/airflow/dags/cases/01-1c-excel-pipeline/data/samples/Реализации_2025-06-07.xlsx for tasks to queue
[2026-06-09T12:53:09.401+0000] {logging_mixin.py:190} INFO - [2026-06-09T12:53:09.400+0000] {dagbag.py:588} INFO - Filling up the DagBag from /opt/airflow/dags/cases/01-1c-excel-pipeline/data/samples/Реализации_2025-06-07.xlsx
[2026-06-09T12:53:09.404+0000] {processor.py:927} WARNING - No viable dags retrieved from /opt/airflow/dags/cases/01-1c-excel-pipeline/data/samples/Реализации_2025-06-07.xlsx
[2026-06-09T12:53:09.420+0000] {processor.py:208} INFO - Processing /opt/airflow/dags/cases/01-1c-excel-pipeline/data/samples/Реализации_2025-06-07.xlsx took 0.036 seconds
[2026-06-09T12:53:39.820+0000] {processor.py:186} INFO - Started process (PID=70) to work on /opt/airflow/dags/cases/01-1c-excel-pipeline/data/samples/Реализации_2025-06-07.xlsx
[2026-06-09T12:53:39.820+0000] {processor.py:914} INFO - Processing file /opt/airflow/dags/cases/01-1c-excel-pipeline/data/samples/Реализации_2025-06-07.xlsx for tasks to queue
[2026-06-09T12:53:39.823+0000] {logging_mixin.py:190} INFO - [2026-06-09T12:53:39.823+0000] {dagbag.py:588} INFO - Filling up the DagBag from /opt/airflow/dags/cases/01-1c-excel-pipeline/data/samples/Реализации_2025-06-07.xlsx
[2026-06-09T12:53:39.827+0000] {processor.py:927} WARNING - No viable dags retrieved from /opt/airflow/dags/cases/01-1c-excel-pipeline/data/samples/Реализации_2025-06-07.xlsx
[2026-06-09T12:53:39.834+0000] {processor.py:208} INFO - Processing /opt/airflow/dags/cases/01-1c-excel-pipeline/data/samples/Реализации_2025-06-07.xlsx took 0.018 seconds
[2026-06-09T12:54:10.359+0000] {processor.py:186} INFO - Started process (PID=73) to work on /opt/airflow/dags/cases/01-1c-excel-pipeline/data/samples/Реализации_2025-06-07.xlsx
[2026-06-09T12:54:10.360+0000] {processor.py:914} INFO - Processing file /opt/airflow/dags/cases/01-1c-excel-pipeline/data/samples/Реализации_2025-06-07.xlsx for tasks to queue
[2026-06-09T12:54:10.362+0000] {logging_mixin.py:190} INFO - [2026-06-09T12:54:10.362+0000] {dagbag.py:588} INFO - Filling up the DagBag from /opt/airflow/dags/cases/01-1c-excel-pipeline/data/samples/Реализации_2025-06-07.xlsx
[2026-06-09T12:54:10.364+0000] {processor.py:927} WARNING - No viable dags retrieved from /opt/airflow/dags/cases/01-1c-excel-pipeline/data/samples/Реализации_2025-06-07.xlsx
[2026-06-09T12:54:10.372+0000] {processor.py:208} INFO - Processing /opt/airflow/dags/cases/01-1c-excel-pipeline/data/samples/Реализации_2025-06-07.xlsx took 0.018 seconds
[2026-06-09T12:54:40.816+0000] {processor.py:186} INFO - Started process (PID=76) to work on /opt/airflow/dags/cases/01-1c-excel-pipeline/data/samples/Реализации_2025-06-07.xlsx
[2026-06-09T12:54:40.818+0000] {processor.py:914} INFO - Processing file /opt/airflow/dags/cases/01-1c-excel-pipeline/data/samples/Реализации_2025-06-07.xlsx for tasks to queue
[2026-06-09T12:54:40.820+0000] {logging_mixin.py:190} INFO - [2026-06-09T12:54:40.819+0000] {dagbag.py:588} INFO - Filling up the DagBag from /opt/airflow/dags/cases/01-1c-excel-pipeline/data/samples/Реализации_2025-06-07.xlsx
[2026-06-09T12:54:40.821+0000] {processor.py:927} WARNING - No viable dags retrieved from /opt/airflow/dags/cases/01-1c-excel-pipeline/data/samples/Реализации_2025-06-07.xlsx
[2026-06-09T12:54:40.832+0000] {processor.py:208} INFO - Processing /opt/airflow/dags/cases/01-1c-excel-pipeline/data/samples/Реализации_2025-06-07.xlsx took 0.020 seconds
[2026-06-09T12:55:11.248+0000] {processor.py:186} INFO - Started process (PID=79) to work on /opt/airflow/dags/cases/01-1c-excel-pipeline/data/samples/Реализации_2025-06-07.xlsx
[2026-06-09T12:55:11.249+0000] {processor.py:914} INFO - Processing file /opt/airflow/dags/cases/01-1c-excel-pipeline/data/samples/Реализации_2025-06-07.xlsx for tasks to queue
[2026-06-09T12:55:11.252+0000] {logging_mixin.py:190} INFO - [2026-06-09T12:55:11.252+0000] {dagbag.py:588} INFO - Filling up the DagBag from /opt/airflow/dags/cases/01-1c-excel-pipeline/data/samples/Реализации_2025-06-07.xlsx
[2026-06-09T12:55:11.255+0000] {processor.py:927} WARNING - No viable dags retrieved from /opt/airflow/dags/cases/01-1c-excel-pipeline/data/samples/Реализации_2025-06-07.xlsx
[2026-06-09T12:55:11.268+0000] {processor.py:208} INFO - Processing /opt/airflow/dags/cases/01-1c-excel-pipeline/data/samples/Реализации_2025-06-07.xlsx took 0.027 seconds
[2026-06-09T12:55:42.025+0000] {processor.py:186} INFO - Started process (PID=83) to work on /opt/airflow/dags/cases/01-1c-excel-pipeline/data/samples/Реализации_2025-06-07.xlsx
[2026-06-09T12:55:42.027+0000] {processor.py:914} INFO - Processing file /opt/airflow/dags/cases/01-1c-excel-pipeline/data/samples/Реализации_2025-06-07.xlsx for tasks to queue
[2026-06-09T12:55:42.029+0000] {logging_mixin.py:190} INFO - [2026-06-09T12:55:42.028+0000] {dagbag.py:588} INFO - Filling up the DagBag from /opt/airflow/dags/cases/01-1c-excel-pipeline/data/samples/Реализации_2025-06-07.xlsx
[2026-06-09T12:55:42.031+0000] {processor.py:927} WARNING - No viable dags retrieved from /opt/airflow/dags/cases/01-1c-excel-pipeline/data/samples/Реализации_2025-06-07.xlsx
[2026-06-09T12:55:42.043+0000] {processor.py:208} INFO - Processing /opt/airflow/dags/cases/01-1c-excel-pipeline/data/samples/Реализации_2025-06-07.xlsx took 0.025 seconds
[2026-06-09T12:56:12.520+0000] {processor.py:186} INFO - Started process (PID=87) to work on /opt/airflow/dags/cases/01-1c-excel-pipeline/data/samples/Реализации_2025-06-07.xlsx
[2026-06-09T12:56:12.521+0000] {processor.py:914} INFO - Processing file /opt/airflow/dags/cases/01-1c-excel-pipeline/data/samples/Реализации_2025-06-07.xlsx for tasks to queue
[2026-06-09T12:56:12.523+0000] {logging_mixin.py:190} INFO - [2026-06-09T12:56:12.522+0000] {dagbag.py:588} INFO - Filling up the DagBag from /opt/airflow/dags/cases/01-1c-excel-pipeline/data/samples/Реализации_2025-06-07.xlsx
[2026-06-09T12:56:12.524+0000] {processor.py:927} WARNING - No viable dags retrieved from /opt/airflow/dags/cases/01-1c-excel-pipeline/data/samples/Реализации_2025-06-07.xlsx
[2026-06-09T12:56:12.534+0000] {processor.py:208} INFO - Processing /opt/airflow/dags/cases/01-1c-excel-pipeline/data/samples/Реализации_2025-06-07.xlsx took 0.019 seconds
[2026-06-09T12:56:43.058+0000] {processor.py:186} INFO - Started process (PID=91) to work on /opt/airflow/dags/cases/01-1c-excel-pipeline/data/samples/Реализации_2025-06-07.xlsx
[2026-06-09T12:56:43.059+0000] {processor.py:914} INFO - Processing file /opt/airflow/dags/cases/01-1c-excel-pipeline/data/samples/Реализации_2025-06-07.xlsx for tasks to queue
[2026-06-09T12:56:43.062+0000] {logging_mixin.py:190} INFO - [2026-06-09T12:56:43.062+0000] {dagbag.py:588} INFO - Filling up the DagBag from /opt/airflow/dags/cases/01-1c-excel-pipeline/data/samples/Реализации_2025-06-07.xlsx
[2026-06-09T12:56:43.064+0000] {processor.py:927} WARNING - No viable dags retrieved from /opt/airflow/dags/cases/01-1c-excel-pipeline/data/samples/Реализации_2025-06-07.xlsx
[2026-06-09T12:56:43.079+0000] {processor.py:208} INFO - Processing /opt/airflow/dags/cases/01-1c-excel-pipeline/data/samples/Реализации_2025-06-07.xlsx took 0.030 seconds
[2026-06-09T12:57:13.576+0000] {processor.py:186} INFO - Started process (PID=95) to work on /opt/airflow/dags/cases/01-1c-excel-pipeline/data/samples/Реализации_2025-06-07.xlsx
[2026-06-09T12:57:13.577+0000] {processor.py:914} INFO - Processing file /opt/airflow/dags/cases/01-1c-excel-pipeline/data/samples/Реализации_2025-06-07.xlsx for tasks to queue
[2026-06-09T12:57:13.580+0000] {logging_mixin.py:190} INFO - [2026-06-09T12:57:13.580+0000] {dagbag.py:588} INFO - Filling up the DagBag from /opt/airflow/dags/cases/01-1c-excel-pipeline/data/samples/Реализации_2025-06-07.xlsx
[2026-06-09T12:57:13.583+0000] {processor.py:927} WARNING - No viable dags retrieved from /opt/airflow/dags/cases/01-1c-excel-pipeline/data/samples/Реализации_2025-06-07.xlsx
[2026-06-09T12:57:13.595+0000] {processor.py:208} INFO - Processing /opt/airflow/dags/cases/01-1c-excel-pipeline/data/samples/Реализации_2025-06-07.xlsx took 0.028 seconds
[2026-06-09T12:57:44.175+0000] {processor.py:186} INFO - Started process (PID=99) to work on /opt/airflow/dags/cases/01-1c-excel-pipeline/data/samples/Реализации_2025-06-07.xlsx
[2026-06-09T12:57:44.177+0000] {processor.py:914} INFO - Processing file /opt/airflow/dags/cases/01-1c-excel-pipeline/data/samples/Реализации_2025-06-07.xlsx for tasks to queue
[2026-06-09T12:57:44.180+0000] {logging_mixin.py:190} INFO - [2026-06-09T12:57:44.180+0000] {dagbag.py:588} INFO - Filling up the DagBag from /opt/airflow/dags/cases/01-1c-excel-pipeline/data/samples/Реализации_2025-06-07.xlsx
[2026-06-09T12:57:44.183+0000] {processor.py:927} WARNING - No viable dags retrieved from /opt/airflow/dags/cases/01-1c-excel-pipeline/data/samples/Реализации_2025-06-07.xlsx
[2026-06-09T12:57:44.197+0000] {processor.py:208} INFO - Processing /opt/airflow/dags/cases/01-1c-excel-pipeline/data/samples/Реализации_2025-06-07.xlsx took 0.031 seconds
[2026-06-09T12:58:14.650+0000] {processor.py:186} INFO - Started process (PID=103) to work on /opt/airflow/dags/cases/01-1c-excel-pipeline/data/samples/Реализации_2025-06-07.xlsx
[2026-06-09T12:58:14.651+0000] {processor.py:914} INFO - Processing file /opt/airflow/dags/cases/01-1c-excel-pipeline/data/samples/Реализации_2025-06-07.xlsx for tasks to queue
[2026-06-09T12:58:14.655+0000] {logging_mixin.py:190} INFO - [2026-06-09T12:58:14.654+0000] {dagbag.py:588} INFO - Filling up the DagBag from /opt/airflow/dags/cases/01-1c-excel-pipeline/data/samples/Реализации_2025-06-07.xlsx
[2026-06-09T12:58:14.658+0000] {processor.py:927} WARNING - No viable dags retrieved from /opt/airflow/dags/cases/01-1c-excel-pipeline/data/samples/Реализации_2025-06-07.xlsx
[2026-06-09T12:58:14.672+0000] {processor.py:208} INFO - Processing /opt/airflow/dags/cases/01-1c-excel-pipeline/data/samples/Реализации_2025-06-07.xlsx took 0.031 seconds
[2026-06-09T12:58:45.489+0000] {processor.py:186} INFO - Started process (PID=107) to work on /opt/airflow/dags/cases/01-1c-excel-pipeline/data/samples/Реализации_2025-06-07.xlsx
[2026-06-09T12:58:45.490+0000] {processor.py:914} INFO - Processing file /opt/airflow/dags/cases/01-1c-excel-pipeline/data/samples/Реализации_2025-06-07.xlsx for tasks to queue
[2026-06-09T12:58:45.493+0000] {logging_mixin.py:190} INFO - [2026-06-09T12:58:45.493+0000] {dagbag.py:588} INFO - Filling up the DagBag from /opt/airflow/dags/cases/01-1c-excel-pipeline/data/samples/Реализации_2025-06-07.xlsx
[2026-06-09T12:58:45.496+0000] {processor.py:927} WARNING - No viable dags retrieved from /opt/airflow/dags/cases/01-1c-excel-pipeline/data/samples/Реализации_2025-06-07.xlsx
[2026-06-09T12:58:45.510+0000] {processor.py:208} INFO - Processing /opt/airflow/dags/cases/01-1c-excel-pipeline/data/samples/Реализации_2025-06-07.xlsx took 0.027 seconds
[2026-06-09T12:59:16.003+0000] {processor.py:186} INFO - Started process (PID=111) to work on /opt/airflow/dags/cases/01-1c-excel-pipeline/data/samples/Реализации_2025-06-07.xlsx
[2026-06-09T12:59:16.006+0000] {processor.py:914} INFO - Processing file /opt/airflow/dags/cases/01-1c-excel-pipeline/data/samples/Реализации_2025-06-07.xlsx for tasks to queue
[2026-06-09T12:59:16.009+0000] {logging_mixin.py:190} INFO - [2026-06-09T12:59:16.009+0000] {dagbag.py:588} INFO - Filling up the DagBag from /opt/airflow/dags/cases/01-1c-excel-pipeline/data/samples/Реализации_2025-06-07.xlsx
[2026-06-09T12:59:16.011+0000] {processor.py:927} WARNING - No viable dags retrieved from /opt/airflow/dags/cases/01-1c-excel-pipeline/data/samples/Реализации_2025-06-07.xlsx
[2026-06-09T12:59:16.024+0000] {processor.py:208} INFO - Processing /opt/airflow/dags/cases/01-1c-excel-pipeline/data/samples/Реализации_2025-06-07.xlsx took 0.028 seconds
[2026-06-09T12:59:46.538+0000] {processor.py:186} INFO - Started process (PID=115) to work on /opt/airflow/dags/cases/01-1c-excel-pipeline/data/samples/Реализации_2025-06-07.xlsx
[2026-06-09T12:59:46.541+0000] {processor.py:914} INFO - Processing file /opt/airflow/dags/cases/01-1c-excel-pipeline/data/samples/Реализации_2025-06-07.xlsx for tasks to queue
[2026-06-09T12:59:46.544+0000] {logging_mixin.py:190} INFO - [2026-06-09T12:59:46.544+0000] {dagbag.py:588} INFO - Filling up the DagBag from /opt/airflow/dags/cases/01-1c-excel-pipeline/data/samples/Реализации_2025-06-07.xlsx
[2026-06-09T12:59:46.546+0000] {processor.py:927} WARNING - No viable dags retrieved from /opt/airflow/dags/cases/01-1c-excel-pipeline/data/samples/Реализации_2025-06-07.xlsx
[2026-06-09T12:59:46.564+0000] {processor.py:208} INFO - Processing /opt/airflow/dags/cases/01-1c-excel-pipeline/data/samples/Реализации_2025-06-07.xlsx took 0.037 seconds
[2026-06-09T13:00:17.285+0000] {processor.py:186} INFO - Started process (PID=119) to work on /opt/airflow/dags/cases/01-1c-excel-pipeline/data/samples/Реализации_2025-06-07.xlsx
[2026-06-09T13:00:17.287+0000] {processor.py:914} INFO - Processing file /opt/airflow/dags/cases/01-1c-excel-pipeline/data/samples/Реализации_2025-06-07.xlsx for tasks to queue
[2026-06-09T13:00:17.290+0000] {logging_mixin.py:190} INFO - [2026-06-09T13:00:17.289+0000] {dagbag.py:588} INFO - Filling up the DagBag from /opt/airflow/dags/cases/01-1c-excel-pipeline/data/samples/Реализации_2025-06-07.xlsx
[2026-06-09T13:00:17.292+0000] {processor.py:927} WARNING - No viable dags retrieved from /opt/airflow/dags/cases/01-1c-excel-pipeline/data/samples/Реализации_2025-06-07.xlsx
[2026-06-09T13:00:17.306+0000] {processor.py:208} INFO - Processing /opt/airflow/dags/cases/01-1c-excel-pipeline/data/samples/Реализации_2025-06-07.xlsx took 0.028 seconds
[2026-06-09T13:00:47.903+0000] {processor.py:186} INFO - Started process (PID=123) to work on /opt/airflow/dags/cases/01-1c-excel-pipeline/data/samples/Реализации_2025-06-07.xlsx
[2026-06-09T13:00:47.904+0000] {processor.py:914} INFO - Processing file /opt/airflow/dags/cases/01-1c-excel-pipeline/data/samples/Реализации_2025-06-07.xlsx for tasks to queue
[2026-06-09T13:00:47.907+0000] {logging_mixin.py:190} INFO - [2026-06-09T13:00:47.907+0000] {dagbag.py:588} INFO - Filling up the DagBag from /opt/airflow/dags/cases/01-1c-excel-pipeline/data/samples/Реализации_2025-06-07.xlsx
[2026-06-09T13:00:47.909+0000] {processor.py:927} WARNING - No viable dags retrieved from /opt/airflow/dags/cases/01-1c-excel-pipeline/data/samples/Реализации_2025-06-07.xlsx
[2026-06-09T13:00:47.923+0000] {processor.py:208} INFO - Processing /opt/airflow/dags/cases/01-1c-excel-pipeline/data/samples/Реализации_2025-06-07.xlsx took 0.027 seconds
[2026-06-09T13:01:18.441+0000] {processor.py:186} INFO - Started process (PID=127) to work on /opt/airflow/dags/cases/01-1c-excel-pipeline/data/samples/Реализации_2025-06-07.xlsx
[2026-06-09T13:01:18.442+0000] {processor.py:914} INFO - Processing file /opt/airflow/dags/cases/01-1c-excel-pipeline/data/samples/Реализации_2025-06-07.xlsx for tasks to queue
[2026-06-09T13:01:18.445+0000] {logging_mixin.py:190} INFO - [2026-06-09T13:01:18.445+0000] {dagbag.py:588} INFO - Filling up the DagBag from /opt/airflow/dags/cases/01-1c-excel-pipeline/data/samples/Реализации_2025-06-07.xlsx
[2026-06-09T13:01:18.447+0000] {processor.py:927} WARNING - No viable dags retrieved from /opt/airflow/dags/cases/01-1c-excel-pipeline/data/samples/Реализации_2025-06-07.xlsx
[2026-06-09T13:01:18.459+0000] {processor.py:208} INFO - Processing /opt/airflow/dags/cases/01-1c-excel-pipeline/data/samples/Реализации_2025-06-07.xlsx took 0.024 seconds
[2026-06-09T13:01:48.981+0000] {processor.py:186} INFO - Started process (PID=131) to work on /opt/airflow/dags/cases/01-1c-excel-pipeline/data/samples/Реализации_2025-06-07.xlsx
[2026-06-09T13:01:48.982+0000] {processor.py:914} INFO - Processing file /opt/airflow/dags/cases/01-1c-excel-pipeline/data/samples/Реализации_2025-06-07.xlsx for tasks to queue
[2026-06-09T13:01:48.984+0000] {logging_mixin.py:190} INFO - [2026-06-09T13:01:48.984+0000] {dagbag.py:588} INFO - Filling up the DagBag from /opt/airflow/dags/cases/01-1c-excel-pipeline/data/samples/Реализации_2025-06-07.xlsx
[2026-06-09T13:01:48.987+0000] {processor.py:927} WARNING - No viable dags retrieved from /opt/airflow/dags/cases/01-1c-excel-pipeline/data/samples/Реализации_2025-06-07.xlsx
[2026-06-09T13:01:49.000+0000] {processor.py:208} INFO - Processing /opt/airflow/dags/cases/01-1c-excel-pipeline/data/samples/Реализации_2025-06-07.xlsx took 0.026 seconds
[2026-06-09T13:02:19.580+0000] {processor.py:186} INFO - Started process (PID=135) to work on /opt/airflow/dags/cases/01-1c-excel-pipeline/data/samples/Реализации_2025-06-07.xlsx
[2026-06-09T13:02:19.582+0000] {processor.py:914} INFO - Processing file /opt/airflow/dags/cases/01-1c-excel-pipeline/data/samples/Реализации_2025-06-07.xlsx for tasks to queue
[2026-06-09T13:02:19.585+0000] {logging_mixin.py:190} INFO - [2026-06-09T13:02:19.585+0000] {dagbag.py:588} INFO - Filling up the DagBag from /opt/airflow/dags/cases/01-1c-excel-pipeline/data/samples/Реализации_2025-06-07.xlsx
[2026-06-09T13:02:19.588+0000] {processor.py:927} WARNING - No viable dags retrieved from /opt/airflow/dags/cases/01-1c-excel-pipeline/data/samples/Реализации_2025-06-07.xlsx
[2026-06-09T13:02:19.601+0000] {processor.py:208} INFO - Processing /opt/airflow/dags/cases/01-1c-excel-pipeline/data/samples/Реализации_2025-06-07.xlsx took 0.028 seconds
[2026-06-09T13:02:50.303+0000] {processor.py:186} INFO - Started process (PID=139) to work on /opt/airflow/dags/cases/01-1c-excel-pipeline/data/samples/Реализации_2025-06-07.xlsx
[2026-06-09T13:02:50.304+0000] {processor.py:914} INFO - Processing file /opt/airflow/dags/cases/01-1c-excel-pipeline/data/samples/Реализации_2025-06-07.xlsx for tasks to queue
[2026-06-09T13:02:50.305+0000] {logging_mixin.py:190} INFO - [2026-06-09T13:02:50.305+0000] {dagbag.py:588} INFO - Filling up the DagBag from /opt/airflow/dags/cases/01-1c-excel-pipeline/data/samples/Реализации_2025-06-07.xlsx
[2026-06-09T13:02:50.307+0000] {processor.py:927} WARNING - No viable dags retrieved from /opt/airflow/dags/cases/01-1c-excel-pipeline/data/samples/Реализации_2025-06-07.xlsx
[2026-06-09T13:02:50.315+0000] {processor.py:208} INFO - Processing /opt/airflow/dags/cases/01-1c-excel-pipeline/data/samples/Реализации_2025-06-07.xlsx took 0.017 seconds
[2026-06-09T13:03:20.834+0000] {processor.py:186} INFO - Started process (PID=143) to work on /opt/airflow/dags/cases/01-1c-excel-pipeline/data/samples/Реализации_2025-06-07.xlsx
[2026-06-09T13:03:20.836+0000] {processor.py:914} INFO - Processing file /opt/airflow/dags/cases/01-1c-excel-pipeline/data/samples/Реализации_2025-06-07.xlsx for tasks to queue
[2026-06-09T13:03:20.839+0000] {logging_mixin.py:190} INFO - [2026-06-09T13:03:20.839+0000] {dagbag.py:588} INFO - Filling up the DagBag from /opt/airflow/dags/cases/01-1c-excel-pipeline/data/samples/Реализации_2025-06-07.xlsx
[2026-06-09T13:03:20.841+0000] {processor.py:927} WARNING - No viable dags retrieved from /opt/airflow/dags/cases/01-1c-excel-pipeline/data/samples/Реализации_2025-06-07.xlsx
[2026-06-09T13:03:20.854+0000] {processor.py:208} INFO - Processing /opt/airflow/dags/cases/01-1c-excel-pipeline/data/samples/Реализации_2025-06-07.xlsx took 0.028 seconds
[2026-06-09T13:03:51.206+0000] {processor.py:186} INFO - Started process (PID=147) to work on /opt/airflow/dags/cases/01-1c-excel-pipeline/data/samples/Реализации_2025-06-07.xlsx
[2026-06-09T13:03:51.207+0000] {processor.py:914} INFO - Processing file /opt/airflow/dags/cases/01-1c-excel-pipeline/data/samples/Реализации_2025-06-07.xlsx for tasks to queue
[2026-06-09T13:03:51.210+0000] {logging_mixin.py:190} INFO - [2026-06-09T13:03:51.210+0000] {dagbag.py:588} INFO - Filling up the DagBag from /opt/airflow/dags/cases/01-1c-excel-pipeline/data/samples/Реализации_2025-06-07.xlsx
[2026-06-09T13:03:51.212+0000] {processor.py:927} WARNING - No viable dags retrieved from /opt/airflow/dags/cases/01-1c-excel-pipeline/data/samples/Реализации_2025-06-07.xlsx
[2026-06-09T13:03:51.225+0000] {processor.py:208} INFO - Processing /opt/airflow/dags/cases/01-1c-excel-pipeline/data/samples/Реализации_2025-06-07.xlsx took 0.028 seconds
[2026-06-09T13:04:21.862+0000] {processor.py:186} INFO - Started process (PID=151) to work on /opt/airflow/dags/cases/01-1c-excel-pipeline/data/samples/Реализации_2025-06-07.xlsx
[2026-06-09T13:04:21.863+0000] {processor.py:914} INFO - Processing file /opt/airflow/dags/cases/01-1c-excel-pipeline/data/samples/Реализации_2025-06-07.xlsx for tasks to queue
[2026-06-09T13:04:21.867+0000] {logging_mixin.py:190} INFO - [2026-06-09T13:04:21.867+0000] {dagbag.py:588} INFO - Filling up the DagBag from /opt/airflow/dags/cases/01-1c-excel-pipeline/data/samples/Реализации_2025-06-07.xlsx
[2026-06-09T13:04:21.870+0000] {processor.py:927} WARNING - No viable dags retrieved from /opt/airflow/dags/cases/01-1c-excel-pipeline/data/samples/Реализации_2025-06-07.xlsx
[2026-06-09T13:04:21.886+0000] {processor.py:208} INFO - Processing /opt/airflow/dags/cases/01-1c-excel-pipeline/data/samples/Реализации_2025-06-07.xlsx took 0.033 seconds
[2026-06-09T13:04:52.609+0000] {processor.py:186} INFO - Started process (PID=155) to work on /opt/airflow/dags/cases/01-1c-excel-pipeline/data/samples/Реализации_2025-06-07.xlsx
[2026-06-09T13:04:52.611+0000] {processor.py:914} INFO - Processing file /opt/airflow/dags/cases/01-1c-excel-pipeline/data/samples/Реализации_2025-06-07.xlsx for tasks to queue
[2026-06-09T13:04:52.614+0000] {logging_mixin.py:190} INFO - [2026-06-09T13:04:52.614+0000] {dagbag.py:588} INFO - Filling up the DagBag from /opt/airflow/dags/cases/01-1c-excel-pipeline/data/samples/Реализации_2025-06-07.xlsx
[2026-06-09T13:04:52.616+0000] {processor.py:927} WARNING - No viable dags retrieved from /opt/airflow/dags/cases/01-1c-excel-pipeline/data/samples/Реализации_2025-06-07.xlsx
[2026-06-09T13:04:52.629+0000] {processor.py:208} INFO - Processing /opt/airflow/dags/cases/01-1c-excel-pipeline/data/samples/Реализации_2025-06-07.xlsx took 0.029 seconds
[2026-06-09T13:05:23.070+0000] {processor.py:186} INFO - Started process (PID=159) to work on /opt/airflow/dags/cases/01-1c-excel-pipeline/data/samples/Реализации_2025-06-07.xlsx
[2026-06-09T13:05:23.070+0000] {processor.py:914} INFO - Processing file /opt/airflow/dags/cases/01-1c-excel-pipeline/data/samples/Реализации_2025-06-07.xlsx for tasks to queue
[2026-06-09T13:05:23.072+0000] {logging_mixin.py:190} INFO - [2026-06-09T13:05:23.072+0000] {dagbag.py:588} INFO - Filling up the DagBag from /opt/airflow/dags/cases/01-1c-excel-pipeline/data/samples/Реализации_2025-06-07.xlsx
[2026-06-09T13:05:23.073+0000] {processor.py:927} WARNING - No viable dags retrieved from /opt/airflow/dags/cases/01-1c-excel-pipeline/data/samples/Реализации_2025-06-07.xlsx
[2026-06-09T13:05:23.083+0000] {processor.py:208} INFO - Processing /opt/airflow/dags/cases/01-1c-excel-pipeline/data/samples/Реализации_2025-06-07.xlsx took 0.017 seconds
[2026-06-09T13:05:53.629+0000] {processor.py:186} INFO - Started process (PID=163) to work on /opt/airflow/dags/cases/01-1c-excel-pipeline/data/samples/Реализации_2025-06-07.xlsx
[2026-06-09T13:05:53.631+0000] {processor.py:914} INFO - Processing file /opt/airflow/dags/cases/01-1c-excel-pipeline/data/samples/Реализации_2025-06-07.xlsx for tasks to queue
[2026-06-09T13:05:53.633+0000] {logging_mixin.py:190} INFO - [2026-06-09T13:05:53.633+0000] {dagbag.py:588} INFO - Filling up the DagBag from /opt/airflow/dags/cases/01-1c-excel-pipeline/data/samples/Реализации_2025-06-07.xlsx
[2026-06-09T13:05:53.635+0000] {processor.py:927} WARNING - No viable dags retrieved from /opt/airflow/dags/cases/01-1c-excel-pipeline/data/samples/Реализации_2025-06-07.xlsx
[2026-06-09T13:05:53.647+0000] {processor.py:208} INFO - Processing /opt/airflow/dags/cases/01-1c-excel-pipeline/data/samples/Реализации_2025-06-07.xlsx took 0.025 seconds
[2026-06-09T13:06:24.270+0000] {processor.py:186} INFO - Started process (PID=167) to work on /opt/airflow/dags/cases/01-1c-excel-pipeline/data/samples/Реализации_2025-06-07.xlsx
[2026-06-09T13:06:24.272+0000] {processor.py:914} INFO - Processing file /opt/airflow/dags/cases/01-1c-excel-pipeline/data/samples/Реализации_2025-06-07.xlsx for tasks to queue
[2026-06-09T13:06:24.274+0000] {logging_mixin.py:190} INFO - [2026-06-09T13:06:24.274+0000] {dagbag.py:588} INFO - Filling up the DagBag from /opt/airflow/dags/cases/01-1c-excel-pipeline/data/samples/Реализации_2025-06-07.xlsx
[2026-06-09T13:06:24.276+0000] {processor.py:927} WARNING - No viable dags retrieved from /opt/airflow/dags/cases/01-1c-excel-pipeline/data/samples/Реализации_2025-06-07.xlsx
[2026-06-09T13:06:24.286+0000] {processor.py:208} INFO - Processing /opt/airflow/dags/cases/01-1c-excel-pipeline/data/samples/Реализации_2025-06-07.xlsx took 0.022 seconds
[2026-06-09T13:06:54.914+0000] {processor.py:186} INFO - Started process (PID=171) to work on /opt/airflow/dags/cases/01-1c-excel-pipeline/data/samples/Реализации_2025-06-07.xlsx
[2026-06-09T13:06:54.915+0000] {processor.py:914} INFO - Processing file /opt/airflow/dags/cases/01-1c-excel-pipeline/data/samples/Реализации_2025-06-07.xlsx for tasks to queue
[2026-06-09T13:06:54.919+0000] {logging_mixin.py:190} INFO - [2026-06-09T13:06:54.918+0000] {dagbag.py:588} INFO - Filling up the DagBag from /opt/airflow/dags/cases/01-1c-excel-pipeline/data/samples/Реализации_2025-06-07.xlsx
[2026-06-09T13:06:54.921+0000] {processor.py:927} WARNING - No viable dags retrieved from /opt/airflow/dags/cases/01-1c-excel-pipeline/data/samples/Реализации_2025-06-07.xlsx
[2026-06-09T13:06:54.935+0000] {processor.py:208} INFO - Processing /opt/airflow/dags/cases/01-1c-excel-pipeline/data/samples/Реализации_2025-06-07.xlsx took 0.029 seconds
[2026-06-09T13:07:25.463+0000] {processor.py:186} INFO - Started process (PID=175) to work on /opt/airflow/dags/cases/01-1c-excel-pipeline/data/samples/Реализации_2025-06-07.xlsx
[2026-06-09T13:07:25.464+0000] {processor.py:914} INFO - Processing file /opt/airflow/dags/cases/01-1c-excel-pipeline/data/samples/Реализации_2025-06-07.xlsx for tasks to queue
[2026-06-09T13:07:25.466+0000] {logging_mixin.py:190} INFO - [2026-06-09T13:07:25.466+0000] {dagbag.py:588} INFO - Filling up the DagBag from /opt/airflow/dags/cases/01-1c-excel-pipeline/data/samples/Реализации_2025-06-07.xlsx
[2026-06-09T13:07:25.468+0000] {processor.py:927} WARNING - No viable dags retrieved from /opt/airflow/dags/cases/01-1c-excel-pipeline/data/samples/Реализации_2025-06-07.xlsx
[2026-06-09T13:07:25.484+0000] {processor.py:208} INFO - Processing /opt/airflow/dags/cases/01-1c-excel-pipeline/data/samples/Реализации_2025-06-07.xlsx took 0.028 seconds
[2026-06-09T13:07:55.976+0000] {processor.py:186} INFO - Started process (PID=179) to work on /opt/airflow/dags/cases/01-1c-excel-pipeline/data/samples/Реализации_2025-06-07.xlsx
[2026-06-09T13:07:55.977+0000] {processor.py:914} INFO - Processing file /opt/airflow/dags/cases/01-1c-excel-pipeline/data/samples/Реализации_2025-06-07.xlsx for tasks to queue
[2026-06-09T13:07:55.980+0000] {logging_mixin.py:190} INFO - [2026-06-09T13:07:55.980+0000] {dagbag.py:588} INFO - Filling up the DagBag from /opt/airflow/dags/cases/01-1c-excel-pipeline/data/samples/Реализации_2025-06-07.xlsx
[2026-06-09T13:07:55.982+0000] {processor.py:927} WARNING - No viable dags retrieved from /opt/airflow/dags/cases/01-1c-excel-pipeline/data/samples/Реализации_2025-06-07.xlsx
[2026-06-09T13:07:55.997+0000] {processor.py:208} INFO - Processing /opt/airflow/dags/cases/01-1c-excel-pipeline/data/samples/Реализации_2025-06-07.xlsx took 0.029 seconds
[2026-06-09T13:08:26.586+0000] {processor.py:186} INFO - Started process (PID=183) to work on /opt/airflow/dags/cases/01-1c-excel-pipeline/data/samples/Реализации_2025-06-07.xlsx
[2026-06-09T13:08:26.587+0000] {processor.py:914} INFO - Processing file /opt/airflow/dags/cases/01-1c-excel-pipeline/data/samples/Реализации_2025-06-07.xlsx for tasks to queue
[2026-06-09T13:08:26.590+0000] {logging_mixin.py:190} INFO - [2026-06-09T13:08:26.590+0000] {dagbag.py:588} INFO - Filling up the DagBag from /opt/airflow/dags/cases/01-1c-excel-pipeline/data/samples/Реализации_2025-06-07.xlsx
[2026-06-09T13:08:26.592+0000] {processor.py:927} WARNING - No viable dags retrieved from /opt/airflow/dags/cases/01-1c-excel-pipeline/data/samples/Реализации_2025-06-07.xlsx
[2026-06-09T13:08:26.605+0000] {processor.py:208} INFO - Processing /opt/airflow/dags/cases/01-1c-excel-pipeline/data/samples/Реализации_2025-06-07.xlsx took 0.028 seconds
[2026-06-09T13:08:57.157+0000] {processor.py:186} INFO - Started process (PID=187) to work on /opt/airflow/dags/cases/01-1c-excel-pipeline/data/samples/Реализации_2025-06-07.xlsx
[2026-06-09T13:08:57.158+0000] {processor.py:914} INFO - Processing file /opt/airflow/dags/cases/01-1c-excel-pipeline/data/samples/Реализации_2025-06-07.xlsx for tasks to queue
[2026-06-09T13:08:57.161+0000] {logging_mixin.py:190} INFO - [2026-06-09T13:08:57.161+0000] {dagbag.py:588} INFO - Filling up the DagBag from /opt/airflow/dags/cases/01-1c-excel-pipeline/data/samples/Реализации_2025-06-07.xlsx
[2026-06-09T13:08:57.163+0000] {processor.py:927} WARNING - No viable dags retrieved from /opt/airflow/dags/cases/01-1c-excel-pipeline/data/samples/Реализации_2025-06-07.xlsx
[2026-06-09T13:08:57.180+0000] {processor.py:208} INFO - Processing /opt/airflow/dags/cases/01-1c-excel-pipeline/data/samples/Реализации_2025-06-07.xlsx took 0.031 seconds
[2026-06-09T13:09:27.743+0000] {processor.py:186} INFO - Started process (PID=191) to work on /opt/airflow/dags/cases/01-1c-excel-pipeline/data/samples/Реализации_2025-06-07.xlsx
[2026-06-09T13:09:27.746+0000] {processor.py:914} INFO - Processing file /opt/airflow/dags/cases/01-1c-excel-pipeline/data/samples/Реализации_2025-06-07.xlsx for tasks to queue
[2026-06-09T13:09:27.749+0000] {logging_mixin.py:190} INFO - [2026-06-09T13:09:27.749+0000] {dagbag.py:588} INFO - Filling up the DagBag from /opt/airflow/dags/cases/01-1c-excel-pipeline/data/samples/Реализации_2025-06-07.xlsx
[2026-06-09T13:09:27.751+0000] {processor.py:927} WARNING - No viable dags retrieved from /opt/airflow/dags/cases/01-1c-excel-pipeline/data/samples/Реализации_2025-06-07.xlsx
[2026-06-09T13:09:27.766+0000] {processor.py:208} INFO - Processing /opt/airflow/dags/cases/01-1c-excel-pipeline/data/samples/Реализации_2025-06-07.xlsx took 0.029 seconds
[2026-06-09T13:09:58.317+0000] {processor.py:186} INFO - Started process (PID=195) to work on /opt/airflow/dags/cases/01-1c-excel-pipeline/data/samples/Реализации_2025-06-07.xlsx
[2026-06-09T13:09:58.319+0000] {processor.py:914} INFO - Processing file /opt/airflow/dags/cases/01-1c-excel-pipeline/data/samples/Реализации_2025-06-07.xlsx for tasks to queue
[2026-06-09T13:09:58.324+0000] {logging_mixin.py:190} INFO - [2026-06-09T13:09:58.324+0000] {dagbag.py:588} INFO - Filling up the DagBag from /opt/airflow/dags/cases/01-1c-excel-pipeline/data/samples/Реализации_2025-06-07.xlsx
[2026-06-09T13:09:58.327+0000] {processor.py:927} WARNING - No viable dags retrieved from /opt/airflow/dags/cases/01-1c-excel-pipeline/data/samples/Реализации_2025-06-07.xlsx
[2026-06-09T13:09:58.340+0000] {processor.py:208} INFO - Processing /opt/airflow/dags/cases/01-1c-excel-pipeline/data/samples/Реализации_2025-06-07.xlsx took 0.030 seconds
[2026-06-09T13:10:28.902+0000] {processor.py:186} INFO - Started process (PID=199) to work on /opt/airflow/dags/cases/01-1c-excel-pipeline/data/samples/Реализации_2025-06-07.xlsx
[2026-06-09T13:10:28.904+0000] {processor.py:914} INFO - Processing file /opt/airflow/dags/cases/01-1c-excel-pipeline/data/samples/Реализации_2025-06-07.xlsx for tasks to queue
[2026-06-09T13:10:28.908+0000] {logging_mixin.py:190} INFO - [2026-06-09T13:10:28.907+0000] {dagbag.py:588} INFO - Filling up the DagBag from /opt/airflow/dags/cases/01-1c-excel-pipeline/data/samples/Реализации_2025-06-07.xlsx
[2026-06-09T13:10:28.910+0000] {processor.py:927} WARNING - No viable dags retrieved from /opt/airflow/dags/cases/01-1c-excel-pipeline/data/samples/Реализации_2025-06-07.xlsx
[2026-06-09T13:10:28.923+0000] {processor.py:208} INFO - Processing /opt/airflow/dags/cases/01-1c-excel-pipeline/data/samples/Реализации_2025-06-07.xlsx took 0.028 seconds
[2026-06-09T13:10:59.554+0000] {processor.py:186} INFO - Started process (PID=203) to work on /opt/airflow/dags/cases/01-1c-excel-pipeline/data/samples/Реализации_2025-06-07.xlsx
[2026-06-09T13:10:59.555+0000] {processor.py:914} INFO - Processing file /opt/airflow/dags/cases/01-1c-excel-pipeline/data/samples/Реализации_2025-06-07.xlsx for tasks to queue
[2026-06-09T13:10:59.557+0000] {logging_mixin.py:190} INFO - [2026-06-09T13:10:59.557+0000] {dagbag.py:588} INFO - Filling up the DagBag from /opt/airflow/dags/cases/01-1c-excel-pipeline/data/samples/Реализации_2025-06-07.xlsx
[2026-06-09T13:10:59.559+0000] {processor.py:927} WARNING - No viable dags retrieved from /opt/airflow/dags/cases/01-1c-excel-pipeline/data/samples/Реализации_2025-06-07.xlsx
[2026-06-09T13:10:59.573+0000] {processor.py:208} INFO - Processing /opt/airflow/dags/cases/01-1c-excel-pipeline/data/samples/Реализации_2025-06-07.xlsx took 0.027 seconds
[2026-06-09T13:11:30.175+0000] {processor.py:186} INFO - Started process (PID=207) to work on /opt/airflow/dags/cases/01-1c-excel-pipeline/data/samples/Реализации_2025-06-07.xlsx
[2026-06-09T13:11:30.176+0000] {processor.py:914} INFO - Processing file /opt/airflow/dags/cases/01-1c-excel-pipeline/data/samples/Реализации_2025-06-07.xlsx for tasks to queue
[2026-06-09T13:11:30.179+0000] {logging_mixin.py:190} INFO - [2026-06-09T13:11:30.179+0000] {dagbag.py:588} INFO - Filling up the DagBag from /opt/airflow/dags/cases/01-1c-excel-pipeline/data/samples/Реализации_2025-06-07.xlsx
[2026-06-09T13:11:30.181+0000] {processor.py:927} WARNING - No viable dags retrieved from /opt/airflow/dags/cases/01-1c-excel-pipeline/data/samples/Реализации_2025-06-07.xlsx
[2026-06-09T13:11:30.196+0000] {processor.py:208} INFO - Processing /opt/airflow/dags/cases/01-1c-excel-pipeline/data/samples/Реализации_2025-06-07.xlsx took 0.028 seconds
[2026-06-09T13:12:00.638+0000] {processor.py:186} INFO - Started process (PID=211) to work on /opt/airflow/dags/cases/01-1c-excel-pipeline/data/samples/Реализации_2025-06-07.xlsx
[2026-06-09T13:12:00.639+0000] {processor.py:914} INFO - Processing file /opt/airflow/dags/cases/01-1c-excel-pipeline/data/samples/Реализации_2025-06-07.xlsx for tasks to queue
[2026-06-09T13:12:00.641+0000] {logging_mixin.py:190} INFO - [2026-06-09T13:12:00.640+0000] {dagbag.py:588} INFO - Filling up the DagBag from /opt/airflow/dags/cases/01-1c-excel-pipeline/data/samples/Реализации_2025-06-07.xlsx
[2026-06-09T13:12:00.642+0000] {processor.py:927} WARNING - No viable dags retrieved from /opt/airflow/dags/cases/01-1c-excel-pipeline/data/samples/Реализации_2025-06-07.xlsx
[2026-06-09T13:12:00.650+0000] {processor.py:208} INFO - Processing /opt/airflow/dags/cases/01-1c-excel-pipeline/data/samples/Реализации_2025-06-07.xlsx took 0.016 seconds
[2026-06-09T13:12:31.264+0000] {processor.py:186} INFO - Started process (PID=215) to work on /opt/airflow/dags/cases/01-1c-excel-pipeline/data/samples/Реализации_2025-06-07.xlsx
[2026-06-09T13:12:31.265+0000] {processor.py:914} INFO - Processing file /opt/airflow/dags/cases/01-1c-excel-pipeline/data/samples/Реализации_2025-06-07.xlsx for tasks to queue
[2026-06-09T13:12:31.268+0000] {logging_mixin.py:190} INFO - [2026-06-09T13:12:31.268+0000] {dagbag.py:588} INFO - Filling up the DagBag from /opt/airflow/dags/cases/01-1c-excel-pipeline/data/samples/Реализации_2025-06-07.xlsx
[2026-06-09T13:12:31.270+0000] {processor.py:927} WARNING - No viable dags retrieved from /opt/airflow/dags/cases/01-1c-excel-pipeline/data/samples/Реализации_2025-06-07.xlsx
[2026-06-09T13:12:31.285+0000] {processor.py:208} INFO - Processing /opt/airflow/dags/cases/01-1c-excel-pipeline/data/samples/Реализации_2025-06-07.xlsx took 0.028 seconds
[2026-06-09T13:13:01.950+0000] {processor.py:186} INFO - Started process (PID=219) to work on /opt/airflow/dags/cases/01-1c-excel-pipeline/data/samples/Реализации_2025-06-07.xlsx
[2026-06-09T13:13:01.952+0000] {processor.py:914} INFO - Processing file /opt/airflow/dags/cases/01-1c-excel-pipeline/data/samples/Реализации_2025-06-07.xlsx for tasks to queue
[2026-06-09T13:13:01.954+0000] {logging_mixin.py:190} INFO - [2026-06-09T13:13:01.954+0000] {dagbag.py:588} INFO - Filling up the DagBag from /opt/airflow/dags/cases/01-1c-excel-pipeline/data/samples/Реализации_2025-06-07.xlsx
[2026-06-09T13:13:01.956+0000] {processor.py:927} WARNING - No viable dags retrieved from /opt/airflow/dags/cases/01-1c-excel-pipeline/data/samples/Реализации_2025-06-07.xlsx
[2026-06-09T13:13:01.970+0000] {processor.py:208} INFO - Processing /opt/airflow/dags/cases/01-1c-excel-pipeline/data/samples/Реализации_2025-06-07.xlsx took 0.027 seconds
[2026-06-09T13:13:32.593+0000] {processor.py:186} INFO - Started process (PID=223) to work on /opt/airflow/dags/cases/01-1c-excel-pipeline/data/samples/Реализации_2025-06-07.xlsx
[2026-06-09T13:13:32.595+0000] {processor.py:914} INFO - Processing file /opt/airflow/dags/cases/01-1c-excel-pipeline/data/samples/Реализации_2025-06-07.xlsx for tasks to queue
[2026-06-09T13:13:32.599+0000] {logging_mixin.py:190} INFO - [2026-06-09T13:13:32.598+0000] {dagbag.py:588} INFO - Filling up the DagBag from /opt/airflow/dags/cases/01-1c-excel-pipeline/data/samples/Реализации_2025-06-07.xlsx
[2026-06-09T13:13:32.601+0000] {processor.py:927} WARNING - No viable dags retrieved from /opt/airflow/dags/cases/01-1c-excel-pipeline/data/samples/Реализации_2025-06-07.xlsx
[2026-06-09T13:13:32.615+0000] {processor.py:208} INFO - Processing /opt/airflow/dags/cases/01-1c-excel-pipeline/data/samples/Реализации_2025-06-07.xlsx took 0.029 seconds
[2026-06-09T13:14:03.110+0000] {processor.py:186} INFO - Started process (PID=227) to work on /opt/airflow/dags/cases/01-1c-excel-pipeline/data/samples/Реализации_2025-06-07.xlsx
[2026-06-09T13:14:03.111+0000] {processor.py:914} INFO - Processing file /opt/airflow/dags/cases/01-1c-excel-pipeline/data/samples/Реализации_2025-06-07.xlsx for tasks to queue
[2026-06-09T13:14:03.115+0000] {logging_mixin.py:190} INFO - [2026-06-09T13:14:03.114+0000] {dagbag.py:588} INFO - Filling up the DagBag from /opt/airflow/dags/cases/01-1c-excel-pipeline/data/samples/Реализации_2025-06-07.xlsx
[2026-06-09T13:14:03.116+0000] {processor.py:927} WARNING - No viable dags retrieved from /opt/airflow/dags/cases/01-1c-excel-pipeline/data/samples/Реализации_2025-06-07.xlsx
[2026-06-09T13:14:03.135+0000] {processor.py:208} INFO - Processing /opt/airflow/dags/cases/01-1c-excel-pipeline/data/samples/Реализации_2025-06-07.xlsx took 0.035 seconds
[2026-06-09T13:14:33.690+0000] {processor.py:186} INFO - Started process (PID=231) to work on /opt/airflow/dags/cases/01-1c-excel-pipeline/data/samples/Реализации_2025-06-07.xlsx
[2026-06-09T13:14:33.691+0000] {processor.py:914} INFO - Processing file /opt/airflow/dags/cases/01-1c-excel-pipeline/data/samples/Реализации_2025-06-07.xlsx for tasks to queue
[2026-06-09T13:14:33.694+0000] {logging_mixin.py:190} INFO - [2026-06-09T13:14:33.694+0000] {dagbag.py:588} INFO - Filling up the DagBag from /opt/airflow/dags/cases/01-1c-excel-pipeline/data/samples/Реализации_2025-06-07.xlsx
[2026-06-09T13:14:33.696+0000] {processor.py:927} WARNING - No viable dags retrieved from /opt/airflow/dags/cases/01-1c-excel-pipeline/data/samples/Реализации_2025-06-07.xlsx
[2026-06-09T13:14:33.713+0000] {processor.py:208} INFO - Processing /opt/airflow/dags/cases/01-1c-excel-pipeline/data/samples/Реализации_2025-06-07.xlsx took 0.030 seconds
[2026-06-09T13:15:04.325+0000] {processor.py:186} INFO - Started process (PID=235) to work on /opt/airflow/dags/cases/01-1c-excel-pipeline/data/samples/Реализации_2025-06-07.xlsx
[2026-06-09T13:15:04.328+0000] {processor.py:914} INFO - Processing file /opt/airflow/dags/cases/01-1c-excel-pipeline/data/samples/Реализации_2025-06-07.xlsx for tasks to queue
[2026-06-09T13:15:04.335+0000] {logging_mixin.py:190} INFO - [2026-06-09T13:15:04.335+0000] {dagbag.py:588} INFO - Filling up the DagBag from /opt/airflow/dags/cases/01-1c-excel-pipeline/data/samples/Реализации_2025-06-07.xlsx
[2026-06-09T13:15:04.339+0000] {processor.py:927} WARNING - No viable dags retrieved from /opt/airflow/dags/cases/01-1c-excel-pipeline/data/samples/Реализации_2025-06-07.xlsx
[2026-06-09T13:15:04.354+0000] {processor.py:208} INFO - Processing /opt/airflow/dags/cases/01-1c-excel-pipeline/data/samples/Реализации_2025-06-07.xlsx took 0.038 seconds
[2026-06-09T13:15:34.913+0000] {processor.py:186} INFO - Started process (PID=239) to work on /opt/airflow/dags/cases/01-1c-excel-pipeline/data/samples/Реализации_2025-06-07.xlsx
[2026-06-09T13:15:34.914+0000] {processor.py:914} INFO - Processing file /opt/airflow/dags/cases/01-1c-excel-pipeline/data/samples/Реализации_2025-06-07.xlsx for tasks to queue
[2026-06-09T13:15:34.918+0000] {logging_mixin.py:190} INFO - [2026-06-09T13:15:34.918+0000] {dagbag.py:588} INFO - Filling up the DagBag from /opt/airflow/dags/cases/01-1c-excel-pipeline/data/samples/Реализации_2025-06-07.xlsx
[2026-06-09T13:15:34.920+0000] {processor.py:927} WARNING - No viable dags retrieved from /opt/airflow/dags/cases/01-1c-excel-pipeline/data/samples/Реализации_2025-06-07.xlsx
[2026-06-09T13:15:34.936+0000] {processor.py:208} INFO - Processing /opt/airflow/dags/cases/01-1c-excel-pipeline/data/samples/Реализации_2025-06-07.xlsx took 0.030 seconds
[2026-06-09T13:16:05.471+0000] {processor.py:186} INFO - Started process (PID=243) to work on /opt/airflow/dags/cases/01-1c-excel-pipeline/data/samples/Реализации_2025-06-07.xlsx
[2026-06-09T13:16:05.472+0000] {processor.py:914} INFO - Processing file /opt/airflow/dags/cases/01-1c-excel-pipeline/data/samples/Реализации_2025-06-07.xlsx for tasks to queue
[2026-06-09T13:16:05.475+0000] {logging_mixin.py:190} INFO - [2026-06-09T13:16:05.475+0000] {dagbag.py:588} INFO - Filling up the DagBag from /opt/airflow/dags/cases/01-1c-excel-pipeline/data/samples/Реализации_2025-06-07.xlsx
[2026-06-09T13:16:05.476+0000] {processor.py:927} WARNING - No viable dags retrieved from /opt/airflow/dags/cases/01-1c-excel-pipeline/data/samples/Реализации_2025-06-07.xlsx
[2026-06-09T13:16:05.486+0000] {processor.py:208} INFO - Processing /opt/airflow/dags/cases/01-1c-excel-pipeline/data/samples/Реализации_2025-06-07.xlsx took 0.020 seconds
[2026-06-09T13:16:36.004+0000] {processor.py:186} INFO - Started process (PID=247) to work on /opt/airflow/dags/cases/01-1c-excel-pipeline/data/samples/Реализации_2025-06-07.xlsx
[2026-06-09T13:16:36.005+0000] {processor.py:914} INFO - Processing file /opt/airflow/dags/cases/01-1c-excel-pipeline/data/samples/Реализации_2025-06-07.xlsx for tasks to queue
[2026-06-09T13:16:36.006+0000] {logging_mixin.py:190} INFO - [2026-06-09T13:16:36.006+0000] {dagbag.py:588} INFO - Filling up the DagBag from /opt/airflow/dags/cases/01-1c-excel-pipeline/data/samples/Реализации_2025-06-07.xlsx
[2026-06-09T13:16:36.008+0000] {processor.py:927} WARNING - No viable dags retrieved from /opt/airflow/dags/cases/01-1c-excel-pipeline/data/samples/Реализации_2025-06-07.xlsx
[2026-06-09T13:16:36.014+0000] {processor.py:208} INFO - Processing /opt/airflow/dags/cases/01-1c-excel-pipeline/data/samples/Реализации_2025-06-07.xlsx took 0.013 seconds
[2026-06-09T13:17:06.501+0000] {processor.py:186} INFO - Started process (PID=251) to work on /opt/airflow/dags/cases/01-1c-excel-pipeline/data/samples/Реализации_2025-06-07.xlsx
[2026-06-09T13:17:06.502+0000] {processor.py:914} INFO - Processing file /opt/airflow/dags/cases/01-1c-excel-pipeline/data/samples/Реализации_2025-06-07.xlsx for tasks to queue
[2026-06-09T13:17:06.505+0000] {logging_mixin.py:190} INFO - [2026-06-09T13:17:06.505+0000] {dagbag.py:588} INFO - Filling up the DagBag from /opt/airflow/dags/cases/01-1c-excel-pipeline/data/samples/Реализации_2025-06-07.xlsx
[2026-06-09T13:17:06.507+0000] {processor.py:927} WARNING - No viable dags retrieved from /opt/airflow/dags/cases/01-1c-excel-pipeline/data/samples/Реализации_2025-06-07.xlsx
[2026-06-09T13:17:06.519+0000] {processor.py:208} INFO - Processing /opt/airflow/dags/cases/01-1c-excel-pipeline/data/samples/Реализации_2025-06-07.xlsx took 0.024 seconds
[2026-06-09T13:17:36.947+0000] {processor.py:186} INFO - Started process (PID=255) to work on /opt/airflow/dags/cases/01-1c-excel-pipeline/data/samples/Реализации_2025-06-07.xlsx
[2026-06-09T13:17:36.948+0000] {processor.py:914} INFO - Processing file /opt/airflow/dags/cases/01-1c-excel-pipeline/data/samples/Реализации_2025-06-07.xlsx for tasks to queue
[2026-06-09T13:17:36.950+0000] {logging_mixin.py:190} INFO - [2026-06-09T13:17:36.950+0000] {dagbag.py:588} INFO - Filling up the DagBag from /opt/airflow/dags/cases/01-1c-excel-pipeline/data/samples/Реализации_2025-06-07.xlsx
[2026-06-09T13:17:36.952+0000] {processor.py:927} WARNING - No viable dags retrieved from /opt/airflow/dags/cases/01-1c-excel-pipeline/data/samples/Реализации_2025-06-07.xlsx
[2026-06-09T13:17:36.964+0000] {processor.py:208} INFO - Processing /opt/airflow/dags/cases/01-1c-excel-pipeline/data/samples/Реализации_2025-06-07.xlsx took 0.022 seconds
[2026-06-09T13:18:07.473+0000] {processor.py:186} INFO - Started process (PID=259) to work on /opt/airflow/dags/cases/01-1c-excel-pipeline/data/samples/Реализации_2025-06-07.xlsx
[2026-06-09T13:18:07.474+0000] {processor.py:914} INFO - Processing file /opt/airflow/dags/cases/01-1c-excel-pipeline/data/samples/Реализации_2025-06-07.xlsx for tasks to queue
[2026-06-09T13:18:07.477+0000] {logging_mixin.py:190} INFO - [2026-06-09T13:18:07.477+0000] {dagbag.py:588} INFO - Filling up the DagBag from /opt/airflow/dags/cases/01-1c-excel-pipeline/data/samples/Реализации_2025-06-07.xlsx
[2026-06-09T13:18:07.479+0000] {processor.py:927} WARNING - No viable dags retrieved from /opt/airflow/dags/cases/01-1c-excel-pipeline/data/samples/Реализации_2025-06-07.xlsx
[2026-06-09T13:18:07.492+0000] {processor.py:208} INFO - Processing /opt/airflow/dags/cases/01-1c-excel-pipeline/data/samples/Реализации_2025-06-07.xlsx took 0.027 seconds
[2026-06-09T13:18:38.033+0000] {processor.py:186} INFO - Started process (PID=263) to work on /opt/airflow/dags/cases/01-1c-excel-pipeline/data/samples/Реализации_2025-06-07.xlsx
[2026-06-09T13:18:38.034+0000] {processor.py:914} INFO - Processing file /opt/airflow/dags/cases/01-1c-excel-pipeline/data/samples/Реализации_2025-06-07.xlsx for tasks to queue
[2026-06-09T13:18:38.038+0000] {logging_mixin.py:190} INFO - [2026-06-09T13:18:38.038+0000] {dagbag.py:588} INFO - Filling up the DagBag from /opt/airflow/dags/cases/01-1c-excel-pipeline/data/samples/Реализации_2025-06-07.xlsx
[2026-06-09T13:18:38.041+0000] {processor.py:927} WARNING - No viable dags retrieved from /opt/airflow/dags/cases/01-1c-excel-pipeline/data/samples/Реализации_2025-06-07.xlsx
[2026-06-09T13:18:38.055+0000] {processor.py:208} INFO - Processing /opt/airflow/dags/cases/01-1c-excel-pipeline/data/samples/Реализации_2025-06-07.xlsx took 0.029 seconds
[2026-06-09T13:19:08.650+0000] {processor.py:186} INFO - Started process (PID=267) to work on /opt/airflow/dags/cases/01-1c-excel-pipeline/data/samples/Реализации_2025-06-07.xlsx
[2026-06-09T13:19:08.651+0000] {processor.py:914} INFO - Processing file /opt/airflow/dags/cases/01-1c-excel-pipeline/data/samples/Реализации_2025-06-07.xlsx for tasks to queue
[2026-06-09T13:19:08.655+0000] {logging_mixin.py:190} INFO - [2026-06-09T13:19:08.654+0000] {dagbag.py:588} INFO - Filling up the DagBag from /opt/airflow/dags/cases/01-1c-excel-pipeline/data/samples/Реализации_2025-06-07.xlsx
[2026-06-09T13:19:08.657+0000] {processor.py:927} WARNING - No viable dags retrieved from /opt/airflow/dags/cases/01-1c-excel-pipeline/data/samples/Реализации_2025-06-07.xlsx
[2026-06-09T13:19:08.670+0000] {processor.py:208} INFO - Processing /opt/airflow/dags/cases/01-1c-excel-pipeline/data/samples/Реализации_2025-06-07.xlsx took 0.027 seconds
[2026-06-09T13:19:39.225+0000] {processor.py:186} INFO - Started process (PID=271) to work on /opt/airflow/dags/cases/01-1c-excel-pipeline/data/samples/Реализации_2025-06-07.xlsx
[2026-06-09T13:19:39.226+0000] {processor.py:914} INFO - Processing file /opt/airflow/dags/cases/01-1c-excel-pipeline/data/samples/Реализации_2025-06-07.xlsx for tasks to queue
[2026-06-09T13:19:39.230+0000] {logging_mixin.py:190} INFO - [2026-06-09T13:19:39.229+0000] {dagbag.py:588} INFO - Filling up the DagBag from /opt/airflow/dags/cases/01-1c-excel-pipeline/data/samples/Реализации_2025-06-07.xlsx
[2026-06-09T13:19:39.232+0000] {processor.py:927} WARNING - No viable dags retrieved from /opt/airflow/dags/cases/01-1c-excel-pipeline/data/samples/Реализации_2025-06-07.xlsx
[2026-06-09T13:19:39.248+0000] {processor.py:208} INFO - Processing /opt/airflow/dags/cases/01-1c-excel-pipeline/data/samples/Реализации_2025-06-07.xlsx took 0.031 seconds
[2026-06-09T13:20:09.698+0000] {processor.py:186} INFO - Started process (PID=275) to work on /opt/airflow/dags/cases/01-1c-excel-pipeline/data/samples/Реализации_2025-06-07.xlsx
[2026-06-09T13:20:09.700+0000] {processor.py:914} INFO - Processing file /opt/airflow/dags/cases/01-1c-excel-pipeline/data/samples/Реализации_2025-06-07.xlsx for tasks to queue
[2026-06-09T13:20:09.703+0000] {logging_mixin.py:190} INFO - [2026-06-09T13:20:09.703+0000] {dagbag.py:588} INFO - Filling up the DagBag from /opt/airflow/dags/cases/01-1c-excel-pipeline/data/samples/Реализации_2025-06-07.xlsx
[2026-06-09T13:20:09.706+0000] {processor.py:927} WARNING - No viable dags retrieved from /opt/airflow/dags/cases/01-1c-excel-pipeline/data/samples/Реализации_2025-06-07.xlsx
[2026-06-09T13:20:09.722+0000] {processor.py:208} INFO - Processing /opt/airflow/dags/cases/01-1c-excel-pipeline/data/samples/Реализации_2025-06-07.xlsx took 0.032 seconds
[2026-06-09T13:20:40.328+0000] {processor.py:186} INFO - Started process (PID=279) to work on /opt/airflow/dags/cases/01-1c-excel-pipeline/data/samples/Реализации_2025-06-07.xlsx
[2026-06-09T13:20:40.329+0000] {processor.py:914} INFO - Processing file /opt/airflow/dags/cases/01-1c-excel-pipeline/data/samples/Реализации_2025-06-07.xlsx for tasks to queue
[2026-06-09T13:20:40.333+0000] {logging_mixin.py:190} INFO - [2026-06-09T13:20:40.332+0000] {dagbag.py:588} INFO - Filling up the DagBag from /opt/airflow/dags/cases/01-1c-excel-pipeline/data/samples/Реализации_2025-06-07.xlsx
[2026-06-09T13:20:40.335+0000] {processor.py:927} WARNING - No viable dags retrieved from /opt/airflow/dags/cases/01-1c-excel-pipeline/data/samples/Реализации_2025-06-07.xlsx
[2026-06-09T13:20:40.350+0000] {processor.py:208} INFO - Processing /opt/airflow/dags/cases/01-1c-excel-pipeline/data/samples/Реализации_2025-06-07.xlsx took 0.030 seconds
[2026-06-09T13:21:10.866+0000] {processor.py:186} INFO - Started process (PID=283) to work on /opt/airflow/dags/cases/01-1c-excel-pipeline/data/samples/Реализации_2025-06-07.xlsx
[2026-06-09T13:21:10.866+0000] {processor.py:914} INFO - Processing file /opt/airflow/dags/cases/01-1c-excel-pipeline/data/samples/Реализации_2025-06-07.xlsx for tasks to queue
[2026-06-09T13:21:10.872+0000] {logging_mixin.py:190} INFO - [2026-06-09T13:21:10.871+0000] {dagbag.py:588} INFO - Filling up the DagBag from /opt/airflow/dags/cases/01-1c-excel-pipeline/data/samples/Реализации_2025-06-07.xlsx
[2026-06-09T13:21:10.881+0000] {processor.py:927} WARNING - No viable dags retrieved from /opt/airflow/dags/cases/01-1c-excel-pipeline/data/samples/Реализации_2025-06-07.xlsx
[2026-06-09T13:21:10.919+0000] {processor.py:208} INFO - Processing /opt/airflow/dags/cases/01-1c-excel-pipeline/data/samples/Реализации_2025-06-07.xlsx took 0.058 seconds
[2026-06-09T13:21:41.398+0000] {processor.py:186} INFO - Started process (PID=287) to work on /opt/airflow/dags/cases/01-1c-excel-pipeline/data/samples/Реализации_2025-06-07.xlsx
[2026-06-09T13:21:41.399+0000] {processor.py:914} INFO - Processing file /opt/airflow/dags/cases/01-1c-excel-pipeline/data/samples/Реализации_2025-06-07.xlsx for tasks to queue
[2026-06-09T13:21:41.401+0000] {logging_mixin.py:190} INFO - [2026-06-09T13:21:41.401+0000] {dagbag.py:588} INFO - Filling up the DagBag from /opt/airflow/dags/cases/01-1c-excel-pipeline/data/samples/Реализации_2025-06-07.xlsx
[2026-06-09T13:21:41.403+0000] {processor.py:927} WARNING - No viable dags retrieved from /opt/airflow/dags/cases/01-1c-excel-pipeline/data/samples/Реализации_2025-06-07.xlsx
[2026-06-09T13:21:41.413+0000] {processor.py:208} INFO - Processing /opt/airflow/dags/cases/01-1c-excel-pipeline/data/samples/Реализации_2025-06-07.xlsx took 0.021 seconds
[2026-06-09T13:22:11.933+0000] {processor.py:186} INFO - Started process (PID=291) to work on /opt/airflow/dags/cases/01-1c-excel-pipeline/data/samples/Реализации_2025-06-07.xlsx
[2026-06-09T13:22:11.934+0000] {processor.py:914} INFO - Processing file /opt/airflow/dags/cases/01-1c-excel-pipeline/data/samples/Реализации_2025-06-07.xlsx for tasks to queue
[2026-06-09T13:22:11.938+0000] {logging_mixin.py:190} INFO - [2026-06-09T13:22:11.937+0000] {dagbag.py:588} INFO - Filling up the DagBag from /opt/airflow/dags/cases/01-1c-excel-pipeline/data/samples/Реализации_2025-06-07.xlsx
[2026-06-09T13:22:11.940+0000] {processor.py:927} WARNING - No viable dags retrieved from /opt/airflow/dags/cases/01-1c-excel-pipeline/data/samples/Реализации_2025-06-07.xlsx
[2026-06-09T13:22:11.954+0000] {processor.py:208} INFO - Processing /opt/airflow/dags/cases/01-1c-excel-pipeline/data/samples/Реализации_2025-06-07.xlsx took 0.028 seconds
[2026-06-09T13:22:42.441+0000] {processor.py:186} INFO - Started process (PID=295) to work on /opt/airflow/dags/cases/01-1c-excel-pipeline/data/samples/Реализации_2025-06-07.xlsx
[2026-06-09T13:22:42.442+0000] {processor.py:914} INFO - Processing file /opt/airflow/dags/cases/01-1c-excel-pipeline/data/samples/Реализации_2025-06-07.xlsx for tasks to queue
[2026-06-09T13:22:42.446+0000] {logging_mixin.py:190} INFO - [2026-06-09T13:22:42.445+0000] {dagbag.py:588} INFO - Filling up the DagBag from /opt/airflow/dags/cases/01-1c-excel-pipeline/data/samples/Реализации_2025-06-07.xlsx
[2026-06-09T13:22:42.448+0000] {processor.py:927} WARNING - No viable dags retrieved from /opt/airflow/dags/cases/01-1c-excel-pipeline/data/samples/Реализации_2025-06-07.xlsx
[2026-06-09T13:22:42.464+0000] {processor.py:208} INFO - Processing /opt/airflow/dags/cases/01-1c-excel-pipeline/data/samples/Реализации_2025-06-07.xlsx took 0.031 seconds
[2026-06-09T13:23:12.970+0000] {processor.py:186} INFO - Started process (PID=299) to work on /opt/airflow/dags/cases/01-1c-excel-pipeline/data/samples/Реализации_2025-06-07.xlsx
[2026-06-09T13:23:12.971+0000] {processor.py:914} INFO - Processing file /opt/airflow/dags/cases/01-1c-excel-pipeline/data/samples/Реализации_2025-06-07.xlsx for tasks to queue
[2026-06-09T13:23:12.975+0000] {logging_mixin.py:190} INFO - [2026-06-09T13:23:12.975+0000] {dagbag.py:588} INFO - Filling up the DagBag from /opt/airflow/dags/cases/01-1c-excel-pipeline/data/samples/Реализации_2025-06-07.xlsx
[2026-06-09T13:23:12.977+0000] {processor.py:927} WARNING - No viable dags retrieved from /opt/airflow/dags/cases/01-1c-excel-pipeline/data/samples/Реализации_2025-06-07.xlsx
[2026-06-09T13:23:12.995+0000] {processor.py:208} INFO - Processing /opt/airflow/dags/cases/01-1c-excel-pipeline/data/samples/Реализации_2025-06-07.xlsx took 0.032 seconds
[2026-06-09T13:23:43.497+0000] {processor.py:186} INFO - Started process (PID=303) to work on /opt/airflow/dags/cases/01-1c-excel-pipeline/data/samples/Реализации_2025-06-07.xlsx
[2026-06-09T13:23:43.500+0000] {processor.py:914} INFO - Processing file /opt/airflow/dags/cases/01-1c-excel-pipeline/data/samples/Реализации_2025-06-07.xlsx for tasks to queue
[2026-06-09T13:23:43.504+0000] {logging_mixin.py:190} INFO - [2026-06-09T13:23:43.503+0000] {dagbag.py:588} INFO - Filling up the DagBag from /opt/airflow/dags/cases/01-1c-excel-pipeline/data/samples/Реализации_2025-06-07.xlsx
[2026-06-09T13:23:43.506+0000] {processor.py:927} WARNING - No viable dags retrieved from /opt/airflow/dags/cases/01-1c-excel-pipeline/data/samples/Реализации_2025-06-07.xlsx
[2026-06-09T13:23:43.517+0000] {processor.py:208} INFO - Processing /opt/airflow/dags/cases/01-1c-excel-pipeline/data/samples/Реализации_2025-06-07.xlsx took 0.027 seconds
[2026-06-09T13:24:13.950+0000] {processor.py:186} INFO - Started process (PID=307) to work on /opt/airflow/dags/cases/01-1c-excel-pipeline/data/samples/Реализации_2025-06-07.xlsx
[2026-06-09T13:24:13.950+0000] {processor.py:914} INFO - Processing file /opt/airflow/dags/cases/01-1c-excel-pipeline/data/samples/Реализации_2025-06-07.xlsx for tasks to queue
[2026-06-09T13:24:13.953+0000] {logging_mixin.py:190} INFO - [2026-06-09T13:24:13.953+0000] {dagbag.py:588} INFO - Filling up the DagBag from /opt/airflow/dags/cases/01-1c-excel-pipeline/data/samples/Реализации_2025-06-07.xlsx
[2026-06-09T13:24:13.954+0000] {processor.py:927} WARNING - No viable dags retrieved from /opt/airflow/dags/cases/01-1c-excel-pipeline/data/samples/Реализации_2025-06-07.xlsx
[2026-06-09T13:24:13.968+0000] {processor.py:208} INFO - Processing /opt/airflow/dags/cases/01-1c-excel-pipeline/data/samples/Реализации_2025-06-07.xlsx took 0.023 seconds
[2026-06-09T13:24:44.450+0000] {processor.py:186} INFO - Started process (PID=311) to work on /opt/airflow/dags/cases/01-1c-excel-pipeline/data/samples/Реализации_2025-06-07.xlsx
[2026-06-09T13:24:44.452+0000] {processor.py:914} INFO - Processing file /opt/airflow/dags/cases/01-1c-excel-pipeline/data/samples/Реализации_2025-06-07.xlsx for tasks to queue
[2026-06-09T13:24:44.455+0000] {logging_mixin.py:190} INFO - [2026-06-09T13:24:44.455+0000] {dagbag.py:588} INFO - Filling up the DagBag from /opt/airflow/dags/cases/01-1c-excel-pipeline/data/samples/Реализации_2025-06-07.xlsx
[2026-06-09T13:24:44.459+0000] {processor.py:927} WARNING - No viable dags retrieved from /opt/airflow/dags/cases/01-1c-excel-pipeline/data/samples/Реализации_2025-06-07.xlsx
[2026-06-09T13:24:44.473+0000] {processor.py:208} INFO - Processing /opt/airflow/dags/cases/01-1c-excel-pipeline/data/samples/Реализации_2025-06-07.xlsx took 0.033 seconds
[2026-06-09T13:25:14.965+0000] {processor.py:186} INFO - Started process (PID=315) to work on /opt/airflow/dags/cases/01-1c-excel-pipeline/data/samples/Реализации_2025-06-07.xlsx
[2026-06-09T13:25:14.966+0000] {processor.py:914} INFO - Processing file /opt/airflow/dags/cases/01-1c-excel-pipeline/data/samples/Реализации_2025-06-07.xlsx for tasks to queue
[2026-06-09T13:25:14.969+0000] {logging_mixin.py:190} INFO - [2026-06-09T13:25:14.969+0000] {dagbag.py:588} INFO - Filling up the DagBag from /opt/airflow/dags/cases/01-1c-excel-pipeline/data/samples/Реализации_2025-06-07.xlsx
[2026-06-09T13:25:14.971+0000] {processor.py:927} WARNING - No viable dags retrieved from /opt/airflow/dags/cases/01-1c-excel-pipeline/data/samples/Реализации_2025-06-07.xlsx
[2026-06-09T13:25:14.982+0000] {processor.py:208} INFO - Processing /opt/airflow/dags/cases/01-1c-excel-pipeline/data/samples/Реализации_2025-06-07.xlsx took 0.023 seconds
[2026-06-09T13:25:45.477+0000] {processor.py:186} INFO - Started process (PID=319) to work on /opt/airflow/dags/cases/01-1c-excel-pipeline/data/samples/Реализации_2025-06-07.xlsx
[2026-06-09T13:25:45.479+0000] {processor.py:914} INFO - Processing file /opt/airflow/dags/cases/01-1c-excel-pipeline/data/samples/Реализации_2025-06-07.xlsx for tasks to queue
[2026-06-09T13:25:45.482+0000] {logging_mixin.py:190} INFO - [2026-06-09T13:25:45.481+0000] {dagbag.py:588} INFO - Filling up the DagBag from /opt/airflow/dags/cases/01-1c-excel-pipeline/data/samples/Реализации_2025-06-07.xlsx
[2026-06-09T13:25:45.485+0000] {processor.py:927} WARNING - No viable dags retrieved from /opt/airflow/dags/cases/01-1c-excel-pipeline/data/samples/Реализации_2025-06-07.xlsx
[2026-06-09T13:25:45.499+0000] {processor.py:208} INFO - Processing /opt/airflow/dags/cases/01-1c-excel-pipeline/data/samples/Реализации_2025-06-07.xlsx took 0.032 seconds
[2026-06-09T13:26:15.969+0000] {processor.py:186} INFO - Started process (PID=323) to work on /opt/airflow/dags/cases/01-1c-excel-pipeline/data/samples/Реализации_2025-06-07.xlsx
[2026-06-09T13:26:15.970+0000] {processor.py:914} INFO - Processing file /opt/airflow/dags/cases/01-1c-excel-pipeline/data/samples/Реализации_2025-06-07.xlsx for tasks to queue
[2026-06-09T13:26:15.972+0000] {logging_mixin.py:190} INFO - [2026-06-09T13:26:15.972+0000] {dagbag.py:588} INFO - Filling up the DagBag from /opt/airflow/dags/cases/01-1c-excel-pipeline/data/samples/Реализации_2025-06-07.xlsx
[2026-06-09T13:26:15.974+0000] {processor.py:927} WARNING - No viable dags retrieved from /opt/airflow/dags/cases/01-1c-excel-pipeline/data/samples/Реализации_2025-06-07.xlsx
[2026-06-09T13:26:15.988+0000] {processor.py:208} INFO - Processing /opt/airflow/dags/cases/01-1c-excel-pipeline/data/samples/Реализации_2025-06-07.xlsx took 0.026 seconds
[2026-06-09T13:26:46.507+0000] {processor.py:186} INFO - Started process (PID=327) to work on /opt/airflow/dags/cases/01-1c-excel-pipeline/data/samples/Реализации_2025-06-07.xlsx
[2026-06-09T13:26:46.509+0000] {processor.py:914} INFO - Processing file /opt/airflow/dags/cases/01-1c-excel-pipeline/data/samples/Реализации_2025-06-07.xlsx for tasks to queue
[2026-06-09T13:26:46.512+0000] {logging_mixin.py:190} INFO - [2026-06-09T13:26:46.512+0000] {dagbag.py:588} INFO - Filling up the DagBag from /opt/airflow/dags/cases/01-1c-excel-pipeline/data/samples/Реализации_2025-06-07.xlsx
[2026-06-09T13:26:46.515+0000] {processor.py:927} WARNING - No viable dags retrieved from /opt/airflow/dags/cases/01-1c-excel-pipeline/data/samples/Реализации_2025-06-07.xlsx
[2026-06-09T13:26:46.530+0000] {processor.py:208} INFO - Processing /opt/airflow/dags/cases/01-1c-excel-pipeline/data/samples/Реализации_2025-06-07.xlsx took 0.029 seconds
[2026-06-09T13:27:16.966+0000] {processor.py:186} INFO - Started process (PID=331) to work on /opt/airflow/dags/cases/01-1c-excel-pipeline/data/samples/Реализации_2025-06-07.xlsx
[2026-06-09T13:27:16.967+0000] {processor.py:914} INFO - Processing file /opt/airflow/dags/cases/01-1c-excel-pipeline/data/samples/Реализации_2025-06-07.xlsx for tasks to queue
[2026-06-09T13:27:16.971+0000] {logging_mixin.py:190} INFO - [2026-06-09T13:27:16.970+0000] {dagbag.py:588} INFO - Filling up the DagBag from /opt/airflow/dags/cases/01-1c-excel-pipeline/data/samples/Реализации_2025-06-07.xlsx
[2026-06-09T13:27:16.973+0000] {processor.py:927} WARNING - No viable dags retrieved from /opt/airflow/dags/cases/01-1c-excel-pipeline/data/samples/Реализации_2025-06-07.xlsx
[2026-06-09T13:27:16.992+0000] {processor.py:208} INFO - Processing /opt/airflow/dags/cases/01-1c-excel-pipeline/data/samples/Реализации_2025-06-07.xlsx took 0.032 seconds
[2026-06-09T13:27:47.459+0000] {processor.py:186} INFO - Started process (PID=335) to work on /opt/airflow/dags/cases/01-1c-excel-pipeline/data/samples/Реализации_2025-06-07.xlsx
[2026-06-09T13:27:47.460+0000] {processor.py:914} INFO - Processing file /opt/airflow/dags/cases/01-1c-excel-pipeline/data/samples/Реализации_2025-06-07.xlsx for tasks to queue
[2026-06-09T13:27:47.464+0000] {logging_mixin.py:190} INFO - [2026-06-09T13:27:47.463+0000] {dagbag.py:588} INFO - Filling up the DagBag from /opt/airflow/dags/cases/01-1c-excel-pipeline/data/samples/Реализации_2025-06-07.xlsx
[2026-06-09T13:27:47.466+0000] {processor.py:927} WARNING - No viable dags retrieved from /opt/airflow/dags/cases/01-1c-excel-pipeline/data/samples/Реализации_2025-06-07.xlsx
[2026-06-09T13:27:47.484+0000] {processor.py:208} INFO - Processing /opt/airflow/dags/cases/01-1c-excel-pipeline/data/samples/Реализации_2025-06-07.xlsx took 0.032 seconds
[2026-06-09T13:28:18.028+0000] {processor.py:186} INFO - Started process (PID=339) to work on /opt/airflow/dags/cases/01-1c-excel-pipeline/data/samples/Реализации_2025-06-07.xlsx
[2026-06-09T13:28:18.030+0000] {processor.py:914} INFO - Processing file /opt/airflow/dags/cases/01-1c-excel-pipeline/data/samples/Реализации_2025-06-07.xlsx for tasks to queue
[2026-06-09T13:28:18.036+0000] {logging_mixin.py:190} INFO - [2026-06-09T13:28:18.035+0000] {dagbag.py:588} INFO - Filling up the DagBag from /opt/airflow/dags/cases/01-1c-excel-pipeline/data/samples/Реализации_2025-06-07.xlsx
[2026-06-09T13:28:18.038+0000] {processor.py:927} WARNING - No viable dags retrieved from /opt/airflow/dags/cases/01-1c-excel-pipeline/data/samples/Реализации_2025-06-07.xlsx
[2026-06-09T13:28:18.055+0000] {processor.py:208} INFO - Processing /opt/airflow/dags/cases/01-1c-excel-pipeline/data/samples/Реализации_2025-06-07.xlsx took 0.036 seconds
[2026-06-09T13:28:48.539+0000] {processor.py:186} INFO - Started process (PID=343) to work on /opt/airflow/dags/cases/01-1c-excel-pipeline/data/samples/Реализации_2025-06-07.xlsx
[2026-06-09T13:28:48.540+0000] {processor.py:914} INFO - Processing file /opt/airflow/dags/cases/01-1c-excel-pipeline/data/samples/Реализации_2025-06-07.xlsx for tasks to queue
[2026-06-09T13:28:48.543+0000] {logging_mixin.py:190} INFO - [2026-06-09T13:28:48.542+0000] {dagbag.py:588} INFO - Filling up the DagBag from /opt/airflow/dags/cases/01-1c-excel-pipeline/data/samples/Реализации_2025-06-07.xlsx
[2026-06-09T13:28:48.547+0000] {processor.py:927} WARNING - No viable dags retrieved from /opt/airflow/dags/cases/01-1c-excel-pipeline/data/samples/Реализации_2025-06-07.xlsx
[2026-06-09T13:28:48.556+0000] {processor.py:208} INFO - Processing /opt/airflow/dags/cases/01-1c-excel-pipeline/data/samples/Реализации_2025-06-07.xlsx took 0.024 seconds
[2026-06-09T13:29:19.058+0000] {processor.py:186} INFO - Started process (PID=347) to work on /opt/airflow/dags/cases/01-1c-excel-pipeline/data/samples/Реализации_2025-06-07.xlsx
[2026-06-09T13:29:19.060+0000] {processor.py:914} INFO - Processing file /opt/airflow/dags/cases/01-1c-excel-pipeline/data/samples/Реализации_2025-06-07.xlsx for tasks to queue
[2026-06-09T13:29:19.064+0000] {logging_mixin.py:190} INFO - [2026-06-09T13:29:19.064+0000] {dagbag.py:588} INFO - Filling up the DagBag from /opt/airflow/dags/cases/01-1c-excel-pipeline/data/samples/Реализации_2025-06-07.xlsx
[2026-06-09T13:29:19.066+0000] {processor.py:927} WARNING - No viable dags retrieved from /opt/airflow/dags/cases/01-1c-excel-pipeline/data/samples/Реализации_2025-06-07.xlsx
[2026-06-09T13:29:19.084+0000] {processor.py:208} INFO - Processing /opt/airflow/dags/cases/01-1c-excel-pipeline/data/samples/Реализации_2025-06-07.xlsx took 0.034 seconds
[2026-06-09T13:29:49.609+0000] {processor.py:186} INFO - Started process (PID=351) to work on /opt/airflow/dags/cases/01-1c-excel-pipeline/data/samples/Реализации_2025-06-07.xlsx
[2026-06-09T13:29:49.611+0000] {processor.py:914} INFO - Processing file /opt/airflow/dags/cases/01-1c-excel-pipeline/data/samples/Реализации_2025-06-07.xlsx for tasks to queue
[2026-06-09T13:29:49.616+0000] {logging_mixin.py:190} INFO - [2026-06-09T13:29:49.616+0000] {dagbag.py:588} INFO - Filling up the DagBag from /opt/airflow/dags/cases/01-1c-excel-pipeline/data/samples/Реализации_2025-06-07.xlsx
[2026-06-09T13:29:49.619+0000] {processor.py:927} WARNING - No viable dags retrieved from /opt/airflow/dags/cases/01-1c-excel-pipeline/data/samples/Реализации_2025-06-07.xlsx
[2026-06-09T13:29:49.639+0000] {processor.py:208} INFO - Processing /opt/airflow/dags/cases/01-1c-excel-pipeline/data/samples/Реализации_2025-06-07.xlsx took 0.038 seconds
[2026-06-09T13:30:20.172+0000] {processor.py:186} INFO - Started process (PID=355) to work on /opt/airflow/dags/cases/01-1c-excel-pipeline/data/samples/Реализации_2025-06-07.xlsx
[2026-06-09T13:30:20.173+0000] {processor.py:914} INFO - Processing file /opt/airflow/dags/cases/01-1c-excel-pipeline/data/samples/Реализации_2025-06-07.xlsx for tasks to queue
[2026-06-09T13:30:20.176+0000] {logging_mixin.py:190} INFO - [2026-06-09T13:30:20.176+0000] {dagbag.py:588} INFO - Filling up the DagBag from /opt/airflow/dags/cases/01-1c-excel-pipeline/data/samples/Реализации_2025-06-07.xlsx
[2026-06-09T13:30:20.178+0000] {processor.py:927} WARNING - No viable dags retrieved from /opt/airflow/dags/cases/01-1c-excel-pipeline/data/samples/Реализации_2025-06-07.xlsx
[2026-06-09T13:30:20.192+0000] {processor.py:208} INFO - Processing /opt/airflow/dags/cases/01-1c-excel-pipeline/data/samples/Реализации_2025-06-07.xlsx took 0.027 seconds
[2026-06-09T13:30:50.648+0000] {processor.py:186} INFO - Started process (PID=359) to work on /opt/airflow/dags/cases/01-1c-excel-pipeline/data/samples/Реализации_2025-06-07.xlsx
[2026-06-09T13:30:50.649+0000] {processor.py:914} INFO - Processing file /opt/airflow/dags/cases/01-1c-excel-pipeline/data/samples/Реализации_2025-06-07.xlsx for tasks to queue
[2026-06-09T13:30:50.652+0000] {logging_mixin.py:190} INFO - [2026-06-09T13:30:50.651+0000] {dagbag.py:588} INFO - Filling up the DagBag from /opt/airflow/dags/cases/01-1c-excel-pipeline/data/samples/Реализации_2025-06-07.xlsx
[2026-06-09T13:30:50.654+0000] {processor.py:927} WARNING - No viable dags retrieved from /opt/airflow/dags/cases/01-1c-excel-pipeline/data/samples/Реализации_2025-06-07.xlsx
[2026-06-09T13:30:50.668+0000] {processor.py:208} INFO - Processing /opt/airflow/dags/cases/01-1c-excel-pipeline/data/samples/Реализации_2025-06-07.xlsx took 0.027 seconds
[2026-06-09T13:31:21.110+0000] {processor.py:186} INFO - Started process (PID=363) to work on /opt/airflow/dags/cases/01-1c-excel-pipeline/data/samples/Реализации_2025-06-07.xlsx
[2026-06-09T13:31:21.111+0000] {processor.py:914} INFO - Processing file /opt/airflow/dags/cases/01-1c-excel-pipeline/data/samples/Реализации_2025-06-07.xlsx for tasks to queue
[2026-06-09T13:31:21.114+0000] {logging_mixin.py:190} INFO - [2026-06-09T13:31:21.113+0000] {dagbag.py:588} INFO - Filling up the DagBag from /opt/airflow/dags/cases/01-1c-excel-pipeline/data/samples/Реализации_2025-06-07.xlsx
[2026-06-09T13:31:21.116+0000] {processor.py:927} WARNING - No viable dags retrieved from /opt/airflow/dags/cases/01-1c-excel-pipeline/data/samples/Реализации_2025-06-07.xlsx
[2026-06-09T13:31:21.129+0000] {processor.py:208} INFO - Processing /opt/airflow/dags/cases/01-1c-excel-pipeline/data/samples/Реализации_2025-06-07.xlsx took 0.028 seconds
[2026-06-09T13:31:51.584+0000] {processor.py:186} INFO - Started process (PID=367) to work on /opt/airflow/dags/cases/01-1c-excel-pipeline/data/samples/Реализации_2025-06-07.xlsx
[2026-06-09T13:31:51.585+0000] {processor.py:914} INFO - Processing file /opt/airflow/dags/cases/01-1c-excel-pipeline/data/samples/Реализации_2025-06-07.xlsx for tasks to queue
[2026-06-09T13:31:51.587+0000] {logging_mixin.py:190} INFO - [2026-06-09T13:31:51.587+0000] {dagbag.py:588} INFO - Filling up the DagBag from /opt/airflow/dags/cases/01-1c-excel-pipeline/data/samples/Реализации_2025-06-07.xlsx
[2026-06-09T13:31:51.588+0000] {processor.py:927} WARNING - No viable dags retrieved from /opt/airflow/dags/cases/01-1c-excel-pipeline/data/samples/Реализации_2025-06-07.xlsx
[2026-06-09T13:31:51.601+0000] {processor.py:208} INFO - Processing /opt/airflow/dags/cases/01-1c-excel-pipeline/data/samples/Реализации_2025-06-07.xlsx took 0.021 seconds
[2026-06-09T13:32:22.132+0000] {processor.py:186} INFO - Started process (PID=371) to work on /opt/airflow/dags/cases/01-1c-excel-pipeline/data/samples/Реализации_2025-06-07.xlsx
[2026-06-09T13:32:22.134+0000] {processor.py:914} INFO - Processing file /opt/airflow/dags/cases/01-1c-excel-pipeline/data/samples/Реализации_2025-06-07.xlsx for tasks to queue
[2026-06-09T13:32:22.140+0000] {logging_mixin.py:190} INFO - [2026-06-09T13:32:22.139+0000] {dagbag.py:588} INFO - Filling up the DagBag from /opt/airflow/dags/cases/01-1c-excel-pipeline/data/samples/Реализации_2025-06-07.xlsx
[2026-06-09T13:32:22.143+0000] {processor.py:927} WARNING - No viable dags retrieved from /opt/airflow/dags/cases/01-1c-excel-pipeline/data/samples/Реализации_2025-06-07.xlsx
[2026-06-09T13:32:22.161+0000] {processor.py:208} INFO - Processing /opt/airflow/dags/cases/01-1c-excel-pipeline/data/samples/Реализации_2025-06-07.xlsx took 0.041 seconds
[2026-06-09T13:32:52.604+0000] {processor.py:186} INFO - Started process (PID=375) to work on /opt/airflow/dags/cases/01-1c-excel-pipeline/data/samples/Реализации_2025-06-07.xlsx
[2026-06-09T13:32:52.604+0000] {processor.py:914} INFO - Processing file /opt/airflow/dags/cases/01-1c-excel-pipeline/data/samples/Реализации_2025-06-07.xlsx for tasks to queue
[2026-06-09T13:32:52.608+0000] {logging_mixin.py:190} INFO - [2026-06-09T13:32:52.607+0000] {dagbag.py:588} INFO - Filling up the DagBag from /opt/airflow/dags/cases/01-1c-excel-pipeline/data/samples/Реализации_2025-06-07.xlsx
[2026-06-09T13:32:52.610+0000] {processor.py:927} WARNING - No viable dags retrieved from /opt/airflow/dags/cases/01-1c-excel-pipeline/data/samples/Реализации_2025-06-07.xlsx
[2026-06-09T13:32:52.622+0000] {processor.py:208} INFO - Processing /opt/airflow/dags/cases/01-1c-excel-pipeline/data/samples/Реализации_2025-06-07.xlsx took 0.025 seconds
[2026-06-09T13:33:23.084+0000] {processor.py:186} INFO - Started process (PID=379) to work on /opt/airflow/dags/cases/01-1c-excel-pipeline/data/samples/Реализации_2025-06-07.xlsx
[2026-06-09T13:33:23.087+0000] {processor.py:914} INFO - Processing file /opt/airflow/dags/cases/01-1c-excel-pipeline/data/samples/Реализации_2025-06-07.xlsx for tasks to queue
[2026-06-09T13:33:23.090+0000] {logging_mixin.py:190} INFO - [2026-06-09T13:33:23.090+0000] {dagbag.py:588} INFO - Filling up the DagBag from /opt/airflow/dags/cases/01-1c-excel-pipeline/data/samples/Реализации_2025-06-07.xlsx
[2026-06-09T13:33:23.094+0000] {processor.py:927} WARNING - No viable dags retrieved from /opt/airflow/dags/cases/01-1c-excel-pipeline/data/samples/Реализации_2025-06-07.xlsx
[2026-06-09T13:33:23.106+0000] {processor.py:208} INFO - Processing /opt/airflow/dags/cases/01-1c-excel-pipeline/data/samples/Реализации_2025-06-07.xlsx took 0.030 seconds
[2026-06-09T13:33:53.596+0000] {processor.py:186} INFO - Started process (PID=383) to work on /opt/airflow/dags/cases/01-1c-excel-pipeline/data/samples/Реализации_2025-06-07.xlsx
[2026-06-09T13:33:53.598+0000] {processor.py:914} INFO - Processing file /opt/airflow/dags/cases/01-1c-excel-pipeline/data/samples/Реализации_2025-06-07.xlsx for tasks to queue
[2026-06-09T13:33:53.604+0000] {logging_mixin.py:190} INFO - [2026-06-09T13:33:53.603+0000] {dagbag.py:588} INFO - Filling up the DagBag from /opt/airflow/dags/cases/01-1c-excel-pipeline/data/samples/Реализации_2025-06-07.xlsx
[2026-06-09T13:33:53.608+0000] {processor.py:927} WARNING - No viable dags retrieved from /opt/airflow/dags/cases/01-1c-excel-pipeline/data/samples/Реализации_2025-06-07.xlsx
[2026-06-09T13:33:53.622+0000] {processor.py:208} INFO - Processing /opt/airflow/dags/cases/01-1c-excel-pipeline/data/samples/Реализации_2025-06-07.xlsx took 0.033 seconds
[2026-06-09T13:34:24.111+0000] {processor.py:186} INFO - Started process (PID=387) to work on /opt/airflow/dags/cases/01-1c-excel-pipeline/data/samples/Реализации_2025-06-07.xlsx
[2026-06-09T13:34:24.113+0000] {processor.py:914} INFO - Processing file /opt/airflow/dags/cases/01-1c-excel-pipeline/data/samples/Реализации_2025-06-07.xlsx for tasks to queue
[2026-06-09T13:34:24.117+0000] {logging_mixin.py:190} INFO - [2026-06-09T13:34:24.117+0000] {dagbag.py:588} INFO - Filling up the DagBag from /opt/airflow/dags/cases/01-1c-excel-pipeline/data/samples/Реализации_2025-06-07.xlsx
[2026-06-09T13:34:24.120+0000] {processor.py:927} WARNING - No viable dags retrieved from /opt/airflow/dags/cases/01-1c-excel-pipeline/data/samples/Реализации_2025-06-07.xlsx
[2026-06-09T13:34:24.133+0000] {processor.py:208} INFO - Processing /opt/airflow/dags/cases/01-1c-excel-pipeline/data/samples/Реализации_2025-06-07.xlsx took 0.031 seconds
[2026-06-09T13:34:54.644+0000] {processor.py:186} INFO - Started process (PID=391) to work on /opt/airflow/dags/cases/01-1c-excel-pipeline/data/samples/Реализации_2025-06-07.xlsx
[2026-06-09T13:34:54.645+0000] {processor.py:914} INFO - Processing file /opt/airflow/dags/cases/01-1c-excel-pipeline/data/samples/Реализации_2025-06-07.xlsx for tasks to queue
[2026-06-09T13:34:54.647+0000] {logging_mixin.py:190} INFO - [2026-06-09T13:34:54.647+0000] {dagbag.py:588} INFO - Filling up the DagBag from /opt/airflow/dags/cases/01-1c-excel-pipeline/data/samples/Реализации_2025-06-07.xlsx
[2026-06-09T13:34:54.649+0000] {processor.py:927} WARNING - No viable dags retrieved from /opt/airflow/dags/cases/01-1c-excel-pipeline/data/samples/Реализации_2025-06-07.xlsx
[2026-06-09T13:34:54.657+0000] {processor.py:208} INFO - Processing /opt/airflow/dags/cases/01-1c-excel-pipeline/data/samples/Реализации_2025-06-07.xlsx took 0.019 seconds
[2026-06-09T13:35:25.094+0000] {processor.py:186} INFO - Started process (PID=395) to work on /opt/airflow/dags/cases/01-1c-excel-pipeline/data/samples/Реализации_2025-06-07.xlsx
[2026-06-09T13:35:25.095+0000] {processor.py:914} INFO - Processing file /opt/airflow/dags/cases/01-1c-excel-pipeline/data/samples/Реализации_2025-06-07.xlsx for tasks to queue
[2026-06-09T13:35:25.097+0000] {logging_mixin.py:190} INFO - [2026-06-09T13:35:25.097+0000] {dagbag.py:588} INFO - Filling up the DagBag from /opt/airflow/dags/cases/01-1c-excel-pipeline/data/samples/Реализации_2025-06-07.xlsx
[2026-06-09T13:35:25.099+0000] {processor.py:927} WARNING - No viable dags retrieved from /opt/airflow/dags/cases/01-1c-excel-pipeline/data/samples/Реализации_2025-06-07.xlsx
[2026-06-09T13:35:25.106+0000] {processor.py:208} INFO - Processing /opt/airflow/dags/cases/01-1c-excel-pipeline/data/samples/Реализации_2025-06-07.xlsx took 0.018 seconds
[2026-06-09T13:35:55.546+0000] {processor.py:186} INFO - Started process (PID=399) to work on /opt/airflow/dags/cases/01-1c-excel-pipeline/data/samples/Реализации_2025-06-07.xlsx
[2026-06-09T13:35:55.548+0000] {processor.py:914} INFO - Processing file /opt/airflow/dags/cases/01-1c-excel-pipeline/data/samples/Реализации_2025-06-07.xlsx for tasks to queue
[2026-06-09T13:35:55.551+0000] {logging_mixin.py:190} INFO - [2026-06-09T13:35:55.550+0000] {dagbag.py:588} INFO - Filling up the DagBag from /opt/airflow/dags/cases/01-1c-excel-pipeline/data/samples/Реализации_2025-06-07.xlsx
[2026-06-09T13:35:55.555+0000] {processor.py:927} WARNING - No viable dags retrieved from /opt/airflow/dags/cases/01-1c-excel-pipeline/data/samples/Реализации_2025-06-07.xlsx
[2026-06-09T13:35:55.569+0000] {processor.py:208} INFO - Processing /opt/airflow/dags/cases/01-1c-excel-pipeline/data/samples/Реализации_2025-06-07.xlsx took 0.031 seconds
[2026-06-09T13:36:26.039+0000] {processor.py:186} INFO - Started process (PID=403) to work on /opt/airflow/dags/cases/01-1c-excel-pipeline/data/samples/Реализации_2025-06-07.xlsx
[2026-06-09T13:36:26.040+0000] {processor.py:914} INFO - Processing file /opt/airflow/dags/cases/01-1c-excel-pipeline/data/samples/Реализации_2025-06-07.xlsx for tasks to queue
[2026-06-09T13:36:26.045+0000] {logging_mixin.py:190} INFO - [2026-06-09T13:36:26.044+0000] {dagbag.py:588} INFO - Filling up the DagBag from /opt/airflow/dags/cases/01-1c-excel-pipeline/data/samples/Реализации_2025-06-07.xlsx
[2026-06-09T13:36:26.047+0000] {processor.py:927} WARNING - No viable dags retrieved from /opt/airflow/dags/cases/01-1c-excel-pipeline/data/samples/Реализации_2025-06-07.xlsx
[2026-06-09T13:36:26.062+0000] {processor.py:208} INFO - Processing /opt/airflow/dags/cases/01-1c-excel-pipeline/data/samples/Реализации_2025-06-07.xlsx took 0.032 seconds
[2026-06-09T13:36:56.559+0000] {processor.py:186} INFO - Started process (PID=407) to work on /opt/airflow/dags/cases/01-1c-excel-pipeline/data/samples/Реализации_2025-06-07.xlsx
[2026-06-09T13:36:56.563+0000] {processor.py:914} INFO - Processing file /opt/airflow/dags/cases/01-1c-excel-pipeline/data/samples/Реализации_2025-06-07.xlsx for tasks to queue
[2026-06-09T13:36:56.573+0000] {logging_mixin.py:190} INFO - [2026-06-09T13:36:56.572+0000] {dagbag.py:588} INFO - Filling up the DagBag from /opt/airflow/dags/cases/01-1c-excel-pipeline/data/samples/Реализации_2025-06-07.xlsx
[2026-06-09T13:36:56.576+0000] {processor.py:927} WARNING - No viable dags retrieved from /opt/airflow/dags/cases/01-1c-excel-pipeline/data/samples/Реализации_2025-06-07.xlsx
[2026-06-09T13:36:56.592+0000] {processor.py:208} INFO - Processing /opt/airflow/dags/cases/01-1c-excel-pipeline/data/samples/Реализации_2025-06-07.xlsx took 0.040 seconds
[2026-06-09T13:37:27.165+0000] {processor.py:186} INFO - Started process (PID=411) to work on /opt/airflow/dags/cases/01-1c-excel-pipeline/data/samples/Реализации_2025-06-07.xlsx
[2026-06-09T13:37:27.166+0000] {processor.py:914} INFO - Processing file /opt/airflow/dags/cases/01-1c-excel-pipeline/data/samples/Реализации_2025-06-07.xlsx for tasks to queue
[2026-06-09T13:37:27.169+0000] {logging_mixin.py:190} INFO - [2026-06-09T13:37:27.169+0000] {dagbag.py:588} INFO - Filling up the DagBag from /opt/airflow/dags/cases/01-1c-excel-pipeline/data/samples/Реализации_2025-06-07.xlsx
[2026-06-09T13:37:27.171+0000] {processor.py:927} WARNING - No viable dags retrieved from /opt/airflow/dags/cases/01-1c-excel-pipeline/data/samples/Реализации_2025-06-07.xlsx
[2026-06-09T13:37:27.184+0000] {processor.py:208} INFO - Processing /opt/airflow/dags/cases/01-1c-excel-pipeline/data/samples/Реализации_2025-06-07.xlsx took 0.026 seconds
[2026-06-09T13:37:57.661+0000] {processor.py:186} INFO - Started process (PID=415) to work on /opt/airflow/dags/cases/01-1c-excel-pipeline/data/samples/Реализации_2025-06-07.xlsx
[2026-06-09T13:37:57.662+0000] {processor.py:914} INFO - Processing file /opt/airflow/dags/cases/01-1c-excel-pipeline/data/samples/Реализации_2025-06-07.xlsx for tasks to queue
[2026-06-09T13:37:57.665+0000] {logging_mixin.py:190} INFO - [2026-06-09T13:37:57.664+0000] {dagbag.py:588} INFO - Filling up the DagBag from /opt/airflow/dags/cases/01-1c-excel-pipeline/data/samples/Реализации_2025-06-07.xlsx
[2026-06-09T13:37:57.667+0000] {processor.py:927} WARNING - No viable dags retrieved from /opt/airflow/dags/cases/01-1c-excel-pipeline/data/samples/Реализации_2025-06-07.xlsx
[2026-06-09T13:37:57.678+0000] {processor.py:208} INFO - Processing /opt/airflow/dags/cases/01-1c-excel-pipeline/data/samples/Реализации_2025-06-07.xlsx took 0.023 seconds
[2026-06-09T13:38:28.178+0000] {processor.py:186} INFO - Started process (PID=419) to work on /opt/airflow/dags/cases/01-1c-excel-pipeline/data/samples/Реализации_2025-06-07.xlsx
[2026-06-09T13:38:28.179+0000] {processor.py:914} INFO - Processing file /opt/airflow/dags/cases/01-1c-excel-pipeline/data/samples/Реализации_2025-06-07.xlsx for tasks to queue
[2026-06-09T13:38:28.182+0000] {logging_mixin.py:190} INFO - [2026-06-09T13:38:28.182+0000] {dagbag.py:588} INFO - Filling up the DagBag from /opt/airflow/dags/cases/01-1c-excel-pipeline/data/samples/Реализации_2025-06-07.xlsx
[2026-06-09T13:38:28.184+0000] {processor.py:927} WARNING - No viable dags retrieved from /opt/airflow/dags/cases/01-1c-excel-pipeline/data/samples/Реализации_2025-06-07.xlsx
[2026-06-09T13:38:28.198+0000] {processor.py:208} INFO - Processing /opt/airflow/dags/cases/01-1c-excel-pipeline/data/samples/Реализации_2025-06-07.xlsx took 0.028 seconds
[2026-06-09T13:38:58.763+0000] {processor.py:186} INFO - Started process (PID=423) to work on /opt/airflow/dags/cases/01-1c-excel-pipeline/data/samples/Реализации_2025-06-07.xlsx
[2026-06-09T13:38:58.764+0000] {processor.py:914} INFO - Processing file /opt/airflow/dags/cases/01-1c-excel-pipeline/data/samples/Реализации_2025-06-07.xlsx for tasks to queue
[2026-06-09T13:38:58.767+0000] {logging_mixin.py:190} INFO - [2026-06-09T13:38:58.767+0000] {dagbag.py:588} INFO - Filling up the DagBag from /opt/airflow/dags/cases/01-1c-excel-pipeline/data/samples/Реализации_2025-06-07.xlsx
[2026-06-09T13:38:58.769+0000] {processor.py:927} WARNING - No viable dags retrieved from /opt/airflow/dags/cases/01-1c-excel-pipeline/data/samples/Реализации_2025-06-07.xlsx
[2026-06-09T13:38:58.779+0000] {processor.py:208} INFO - Processing /opt/airflow/dags/cases/01-1c-excel-pipeline/data/samples/Реализации_2025-06-07.xlsx took 0.021 seconds
[2026-06-09T13:39:29.298+0000] {processor.py:186} INFO - Started process (PID=427) to work on /opt/airflow/dags/cases/01-1c-excel-pipeline/data/samples/Реализации_2025-06-07.xlsx
[2026-06-09T13:39:29.300+0000] {processor.py:914} INFO - Processing file /opt/airflow/dags/cases/01-1c-excel-pipeline/data/samples/Реализации_2025-06-07.xlsx for tasks to queue
[2026-06-09T13:39:29.303+0000] {logging_mixin.py:190} INFO - [2026-06-09T13:39:29.303+0000] {dagbag.py:588} INFO - Filling up the DagBag from /opt/airflow/dags/cases/01-1c-excel-pipeline/data/samples/Реализации_2025-06-07.xlsx
[2026-06-09T13:39:29.305+0000] {processor.py:927} WARNING - No viable dags retrieved from /opt/airflow/dags/cases/01-1c-excel-pipeline/data/samples/Реализации_2025-06-07.xlsx
[2026-06-09T13:39:29.314+0000] {processor.py:208} INFO - Processing /opt/airflow/dags/cases/01-1c-excel-pipeline/data/samples/Реализации_2025-06-07.xlsx took 0.023 seconds
[2026-06-09T13:39:59.816+0000] {processor.py:186} INFO - Started process (PID=431) to work on /opt/airflow/dags/cases/01-1c-excel-pipeline/data/samples/Реализации_2025-06-07.xlsx
[2026-06-09T13:39:59.817+0000] {processor.py:914} INFO - Processing file /opt/airflow/dags/cases/01-1c-excel-pipeline/data/samples/Реализации_2025-06-07.xlsx for tasks to queue
[2026-06-09T13:39:59.819+0000] {logging_mixin.py:190} INFO - [2026-06-09T13:39:59.819+0000] {dagbag.py:588} INFO - Filling up the DagBag from /opt/airflow/dags/cases/01-1c-excel-pipeline/data/samples/Реализации_2025-06-07.xlsx
[2026-06-09T13:39:59.822+0000] {processor.py:927} WARNING - No viable dags retrieved from /opt/airflow/dags/cases/01-1c-excel-pipeline/data/samples/Реализации_2025-06-07.xlsx
[2026-06-09T13:39:59.834+0000] {processor.py:208} INFO - Processing /opt/airflow/dags/cases/01-1c-excel-pipeline/data/samples/Реализации_2025-06-07.xlsx took 0.023 seconds
[2026-06-09T13:40:30.429+0000] {processor.py:186} INFO - Started process (PID=435) to work on /opt/airflow/dags/cases/01-1c-excel-pipeline/data/samples/Реализации_2025-06-07.xlsx
[2026-06-09T13:40:30.430+0000] {processor.py:914} INFO - Processing file /opt/airflow/dags/cases/01-1c-excel-pipeline/data/samples/Реализации_2025-06-07.xlsx for tasks to queue
[2026-06-09T13:40:30.434+0000] {logging_mixin.py:190} INFO - [2026-06-09T13:40:30.433+0000] {dagbag.py:588} INFO - Filling up the DagBag from /opt/airflow/dags/cases/01-1c-excel-pipeline/data/samples/Реализации_2025-06-07.xlsx
[2026-06-09T13:40:30.436+0000] {processor.py:927} WARNING - No viable dags retrieved from /opt/airflow/dags/cases/01-1c-excel-pipeline/data/samples/Реализации_2025-06-07.xlsx
[2026-06-09T13:40:30.451+0000] {processor.py:208} INFO - Processing /opt/airflow/dags/cases/01-1c-excel-pipeline/data/samples/Реализации_2025-06-07.xlsx took 0.029 seconds
[2026-06-09T13:41:01.032+0000] {processor.py:186} INFO - Started process (PID=439) to work on /opt/airflow/dags/cases/01-1c-excel-pipeline/data/samples/Реализации_2025-06-07.xlsx
[2026-06-09T13:41:01.033+0000] {processor.py:914} INFO - Processing file /opt/airflow/dags/cases/01-1c-excel-pipeline/data/samples/Реализации_2025-06-07.xlsx for tasks to queue
[2026-06-09T13:41:01.036+0000] {logging_mixin.py:190} INFO - [2026-06-09T13:41:01.035+0000] {dagbag.py:588} INFO - Filling up the DagBag from /opt/airflow/dags/cases/01-1c-excel-pipeline/data/samples/Реализации_2025-06-07.xlsx
[2026-06-09T13:41:01.038+0000] {processor.py:927} WARNING - No viable dags retrieved from /opt/airflow/dags/cases/01-1c-excel-pipeline/data/samples/Реализации_2025-06-07.xlsx
[2026-06-09T13:41:01.051+0000] {processor.py:208} INFO - Processing /opt/airflow/dags/cases/01-1c-excel-pipeline/data/samples/Реализации_2025-06-07.xlsx took 0.026 seconds
[2026-06-09T13:41:31.627+0000] {processor.py:186} INFO - Started process (PID=443) to work on /opt/airflow/dags/cases/01-1c-excel-pipeline/data/samples/Реализации_2025-06-07.xlsx
[2026-06-09T13:41:31.628+0000] {processor.py:914} INFO - Processing file /opt/airflow/dags/cases/01-1c-excel-pipeline/data/samples/Реализации_2025-06-07.xlsx for tasks to queue
[2026-06-09T13:41:31.632+0000] {logging_mixin.py:190} INFO - [2026-06-09T13:41:31.632+0000] {dagbag.py:588} INFO - Filling up the DagBag from /opt/airflow/dags/cases/01-1c-excel-pipeline/data/samples/Реализации_2025-06-07.xlsx
[2026-06-09T13:41:31.635+0000] {processor.py:927} WARNING - No viable dags retrieved from /opt/airflow/dags/cases/01-1c-excel-pipeline/data/samples/Реализации_2025-06-07.xlsx
[2026-06-09T13:41:31.647+0000] {processor.py:208} INFO - Processing /opt/airflow/dags/cases/01-1c-excel-pipeline/data/samples/Реализации_2025-06-07.xlsx took 0.029 seconds
[2026-06-09T13:42:02.187+0000] {processor.py:186} INFO - Started process (PID=447) to work on /opt/airflow/dags/cases/01-1c-excel-pipeline/data/samples/Реализации_2025-06-07.xlsx
[2026-06-09T13:42:02.188+0000] {processor.py:914} INFO - Processing file /opt/airflow/dags/cases/01-1c-excel-pipeline/data/samples/Реализации_2025-06-07.xlsx for tasks to queue
[2026-06-09T13:42:02.190+0000] {logging_mixin.py:190} INFO - [2026-06-09T13:42:02.190+0000] {dagbag.py:588} INFO - Filling up the DagBag from /opt/airflow/dags/cases/01-1c-excel-pipeline/data/samples/Реализации_2025-06-07.xlsx
[2026-06-09T13:42:02.191+0000] {processor.py:927} WARNING - No viable dags retrieved from /opt/airflow/dags/cases/01-1c-excel-pipeline/data/samples/Реализации_2025-06-07.xlsx
[2026-06-09T13:42:02.202+0000] {processor.py:208} INFO - Processing /opt/airflow/dags/cases/01-1c-excel-pipeline/data/samples/Реализации_2025-06-07.xlsx took 0.018 seconds
[2026-06-09T13:42:32.767+0000] {processor.py:186} INFO - Started process (PID=451) to work on /opt/airflow/dags/cases/01-1c-excel-pipeline/data/samples/Реализации_2025-06-07.xlsx
[2026-06-09T13:42:32.768+0000] {processor.py:914} INFO - Processing file /opt/airflow/dags/cases/01-1c-excel-pipeline/data/samples/Реализации_2025-06-07.xlsx for tasks to queue
[2026-06-09T13:42:32.771+0000] {logging_mixin.py:190} INFO - [2026-06-09T13:42:32.771+0000] {dagbag.py:588} INFO - Filling up the DagBag from /opt/airflow/dags/cases/01-1c-excel-pipeline/data/samples/Реализации_2025-06-07.xlsx
[2026-06-09T13:42:32.773+0000] {processor.py:927} WARNING - No viable dags retrieved from /opt/airflow/dags/cases/01-1c-excel-pipeline/data/samples/Реализации_2025-06-07.xlsx
[2026-06-09T13:42:32.789+0000] {processor.py:208} INFO - Processing /opt/airflow/dags/cases/01-1c-excel-pipeline/data/samples/Реализации_2025-06-07.xlsx took 0.030 seconds
[2026-06-09T13:43:03.335+0000] {processor.py:186} INFO - Started process (PID=455) to work on /opt/airflow/dags/cases/01-1c-excel-pipeline/data/samples/Реализации_2025-06-07.xlsx
[2026-06-09T13:43:03.336+0000] {processor.py:914} INFO - Processing file /opt/airflow/dags/cases/01-1c-excel-pipeline/data/samples/Реализации_2025-06-07.xlsx for tasks to queue
[2026-06-09T13:43:03.338+0000] {logging_mixin.py:190} INFO - [2026-06-09T13:43:03.338+0000] {dagbag.py:588} INFO - Filling up the DagBag from /opt/airflow/dags/cases/01-1c-excel-pipeline/data/samples/Реализации_2025-06-07.xlsx
[2026-06-09T13:43:03.340+0000] {processor.py:927} WARNING - No viable dags retrieved from /opt/airflow/dags/cases/01-1c-excel-pipeline/data/samples/Реализации_2025-06-07.xlsx
[2026-06-09T13:43:03.350+0000] {processor.py:208} INFO - Processing /opt/airflow/dags/cases/01-1c-excel-pipeline/data/samples/Реализации_2025-06-07.xlsx took 0.022 seconds
[2026-06-09T13:43:33.893+0000] {processor.py:186} INFO - Started process (PID=459) to work on /opt/airflow/dags/cases/01-1c-excel-pipeline/data/samples/Реализации_2025-06-07.xlsx
[2026-06-09T13:43:33.895+0000] {processor.py:914} INFO - Processing file /opt/airflow/dags/cases/01-1c-excel-pipeline/data/samples/Реализации_2025-06-07.xlsx for tasks to queue
[2026-06-09T13:43:33.898+0000] {logging_mixin.py:190} INFO - [2026-06-09T13:43:33.898+0000] {dagbag.py:588} INFO - Filling up the DagBag from /opt/airflow/dags/cases/01-1c-excel-pipeline/data/samples/Реализации_2025-06-07.xlsx
[2026-06-09T13:43:33.900+0000] {processor.py:927} WARNING - No viable dags retrieved from /opt/airflow/dags/cases/01-1c-excel-pipeline/data/samples/Реализации_2025-06-07.xlsx
[2026-06-09T13:43:33.917+0000] {processor.py:208} INFO - Processing /opt/airflow/dags/cases/01-1c-excel-pipeline/data/samples/Реализации_2025-06-07.xlsx took 0.032 seconds
[2026-06-09T13:44:04.467+0000] {processor.py:186} INFO - Started process (PID=463) to work on /opt/airflow/dags/cases/01-1c-excel-pipeline/data/samples/Реализации_2025-06-07.xlsx
[2026-06-09T13:44:04.468+0000] {processor.py:914} INFO - Processing file /opt/airflow/dags/cases/01-1c-excel-pipeline/data/samples/Реализации_2025-06-07.xlsx for tasks to queue
[2026-06-09T13:44:04.471+0000] {logging_mixin.py:190} INFO - [2026-06-09T13:44:04.471+0000] {dagbag.py:588} INFO - Filling up the DagBag from /opt/airflow/dags/cases/01-1c-excel-pipeline/data/samples/Реализации_2025-06-07.xlsx
[2026-06-09T13:44:04.473+0000] {processor.py:927} WARNING - No viable dags retrieved from /opt/airflow/dags/cases/01-1c-excel-pipeline/data/samples/Реализации_2025-06-07.xlsx
[2026-06-09T13:44:04.490+0000] {processor.py:208} INFO - Processing /opt/airflow/dags/cases/01-1c-excel-pipeline/data/samples/Реализации_2025-06-07.xlsx took 0.033 seconds
[2026-06-09T13:44:35.055+0000] {processor.py:186} INFO - Started process (PID=467) to work on /opt/airflow/dags/cases/01-1c-excel-pipeline/data/samples/Реализации_2025-06-07.xlsx
[2026-06-09T13:44:35.055+0000] {processor.py:914} INFO - Processing file /opt/airflow/dags/cases/01-1c-excel-pipeline/data/samples/Реализации_2025-06-07.xlsx for tasks to queue
[2026-06-09T13:44:35.059+0000] {logging_mixin.py:190} INFO - [2026-06-09T13:44:35.058+0000] {dagbag.py:588} INFO - Filling up the DagBag from /opt/airflow/dags/cases/01-1c-excel-pipeline/data/samples/Реализации_2025-06-07.xlsx
[2026-06-09T13:44:35.061+0000] {processor.py:927} WARNING - No viable dags retrieved from /opt/airflow/dags/cases/01-1c-excel-pipeline/data/samples/Реализации_2025-06-07.xlsx
[2026-06-09T13:44:35.072+0000] {processor.py:208} INFO - Processing /opt/airflow/dags/cases/01-1c-excel-pipeline/data/samples/Реализации_2025-06-07.xlsx took 0.023 seconds
[2026-06-09T13:45:05.484+0000] {processor.py:186} INFO - Started process (PID=471) to work on /opt/airflow/dags/cases/01-1c-excel-pipeline/data/samples/Реализации_2025-06-07.xlsx
[2026-06-09T13:45:05.485+0000] {processor.py:914} INFO - Processing file /opt/airflow/dags/cases/01-1c-excel-pipeline/data/samples/Реализации_2025-06-07.xlsx for tasks to queue
[2026-06-09T13:45:05.490+0000] {logging_mixin.py:190} INFO - [2026-06-09T13:45:05.489+0000] {dagbag.py:588} INFO - Filling up the DagBag from /opt/airflow/dags/cases/01-1c-excel-pipeline/data/samples/Реализации_2025-06-07.xlsx
[2026-06-09T13:45:05.492+0000] {processor.py:927} WARNING - No viable dags retrieved from /opt/airflow/dags/cases/01-1c-excel-pipeline/data/samples/Реализации_2025-06-07.xlsx
[2026-06-09T13:45:05.506+0000] {processor.py:208} INFO - Processing /opt/airflow/dags/cases/01-1c-excel-pipeline/data/samples/Реализации_2025-06-07.xlsx took 0.032 seconds
[2026-06-09T13:45:36.039+0000] {processor.py:186} INFO - Started process (PID=475) to work on /opt/airflow/dags/cases/01-1c-excel-pipeline/data/samples/Реализации_2025-06-07.xlsx
[2026-06-09T13:45:36.041+0000] {processor.py:914} INFO - Processing file /opt/airflow/dags/cases/01-1c-excel-pipeline/data/samples/Реализации_2025-06-07.xlsx for tasks to queue
[2026-06-09T13:45:36.046+0000] {logging_mixin.py:190} INFO - [2026-06-09T13:45:36.045+0000] {dagbag.py:588} INFO - Filling up the DagBag from /opt/airflow/dags/cases/01-1c-excel-pipeline/data/samples/Реализации_2025-06-07.xlsx
[2026-06-09T13:45:36.048+0000] {processor.py:927} WARNING - No viable dags retrieved from /opt/airflow/dags/cases/01-1c-excel-pipeline/data/samples/Реализации_2025-06-07.xlsx
[2026-06-09T13:45:36.063+0000] {processor.py:208} INFO - Processing /opt/airflow/dags/cases/01-1c-excel-pipeline/data/samples/Реализации_2025-06-07.xlsx took 0.032 seconds
[2026-06-09T13:46:06.602+0000] {processor.py:186} INFO - Started process (PID=479) to work on /opt/airflow/dags/cases/01-1c-excel-pipeline/data/samples/Реализации_2025-06-07.xlsx
[2026-06-09T13:46:06.603+0000] {processor.py:914} INFO - Processing file /opt/airflow/dags/cases/01-1c-excel-pipeline/data/samples/Реализации_2025-06-07.xlsx for tasks to queue
[2026-06-09T13:46:06.607+0000] {logging_mixin.py:190} INFO - [2026-06-09T13:46:06.606+0000] {dagbag.py:588} INFO - Filling up the DagBag from /opt/airflow/dags/cases/01-1c-excel-pipeline/data/samples/Реализации_2025-06-07.xlsx
[2026-06-09T13:46:06.609+0000] {processor.py:927} WARNING - No viable dags retrieved from /opt/airflow/dags/cases/01-1c-excel-pipeline/data/samples/Реализации_2025-06-07.xlsx
[2026-06-09T13:46:06.626+0000] {processor.py:208} INFO - Processing /opt/airflow/dags/cases/01-1c-excel-pipeline/data/samples/Реализации_2025-06-07.xlsx took 0.032 seconds
[2026-06-09T13:46:37.142+0000] {processor.py:186} INFO - Started process (PID=483) to work on /opt/airflow/dags/cases/01-1c-excel-pipeline/data/samples/Реализации_2025-06-07.xlsx
[2026-06-09T13:46:37.143+0000] {processor.py:914} INFO - Processing file /opt/airflow/dags/cases/01-1c-excel-pipeline/data/samples/Реализации_2025-06-07.xlsx for tasks to queue
[2026-06-09T13:46:37.146+0000] {logging_mixin.py:190} INFO - [2026-06-09T13:46:37.146+0000] {dagbag.py:588} INFO - Filling up the DagBag from /opt/airflow/dags/cases/01-1c-excel-pipeline/data/samples/Реализации_2025-06-07.xlsx
[2026-06-09T13:46:37.149+0000] {processor.py:927} WARNING - No viable dags retrieved from /opt/airflow/dags/cases/01-1c-excel-pipeline/data/samples/Реализации_2025-06-07.xlsx
[2026-06-09T13:46:37.166+0000] {processor.py:208} INFO - Processing /opt/airflow/dags/cases/01-1c-excel-pipeline/data/samples/Реализации_2025-06-07.xlsx took 0.031 seconds
[2026-06-09T13:47:07.609+0000] {processor.py:186} INFO - Started process (PID=487) to work on /opt/airflow/dags/cases/01-1c-excel-pipeline/data/samples/Реализации_2025-06-07.xlsx
[2026-06-09T13:47:07.610+0000] {processor.py:914} INFO - Processing file /opt/airflow/dags/cases/01-1c-excel-pipeline/data/samples/Реализации_2025-06-07.xlsx for tasks to queue
[2026-06-09T13:47:07.614+0000] {logging_mixin.py:190} INFO - [2026-06-09T13:47:07.614+0000] {dagbag.py:588} INFO - Filling up the DagBag from /opt/airflow/dags/cases/01-1c-excel-pipeline/data/samples/Реализации_2025-06-07.xlsx
[2026-06-09T13:47:07.616+0000] {processor.py:927} WARNING - No viable dags retrieved from /opt/airflow/dags/cases/01-1c-excel-pipeline/data/samples/Реализации_2025-06-07.xlsx
[2026-06-09T13:47:07.626+0000] {processor.py:208} INFO - Processing /opt/airflow/dags/cases/01-1c-excel-pipeline/data/samples/Реализации_2025-06-07.xlsx took 0.025 seconds
[2026-06-09T13:47:38.141+0000] {processor.py:186} INFO - Started process (PID=491) to work on /opt/airflow/dags/cases/01-1c-excel-pipeline/data/samples/Реализации_2025-06-07.xlsx
[2026-06-09T13:47:38.142+0000] {processor.py:914} INFO - Processing file /opt/airflow/dags/cases/01-1c-excel-pipeline/data/samples/Реализации_2025-06-07.xlsx for tasks to queue
[2026-06-09T13:47:38.145+0000] {logging_mixin.py:190} INFO - [2026-06-09T13:47:38.144+0000] {dagbag.py:588} INFO - Filling up the DagBag from /opt/airflow/dags/cases/01-1c-excel-pipeline/data/samples/Реализации_2025-06-07.xlsx
[2026-06-09T13:47:38.146+0000] {processor.py:927} WARNING - No viable dags retrieved from /opt/airflow/dags/cases/01-1c-excel-pipeline/data/samples/Реализации_2025-06-07.xlsx
[2026-06-09T13:47:38.159+0000] {processor.py:208} INFO - Processing /opt/airflow/dags/cases/01-1c-excel-pipeline/data/samples/Реализации_2025-06-07.xlsx took 0.026 seconds
[2026-06-09T13:48:08.616+0000] {processor.py:186} INFO - Started process (PID=495) to work on /opt/airflow/dags/cases/01-1c-excel-pipeline/data/samples/Реализации_2025-06-07.xlsx
[2026-06-09T13:48:08.618+0000] {processor.py:914} INFO - Processing file /opt/airflow/dags/cases/01-1c-excel-pipeline/data/samples/Реализации_2025-06-07.xlsx for tasks to queue
[2026-06-09T13:48:08.623+0000] {logging_mixin.py:190} INFO - [2026-06-09T13:48:08.622+0000] {dagbag.py:588} INFO - Filling up the DagBag from /opt/airflow/dags/cases/01-1c-excel-pipeline/data/samples/Реализации_2025-06-07.xlsx
[2026-06-09T13:48:08.625+0000] {processor.py:927} WARNING - No viable dags retrieved from /opt/airflow/dags/cases/01-1c-excel-pipeline/data/samples/Реализации_2025-06-07.xlsx
[2026-06-09T13:48:08.638+0000] {processor.py:208} INFO - Processing /opt/airflow/dags/cases/01-1c-excel-pipeline/data/samples/Реализации_2025-06-07.xlsx took 0.029 seconds
[2026-06-09T13:48:39.187+0000] {processor.py:186} INFO - Started process (PID=499) to work on /opt/airflow/dags/cases/01-1c-excel-pipeline/data/samples/Реализации_2025-06-07.xlsx
[2026-06-09T13:48:39.189+0000] {processor.py:914} INFO - Processing file /opt/airflow/dags/cases/01-1c-excel-pipeline/data/samples/Реализации_2025-06-07.xlsx for tasks to queue
[2026-06-09T13:48:39.192+0000] {logging_mixin.py:190} INFO - [2026-06-09T13:48:39.192+0000] {dagbag.py:588} INFO - Filling up the DagBag from /opt/airflow/dags/cases/01-1c-excel-pipeline/data/samples/Реализации_2025-06-07.xlsx
[2026-06-09T13:48:39.194+0000] {processor.py:927} WARNING - No viable dags retrieved from /opt/airflow/dags/cases/01-1c-excel-pipeline/data/samples/Реализации_2025-06-07.xlsx
[2026-06-09T13:48:39.207+0000] {processor.py:208} INFO - Processing /opt/airflow/dags/cases/01-1c-excel-pipeline/data/samples/Реализации_2025-06-07.xlsx took 0.028 seconds
[2026-06-09T13:49:09.694+0000] {processor.py:186} INFO - Started process (PID=503) to work on /opt/airflow/dags/cases/01-1c-excel-pipeline/data/samples/Реализации_2025-06-07.xlsx
[2026-06-09T13:49:09.696+0000] {processor.py:914} INFO - Processing file /opt/airflow/dags/cases/01-1c-excel-pipeline/data/samples/Реализации_2025-06-07.xlsx for tasks to queue
[2026-06-09T13:49:09.700+0000] {logging_mixin.py:190} INFO - [2026-06-09T13:49:09.699+0000] {dagbag.py:588} INFO - Filling up the DagBag from /opt/airflow/dags/cases/01-1c-excel-pipeline/data/samples/Реализации_2025-06-07.xlsx
[2026-06-09T13:49:09.702+0000] {processor.py:927} WARNING - No viable dags retrieved from /opt/airflow/dags/cases/01-1c-excel-pipeline/data/samples/Реализации_2025-06-07.xlsx
[2026-06-09T13:49:09.714+0000] {processor.py:208} INFO - Processing /opt/airflow/dags/cases/01-1c-excel-pipeline/data/samples/Реализации_2025-06-07.xlsx took 0.028 seconds
[2026-06-09T13:49:40.126+0000] {processor.py:186} INFO - Started process (PID=507) to work on /opt/airflow/dags/cases/01-1c-excel-pipeline/data/samples/Реализации_2025-06-07.xlsx
[2026-06-09T13:49:40.127+0000] {processor.py:914} INFO - Processing file /opt/airflow/dags/cases/01-1c-excel-pipeline/data/samples/Реализации_2025-06-07.xlsx for tasks to queue
[2026-06-09T13:49:40.131+0000] {logging_mixin.py:190} INFO - [2026-06-09T13:49:40.131+0000] {dagbag.py:588} INFO - Filling up the DagBag from /opt/airflow/dags/cases/01-1c-excel-pipeline/data/samples/Реализации_2025-06-07.xlsx
[2026-06-09T13:49:40.133+0000] {processor.py:927} WARNING - No viable dags retrieved from /opt/airflow/dags/cases/01-1c-excel-pipeline/data/samples/Реализации_2025-06-07.xlsx
[2026-06-09T13:49:40.143+0000] {processor.py:208} INFO - Processing /opt/airflow/dags/cases/01-1c-excel-pipeline/data/samples/Реализации_2025-06-07.xlsx took 0.022 seconds
[2026-06-09T13:50:10.610+0000] {processor.py:186} INFO - Started process (PID=511) to work on /opt/airflow/dags/cases/01-1c-excel-pipeline/data/samples/Реализации_2025-06-07.xlsx
[2026-06-09T13:50:10.611+0000] {processor.py:914} INFO - Processing file /opt/airflow/dags/cases/01-1c-excel-pipeline/data/samples/Реализации_2025-06-07.xlsx for tasks to queue
[2026-06-09T13:50:10.615+0000] {logging_mixin.py:190} INFO - [2026-06-09T13:50:10.614+0000] {dagbag.py:588} INFO - Filling up the DagBag from /opt/airflow/dags/cases/01-1c-excel-pipeline/data/samples/Реализации_2025-06-07.xlsx
[2026-06-09T13:50:10.616+0000] {processor.py:927} WARNING - No viable dags retrieved from /opt/airflow/dags/cases/01-1c-excel-pipeline/data/samples/Реализации_2025-06-07.xlsx
[2026-06-09T13:50:10.629+0000] {processor.py:208} INFO - Processing /opt/airflow/dags/cases/01-1c-excel-pipeline/data/samples/Реализации_2025-06-07.xlsx took 0.025 seconds
[2026-06-09T13:50:41.145+0000] {processor.py:186} INFO - Started process (PID=515) to work on /opt/airflow/dags/cases/01-1c-excel-pipeline/data/samples/Реализации_2025-06-07.xlsx
[2026-06-09T13:50:41.146+0000] {processor.py:914} INFO - Processing file /opt/airflow/dags/cases/01-1c-excel-pipeline/data/samples/Реализации_2025-06-07.xlsx for tasks to queue
[2026-06-09T13:50:41.149+0000] {logging_mixin.py:190} INFO - [2026-06-09T13:50:41.149+0000] {dagbag.py:588} INFO - Filling up the DagBag from /opt/airflow/dags/cases/01-1c-excel-pipeline/data/samples/Реализации_2025-06-07.xlsx
[2026-06-09T13:50:41.152+0000] {processor.py:927} WARNING - No viable dags retrieved from /opt/airflow/dags/cases/01-1c-excel-pipeline/data/samples/Реализации_2025-06-07.xlsx
[2026-06-09T13:50:41.168+0000] {processor.py:208} INFO - Processing /opt/airflow/dags/cases/01-1c-excel-pipeline/data/samples/Реализации_2025-06-07.xlsx took 0.031 seconds
[2026-06-09T13:51:11.664+0000] {processor.py:186} INFO - Started process (PID=519) to work on /opt/airflow/dags/cases/01-1c-excel-pipeline/data/samples/Реализации_2025-06-07.xlsx
[2026-06-09T13:51:11.665+0000] {processor.py:914} INFO - Processing file /opt/airflow/dags/cases/01-1c-excel-pipeline/data/samples/Реализации_2025-06-07.xlsx for tasks to queue
[2026-06-09T13:51:11.668+0000] {logging_mixin.py:190} INFO - [2026-06-09T13:51:11.667+0000] {dagbag.py:588} INFO - Filling up the DagBag from /opt/airflow/dags/cases/01-1c-excel-pipeline/data/samples/Реализации_2025-06-07.xlsx
[2026-06-09T13:51:11.670+0000] {processor.py:927} WARNING - No viable dags retrieved from /opt/airflow/dags/cases/01-1c-excel-pipeline/data/samples/Реализации_2025-06-07.xlsx
[2026-06-09T13:51:11.683+0000] {processor.py:208} INFO - Processing /opt/airflow/dags/cases/01-1c-excel-pipeline/data/samples/Реализации_2025-06-07.xlsx took 0.028 seconds
[2026-06-09T13:51:42.142+0000] {processor.py:186} INFO - Started process (PID=523) to work on /opt/airflow/dags/cases/01-1c-excel-pipeline/data/samples/Реализации_2025-06-07.xlsx
[2026-06-09T13:51:42.143+0000] {processor.py:914} INFO - Processing file /opt/airflow/dags/cases/01-1c-excel-pipeline/data/samples/Реализации_2025-06-07.xlsx for tasks to queue
[2026-06-09T13:51:42.146+0000] {logging_mixin.py:190} INFO - [2026-06-09T13:51:42.145+0000] {dagbag.py:588} INFO - Filling up the DagBag from /opt/airflow/dags/cases/01-1c-excel-pipeline/data/samples/Реализации_2025-06-07.xlsx
[2026-06-09T13:51:42.148+0000] {processor.py:927} WARNING - No viable dags retrieved from /opt/airflow/dags/cases/01-1c-excel-pipeline/data/samples/Реализации_2025-06-07.xlsx
[2026-06-09T13:51:42.161+0000] {processor.py:208} INFO - Processing /opt/airflow/dags/cases/01-1c-excel-pipeline/data/samples/Реализации_2025-06-07.xlsx took 0.026 seconds
[2026-06-09T13:52:12.562+0000] {processor.py:186} INFO - Started process (PID=527) to work on /opt/airflow/dags/cases/01-1c-excel-pipeline/data/samples/Реализации_2025-06-07.xlsx
[2026-06-09T13:52:12.563+0000] {processor.py:914} INFO - Processing file /opt/airflow/dags/cases/01-1c-excel-pipeline/data/samples/Реализации_2025-06-07.xlsx for tasks to queue
[2026-06-09T13:52:12.565+0000] {logging_mixin.py:190} INFO - [2026-06-09T13:52:12.565+0000] {dagbag.py:588} INFO - Filling up the DagBag from /opt/airflow/dags/cases/01-1c-excel-pipeline/data/samples/Реализации_2025-06-07.xlsx
[2026-06-09T13:52:12.569+0000] {processor.py:927} WARNING - No viable dags retrieved from /opt/airflow/dags/cases/01-1c-excel-pipeline/data/samples/Реализации_2025-06-07.xlsx
[2026-06-09T13:52:12.577+0000] {processor.py:208} INFO - Processing /opt/airflow/dags/cases/01-1c-excel-pipeline/data/samples/Реализации_2025-06-07.xlsx took 0.018 seconds
[2026-06-09T13:52:43.069+0000] {processor.py:186} INFO - Started process (PID=531) to work on /opt/airflow/dags/cases/01-1c-excel-pipeline/data/samples/Реализации_2025-06-07.xlsx
[2026-06-09T13:52:43.070+0000] {processor.py:914} INFO - Processing file /opt/airflow/dags/cases/01-1c-excel-pipeline/data/samples/Реализации_2025-06-07.xlsx for tasks to queue
[2026-06-09T13:52:43.074+0000] {logging_mixin.py:190} INFO - [2026-06-09T13:52:43.073+0000] {dagbag.py:588} INFO - Filling up the DagBag from /opt/airflow/dags/cases/01-1c-excel-pipeline/data/samples/Реализации_2025-06-07.xlsx
[2026-06-09T13:52:43.076+0000] {processor.py:927} WARNING - No viable dags retrieved from /opt/airflow/dags/cases/01-1c-excel-pipeline/data/samples/Реализации_2025-06-07.xlsx
[2026-06-09T13:52:43.088+0000] {processor.py:208} INFO - Processing /opt/airflow/dags/cases/01-1c-excel-pipeline/data/samples/Реализации_2025-06-07.xlsx took 0.026 seconds
[2026-06-09T13:53:13.586+0000] {processor.py:186} INFO - Started process (PID=535) to work on /opt/airflow/dags/cases/01-1c-excel-pipeline/data/samples/Реализации_2025-06-07.xlsx
[2026-06-09T13:53:13.587+0000] {processor.py:914} INFO - Processing file /opt/airflow/dags/cases/01-1c-excel-pipeline/data/samples/Реализации_2025-06-07.xlsx for tasks to queue
[2026-06-09T13:53:13.592+0000] {logging_mixin.py:190} INFO - [2026-06-09T13:53:13.591+0000] {dagbag.py:588} INFO - Filling up the DagBag from /opt/airflow/dags/cases/01-1c-excel-pipeline/data/samples/Реализации_2025-06-07.xlsx
[2026-06-09T13:53:13.594+0000] {processor.py:927} WARNING - No viable dags retrieved from /opt/airflow/dags/cases/01-1c-excel-pipeline/data/samples/Реализации_2025-06-07.xlsx
[2026-06-09T13:53:13.608+0000] {processor.py:208} INFO - Processing /opt/airflow/dags/cases/01-1c-excel-pipeline/data/samples/Реализации_2025-06-07.xlsx took 0.032 seconds
[2026-06-09T13:53:44.126+0000] {processor.py:186} INFO - Started process (PID=539) to work on /opt/airflow/dags/cases/01-1c-excel-pipeline/data/samples/Реализации_2025-06-07.xlsx
[2026-06-09T13:53:44.127+0000] {processor.py:914} INFO - Processing file /opt/airflow/dags/cases/01-1c-excel-pipeline/data/samples/Реализации_2025-06-07.xlsx for tasks to queue
[2026-06-09T13:53:44.131+0000] {logging_mixin.py:190} INFO - [2026-06-09T13:53:44.130+0000] {dagbag.py:588} INFO - Filling up the DagBag from /opt/airflow/dags/cases/01-1c-excel-pipeline/data/samples/Реализации_2025-06-07.xlsx
[2026-06-09T13:53:44.133+0000] {processor.py:927} WARNING - No viable dags retrieved from /opt/airflow/dags/cases/01-1c-excel-pipeline/data/samples/Реализации_2025-06-07.xlsx
[2026-06-09T13:53:44.145+0000] {processor.py:208} INFO - Processing /opt/airflow/dags/cases/01-1c-excel-pipeline/data/samples/Реализации_2025-06-07.xlsx took 0.026 seconds
[2026-06-09T13:54:14.610+0000] {processor.py:186} INFO - Started process (PID=543) to work on /opt/airflow/dags/cases/01-1c-excel-pipeline/data/samples/Реализации_2025-06-07.xlsx
[2026-06-09T13:54:14.611+0000] {processor.py:914} INFO - Processing file /opt/airflow/dags/cases/01-1c-excel-pipeline/data/samples/Реализации_2025-06-07.xlsx for tasks to queue
[2026-06-09T13:54:14.614+0000] {logging_mixin.py:190} INFO - [2026-06-09T13:54:14.614+0000] {dagbag.py:588} INFO - Filling up the DagBag from /opt/airflow/dags/cases/01-1c-excel-pipeline/data/samples/Реализации_2025-06-07.xlsx
[2026-06-09T13:54:14.616+0000] {processor.py:927} WARNING - No viable dags retrieved from /opt/airflow/dags/cases/01-1c-excel-pipeline/data/samples/Реализации_2025-06-07.xlsx
[2026-06-09T13:54:14.632+0000] {processor.py:208} INFO - Processing /opt/airflow/dags/cases/01-1c-excel-pipeline/data/samples/Реализации_2025-06-07.xlsx took 0.029 seconds
[2026-06-09T13:54:45.059+0000] {processor.py:186} INFO - Started process (PID=547) to work on /opt/airflow/dags/cases/01-1c-excel-pipeline/data/samples/Реализации_2025-06-07.xlsx
[2026-06-09T13:54:45.060+0000] {processor.py:914} INFO - Processing file /opt/airflow/dags/cases/01-1c-excel-pipeline/data/samples/Реализации_2025-06-07.xlsx for tasks to queue
[2026-06-09T13:54:45.063+0000] {logging_mixin.py:190} INFO - [2026-06-09T13:54:45.063+0000] {dagbag.py:588} INFO - Filling up the DagBag from /opt/airflow/dags/cases/01-1c-excel-pipeline/data/samples/Реализации_2025-06-07.xlsx
[2026-06-09T13:54:45.065+0000] {processor.py:927} WARNING - No viable dags retrieved from /opt/airflow/dags/cases/01-1c-excel-pipeline/data/samples/Реализации_2025-06-07.xlsx
[2026-06-09T13:54:45.080+0000] {processor.py:208} INFO - Processing /opt/airflow/dags/cases/01-1c-excel-pipeline/data/samples/Реализации_2025-06-07.xlsx took 0.027 seconds
[2026-06-09T13:55:15.573+0000] {processor.py:186} INFO - Started process (PID=551) to work on /opt/airflow/dags/cases/01-1c-excel-pipeline/data/samples/Реализации_2025-06-07.xlsx
[2026-06-09T13:55:15.575+0000] {processor.py:914} INFO - Processing file /opt/airflow/dags/cases/01-1c-excel-pipeline/data/samples/Реализации_2025-06-07.xlsx for tasks to queue
[2026-06-09T13:55:15.577+0000] {logging_mixin.py:190} INFO - [2026-06-09T13:55:15.577+0000] {dagbag.py:588} INFO - Filling up the DagBag from /opt/airflow/dags/cases/01-1c-excel-pipeline/data/samples/Реализации_2025-06-07.xlsx
[2026-06-09T13:55:15.580+0000] {processor.py:927} WARNING - No viable dags retrieved from /opt/airflow/dags/cases/01-1c-excel-pipeline/data/samples/Реализации_2025-06-07.xlsx
[2026-06-09T13:55:15.591+0000] {processor.py:208} INFO - Processing /opt/airflow/dags/cases/01-1c-excel-pipeline/data/samples/Реализации_2025-06-07.xlsx took 0.025 seconds
[2026-06-09T13:55:46.071+0000] {processor.py:186} INFO - Started process (PID=555) to work on /opt/airflow/dags/cases/01-1c-excel-pipeline/data/samples/Реализации_2025-06-07.xlsx
[2026-06-09T13:55:46.072+0000] {processor.py:914} INFO - Processing file /opt/airflow/dags/cases/01-1c-excel-pipeline/data/samples/Реализации_2025-06-07.xlsx for tasks to queue
[2026-06-09T13:55:46.075+0000] {logging_mixin.py:190} INFO - [2026-06-09T13:55:46.074+0000] {dagbag.py:588} INFO - Filling up the DagBag from /opt/airflow/dags/cases/01-1c-excel-pipeline/data/samples/Реализации_2025-06-07.xlsx
[2026-06-09T13:55:46.077+0000] {processor.py:927} WARNING - No viable dags retrieved from /opt/airflow/dags/cases/01-1c-excel-pipeline/data/samples/Реализации_2025-06-07.xlsx
[2026-06-09T13:55:46.092+0000] {processor.py:208} INFO - Processing /opt/airflow/dags/cases/01-1c-excel-pipeline/data/samples/Реализации_2025-06-07.xlsx took 0.029 seconds
[2026-06-09T13:56:16.633+0000] {processor.py:186} INFO - Started process (PID=559) to work on /opt/airflow/dags/cases/01-1c-excel-pipeline/data/samples/Реализации_2025-06-07.xlsx
[2026-06-09T13:56:16.634+0000] {processor.py:914} INFO - Processing file /opt/airflow/dags/cases/01-1c-excel-pipeline/data/samples/Реализации_2025-06-07.xlsx for tasks to queue
[2026-06-09T13:56:16.637+0000] {logging_mixin.py:190} INFO - [2026-06-09T13:56:16.636+0000] {dagbag.py:588} INFO - Filling up the DagBag from /opt/airflow/dags/cases/01-1c-excel-pipeline/data/samples/Реализации_2025-06-07.xlsx
[2026-06-09T13:56:16.638+0000] {processor.py:927} WARNING - No viable dags retrieved from /opt/airflow/dags/cases/01-1c-excel-pipeline/data/samples/Реализации_2025-06-07.xlsx
[2026-06-09T13:56:16.652+0000] {processor.py:208} INFO - Processing /opt/airflow/dags/cases/01-1c-excel-pipeline/data/samples/Реализации_2025-06-07.xlsx took 0.027 seconds
[2026-06-09T13:56:47.113+0000] {processor.py:186} INFO - Started process (PID=563) to work on /opt/airflow/dags/cases/01-1c-excel-pipeline/data/samples/Реализации_2025-06-07.xlsx
[2026-06-09T13:56:47.115+0000] {processor.py:914} INFO - Processing file /opt/airflow/dags/cases/01-1c-excel-pipeline/data/samples/Реализации_2025-06-07.xlsx for tasks to queue
[2026-06-09T13:56:47.119+0000] {logging_mixin.py:190} INFO - [2026-06-09T13:56:47.119+0000] {dagbag.py:588} INFO - Filling up the DagBag from /opt/airflow/dags/cases/01-1c-excel-pipeline/data/samples/Реализации_2025-06-07.xlsx
[2026-06-09T13:56:47.122+0000] {processor.py:927} WARNING - No viable dags retrieved from /opt/airflow/dags/cases/01-1c-excel-pipeline/data/samples/Реализации_2025-06-07.xlsx
[2026-06-09T13:56:47.138+0000] {processor.py:208} INFO - Processing /opt/airflow/dags/cases/01-1c-excel-pipeline/data/samples/Реализации_2025-06-07.xlsx took 0.034 seconds
[2026-06-09T13:57:17.742+0000] {processor.py:186} INFO - Started process (PID=567) to work on /opt/airflow/dags/cases/01-1c-excel-pipeline/data/samples/Реализации_2025-06-07.xlsx
[2026-06-09T13:57:17.743+0000] {processor.py:914} INFO - Processing file /opt/airflow/dags/cases/01-1c-excel-pipeline/data/samples/Реализации_2025-06-07.xlsx for tasks to queue
[2026-06-09T13:57:17.746+0000] {logging_mixin.py:190} INFO - [2026-06-09T13:57:17.745+0000] {dagbag.py:588} INFO - Filling up the DagBag from /opt/airflow/dags/cases/01-1c-excel-pipeline/data/samples/Реализации_2025-06-07.xlsx
[2026-06-09T13:57:17.748+0000] {processor.py:927} WARNING - No viable dags retrieved from /opt/airflow/dags/cases/01-1c-excel-pipeline/data/samples/Реализации_2025-06-07.xlsx
[2026-06-09T13:57:17.764+0000] {processor.py:208} INFO - Processing /opt/airflow/dags/cases/01-1c-excel-pipeline/data/samples/Реализации_2025-06-07.xlsx took 0.032 seconds
[2026-06-09T13:57:48.171+0000] {processor.py:186} INFO - Started process (PID=571) to work on /opt/airflow/dags/cases/01-1c-excel-pipeline/data/samples/Реализации_2025-06-07.xlsx
[2026-06-09T13:57:48.172+0000] {processor.py:914} INFO - Processing file /opt/airflow/dags/cases/01-1c-excel-pipeline/data/samples/Реализации_2025-06-07.xlsx for tasks to queue
[2026-06-09T13:57:48.175+0000] {logging_mixin.py:190} INFO - [2026-06-09T13:57:48.175+0000] {dagbag.py:588} INFO - Filling up the DagBag from /opt/airflow/dags/cases/01-1c-excel-pipeline/data/samples/Реализации_2025-06-07.xlsx
[2026-06-09T13:57:48.177+0000] {processor.py:927} WARNING - No viable dags retrieved from /opt/airflow/dags/cases/01-1c-excel-pipeline/data/samples/Реализации_2025-06-07.xlsx
[2026-06-09T13:57:48.191+0000] {processor.py:208} INFO - Processing /opt/airflow/dags/cases/01-1c-excel-pipeline/data/samples/Реализации_2025-06-07.xlsx took 0.027 seconds
[2026-06-09T13:58:18.766+0000] {processor.py:186} INFO - Started process (PID=575) to work on /opt/airflow/dags/cases/01-1c-excel-pipeline/data/samples/Реализации_2025-06-07.xlsx
[2026-06-09T13:58:18.767+0000] {processor.py:914} INFO - Processing file /opt/airflow/dags/cases/01-1c-excel-pipeline/data/samples/Реализации_2025-06-07.xlsx for tasks to queue
[2026-06-09T13:58:18.771+0000] {logging_mixin.py:190} INFO - [2026-06-09T13:58:18.770+0000] {dagbag.py:588} INFO - Filling up the DagBag from /opt/airflow/dags/cases/01-1c-excel-pipeline/data/samples/Реализации_2025-06-07.xlsx
[2026-06-09T13:58:18.773+0000] {processor.py:927} WARNING - No viable dags retrieved from /opt/airflow/dags/cases/01-1c-excel-pipeline/data/samples/Реализации_2025-06-07.xlsx
[2026-06-09T13:58:18.785+0000] {processor.py:208} INFO - Processing /opt/airflow/dags/cases/01-1c-excel-pipeline/data/samples/Реализации_2025-06-07.xlsx took 0.026 seconds
[2026-06-09T13:58:49.297+0000] {processor.py:186} INFO - Started process (PID=579) to work on /opt/airflow/dags/cases/01-1c-excel-pipeline/data/samples/Реализации_2025-06-07.xlsx
[2026-06-09T13:58:49.298+0000] {processor.py:914} INFO - Processing file /opt/airflow/dags/cases/01-1c-excel-pipeline/data/samples/Реализации_2025-06-07.xlsx for tasks to queue
[2026-06-09T13:58:49.302+0000] {logging_mixin.py:190} INFO - [2026-06-09T13:58:49.301+0000] {dagbag.py:588} INFO - Filling up the DagBag from /opt/airflow/dags/cases/01-1c-excel-pipeline/data/samples/Реализации_2025-06-07.xlsx
[2026-06-09T13:58:49.304+0000] {processor.py:927} WARNING - No viable dags retrieved from /opt/airflow/dags/cases/01-1c-excel-pipeline/data/samples/Реализации_2025-06-07.xlsx
[2026-06-09T13:58:49.317+0000] {processor.py:208} INFO - Processing /opt/airflow/dags/cases/01-1c-excel-pipeline/data/samples/Реализации_2025-06-07.xlsx took 0.030 seconds
[2026-06-09T13:59:19.853+0000] {processor.py:186} INFO - Started process (PID=583) to work on /opt/airflow/dags/cases/01-1c-excel-pipeline/data/samples/Реализации_2025-06-07.xlsx
[2026-06-09T13:59:19.854+0000] {processor.py:914} INFO - Processing file /opt/airflow/dags/cases/01-1c-excel-pipeline/data/samples/Реализации_2025-06-07.xlsx for tasks to queue
[2026-06-09T13:59:19.857+0000] {logging_mixin.py:190} INFO - [2026-06-09T13:59:19.856+0000] {dagbag.py:588} INFO - Filling up the DagBag from /opt/airflow/dags/cases/01-1c-excel-pipeline/data/samples/Реализации_2025-06-07.xlsx
[2026-06-09T13:59:19.859+0000] {processor.py:927} WARNING - No viable dags retrieved from /opt/airflow/dags/cases/01-1c-excel-pipeline/data/samples/Реализации_2025-06-07.xlsx
[2026-06-09T13:59:19.874+0000] {processor.py:208} INFO - Processing /opt/airflow/dags/cases/01-1c-excel-pipeline/data/samples/Реализации_2025-06-07.xlsx took 0.028 seconds
[2026-06-09T13:59:50.387+0000] {processor.py:186} INFO - Started process (PID=587) to work on /opt/airflow/dags/cases/01-1c-excel-pipeline/data/samples/Реализации_2025-06-07.xlsx
[2026-06-09T13:59:50.388+0000] {processor.py:914} INFO - Processing file /opt/airflow/dags/cases/01-1c-excel-pipeline/data/samples/Реализации_2025-06-07.xlsx for tasks to queue
[2026-06-09T13:59:50.391+0000] {logging_mixin.py:190} INFO - [2026-06-09T13:59:50.391+0000] {dagbag.py:588} INFO - Filling up the DagBag from /opt/airflow/dags/cases/01-1c-excel-pipeline/data/samples/Реализации_2025-06-07.xlsx
[2026-06-09T13:59:50.393+0000] {processor.py:927} WARNING - No viable dags retrieved from /opt/airflow/dags/cases/01-1c-excel-pipeline/data/samples/Реализации_2025-06-07.xlsx
[2026-06-09T13:59:50.407+0000] {processor.py:208} INFO - Processing /opt/airflow/dags/cases/01-1c-excel-pipeline/data/samples/Реализации_2025-06-07.xlsx took 0.027 seconds
[2026-06-09T14:00:20.938+0000] {processor.py:186} INFO - Started process (PID=591) to work on /opt/airflow/dags/cases/01-1c-excel-pipeline/data/samples/Реализации_2025-06-07.xlsx
[2026-06-09T14:00:20.939+0000] {processor.py:914} INFO - Processing file /opt/airflow/dags/cases/01-1c-excel-pipeline/data/samples/Реализации_2025-06-07.xlsx for tasks to queue
[2026-06-09T14:00:20.942+0000] {logging_mixin.py:190} INFO - [2026-06-09T14:00:20.942+0000] {dagbag.py:588} INFO - Filling up the DagBag from /opt/airflow/dags/cases/01-1c-excel-pipeline/data/samples/Реализации_2025-06-07.xlsx
[2026-06-09T14:00:20.944+0000] {processor.py:927} WARNING - No viable dags retrieved from /opt/airflow/dags/cases/01-1c-excel-pipeline/data/samples/Реализации_2025-06-07.xlsx
[2026-06-09T14:00:20.958+0000] {processor.py:208} INFO - Processing /opt/airflow/dags/cases/01-1c-excel-pipeline/data/samples/Реализации_2025-06-07.xlsx took 0.027 seconds
[2026-06-09T14:00:51.454+0000] {processor.py:186} INFO - Started process (PID=595) to work on /opt/airflow/dags/cases/01-1c-excel-pipeline/data/samples/Реализации_2025-06-07.xlsx
[2026-06-09T14:00:51.455+0000] {processor.py:914} INFO - Processing file /opt/airflow/dags/cases/01-1c-excel-pipeline/data/samples/Реализации_2025-06-07.xlsx for tasks to queue
[2026-06-09T14:00:51.457+0000] {logging_mixin.py:190} INFO - [2026-06-09T14:00:51.457+0000] {dagbag.py:588} INFO - Filling up the DagBag from /opt/airflow/dags/cases/01-1c-excel-pipeline/data/samples/Реализации_2025-06-07.xlsx
[2026-06-09T14:00:51.459+0000] {processor.py:927} WARNING - No viable dags retrieved from /opt/airflow/dags/cases/01-1c-excel-pipeline/data/samples/Реализации_2025-06-07.xlsx
[2026-06-09T14:00:51.474+0000] {processor.py:208} INFO - Processing /opt/airflow/dags/cases/01-1c-excel-pipeline/data/samples/Реализации_2025-06-07.xlsx took 0.028 seconds
[2026-06-09T14:01:21.928+0000] {processor.py:186} INFO - Started process (PID=599) to work on /opt/airflow/dags/cases/01-1c-excel-pipeline/data/samples/Реализации_2025-06-07.xlsx
[2026-06-09T14:01:21.929+0000] {processor.py:914} INFO - Processing file /opt/airflow/dags/cases/01-1c-excel-pipeline/data/samples/Реализации_2025-06-07.xlsx for tasks to queue
[2026-06-09T14:01:21.933+0000] {logging_mixin.py:190} INFO - [2026-06-09T14:01:21.933+0000] {dagbag.py:588} INFO - Filling up the DagBag from /opt/airflow/dags/cases/01-1c-excel-pipeline/data/samples/Реализации_2025-06-07.xlsx
[2026-06-09T14:01:21.937+0000] {processor.py:927} WARNING - No viable dags retrieved from /opt/airflow/dags/cases/01-1c-excel-pipeline/data/samples/Реализации_2025-06-07.xlsx
[2026-06-09T14:01:21.949+0000] {processor.py:208} INFO - Processing /opt/airflow/dags/cases/01-1c-excel-pipeline/data/samples/Реализации_2025-06-07.xlsx took 0.028 seconds
[2026-06-09T14:01:52.529+0000] {processor.py:186} INFO - Started process (PID=603) to work on /opt/airflow/dags/cases/01-1c-excel-pipeline/data/samples/Реализации_2025-06-07.xlsx
[2026-06-09T14:01:52.530+0000] {processor.py:914} INFO - Processing file /opt/airflow/dags/cases/01-1c-excel-pipeline/data/samples/Реализации_2025-06-07.xlsx for tasks to queue
[2026-06-09T14:01:52.533+0000] {logging_mixin.py:190} INFO - [2026-06-09T14:01:52.533+0000] {dagbag.py:588} INFO - Filling up the DagBag from /opt/airflow/dags/cases/01-1c-excel-pipeline/data/samples/Реализации_2025-06-07.xlsx
[2026-06-09T14:01:52.538+0000] {processor.py:927} WARNING - No viable dags retrieved from /opt/airflow/dags/cases/01-1c-excel-pipeline/data/samples/Реализации_2025-06-07.xlsx
[2026-06-09T14:01:52.553+0000] {processor.py:208} INFO - Processing /opt/airflow/dags/cases/01-1c-excel-pipeline/data/samples/Реализации_2025-06-07.xlsx took 0.031 seconds
[2026-06-09T14:02:23.058+0000] {processor.py:186} INFO - Started process (PID=607) to work on /opt/airflow/dags/cases/01-1c-excel-pipeline/data/samples/Реализации_2025-06-07.xlsx
[2026-06-09T14:02:23.059+0000] {processor.py:914} INFO - Processing file /opt/airflow/dags/cases/01-1c-excel-pipeline/data/samples/Реализации_2025-06-07.xlsx for tasks to queue
[2026-06-09T14:02:23.061+0000] {logging_mixin.py:190} INFO - [2026-06-09T14:02:23.060+0000] {dagbag.py:588} INFO - Filling up the DagBag from /opt/airflow/dags/cases/01-1c-excel-pipeline/data/samples/Реализации_2025-06-07.xlsx
[2026-06-09T14:02:23.062+0000] {processor.py:927} WARNING - No viable dags retrieved from /opt/airflow/dags/cases/01-1c-excel-pipeline/data/samples/Реализации_2025-06-07.xlsx
[2026-06-09T14:02:23.069+0000] {processor.py:208} INFO - Processing /opt/airflow/dags/cases/01-1c-excel-pipeline/data/samples/Реализации_2025-06-07.xlsx took 0.014 seconds
[2026-06-09T14:02:53.582+0000] {processor.py:186} INFO - Started process (PID=611) to work on /opt/airflow/dags/cases/01-1c-excel-pipeline/data/samples/Реализации_2025-06-07.xlsx
[2026-06-09T14:02:53.584+0000] {processor.py:914} INFO - Processing file /opt/airflow/dags/cases/01-1c-excel-pipeline/data/samples/Реализации_2025-06-07.xlsx for tasks to queue
[2026-06-09T14:02:53.587+0000] {logging_mixin.py:190} INFO - [2026-06-09T14:02:53.587+0000] {dagbag.py:588} INFO - Filling up the DagBag from /opt/airflow/dags/cases/01-1c-excel-pipeline/data/samples/Реализации_2025-06-07.xlsx
[2026-06-09T14:02:53.589+0000] {processor.py:927} WARNING - No viable dags retrieved from /opt/airflow/dags/cases/01-1c-excel-pipeline/data/samples/Реализации_2025-06-07.xlsx
[2026-06-09T14:02:53.602+0000] {processor.py:208} INFO - Processing /opt/airflow/dags/cases/01-1c-excel-pipeline/data/samples/Реализации_2025-06-07.xlsx took 0.027 seconds
[2026-06-09T14:03:24.181+0000] {processor.py:186} INFO - Started process (PID=615) to work on /opt/airflow/dags/cases/01-1c-excel-pipeline/data/samples/Реализации_2025-06-07.xlsx
[2026-06-09T14:03:24.183+0000] {processor.py:914} INFO - Processing file /opt/airflow/dags/cases/01-1c-excel-pipeline/data/samples/Реализации_2025-06-07.xlsx for tasks to queue
[2026-06-09T14:03:24.185+0000] {logging_mixin.py:190} INFO - [2026-06-09T14:03:24.185+0000] {dagbag.py:588} INFO - Filling up the DagBag from /opt/airflow/dags/cases/01-1c-excel-pipeline/data/samples/Реализации_2025-06-07.xlsx
[2026-06-09T14:03:24.187+0000] {processor.py:927} WARNING - No viable dags retrieved from /opt/airflow/dags/cases/01-1c-excel-pipeline/data/samples/Реализации_2025-06-07.xlsx
[2026-06-09T14:03:24.200+0000] {processor.py:208} INFO - Processing /opt/airflow/dags/cases/01-1c-excel-pipeline/data/samples/Реализации_2025-06-07.xlsx took 0.028 seconds
[2026-06-09T14:03:54.703+0000] {processor.py:186} INFO - Started process (PID=619) to work on /opt/airflow/dags/cases/01-1c-excel-pipeline/data/samples/Реализации_2025-06-07.xlsx
[2026-06-09T14:03:54.704+0000] {processor.py:914} INFO - Processing file /opt/airflow/dags/cases/01-1c-excel-pipeline/data/samples/Реализации_2025-06-07.xlsx for tasks to queue
[2026-06-09T14:03:54.708+0000] {logging_mixin.py:190} INFO - [2026-06-09T14:03:54.708+0000] {dagbag.py:588} INFO - Filling up the DagBag from /opt/airflow/dags/cases/01-1c-excel-pipeline/data/samples/Реализации_2025-06-07.xlsx
[2026-06-09T14:03:54.712+0000] {processor.py:927} WARNING - No viable dags retrieved from /opt/airflow/dags/cases/01-1c-excel-pipeline/data/samples/Реализации_2025-06-07.xlsx
[2026-06-09T14:03:54.731+0000] {processor.py:208} INFO - Processing /opt/airflow/dags/cases/01-1c-excel-pipeline/data/samples/Реализации_2025-06-07.xlsx took 0.037 seconds
[2026-06-09T14:04:25.214+0000] {processor.py:186} INFO - Started process (PID=623) to work on /opt/airflow/dags/cases/01-1c-excel-pipeline/data/samples/Реализации_2025-06-07.xlsx
[2026-06-09T14:04:25.216+0000] {processor.py:914} INFO - Processing file /opt/airflow/dags/cases/01-1c-excel-pipeline/data/samples/Реализации_2025-06-07.xlsx for tasks to queue
[2026-06-09T14:04:25.220+0000] {logging_mixin.py:190} INFO - [2026-06-09T14:04:25.220+0000] {dagbag.py:588} INFO - Filling up the DagBag from /opt/airflow/dags/cases/01-1c-excel-pipeline/data/samples/Реализации_2025-06-07.xlsx
[2026-06-09T14:04:25.224+0000] {processor.py:927} WARNING - No viable dags retrieved from /opt/airflow/dags/cases/01-1c-excel-pipeline/data/samples/Реализации_2025-06-07.xlsx
[2026-06-09T14:04:25.240+0000] {processor.py:208} INFO - Processing /opt/airflow/dags/cases/01-1c-excel-pipeline/data/samples/Реализации_2025-06-07.xlsx took 0.034 seconds
[2026-06-09T14:04:55.765+0000] {processor.py:186} INFO - Started process (PID=627) to work on /opt/airflow/dags/cases/01-1c-excel-pipeline/data/samples/Реализации_2025-06-07.xlsx
[2026-06-09T14:04:55.767+0000] {processor.py:914} INFO - Processing file /opt/airflow/dags/cases/01-1c-excel-pipeline/data/samples/Реализации_2025-06-07.xlsx for tasks to queue
[2026-06-09T14:04:55.771+0000] {logging_mixin.py:190} INFO - [2026-06-09T14:04:55.770+0000] {dagbag.py:588} INFO - Filling up the DagBag from /opt/airflow/dags/cases/01-1c-excel-pipeline/data/samples/Реализации_2025-06-07.xlsx
[2026-06-09T14:04:55.773+0000] {processor.py:927} WARNING - No viable dags retrieved from /opt/airflow/dags/cases/01-1c-excel-pipeline/data/samples/Реализации_2025-06-07.xlsx
[2026-06-09T14:04:55.788+0000] {processor.py:208} INFO - Processing /opt/airflow/dags/cases/01-1c-excel-pipeline/data/samples/Реализации_2025-06-07.xlsx took 0.030 seconds
[2026-06-09T14:05:26.294+0000] {processor.py:186} INFO - Started process (PID=631) to work on /opt/airflow/dags/cases/01-1c-excel-pipeline/data/samples/Реализации_2025-06-07.xlsx
[2026-06-09T14:05:26.295+0000] {processor.py:914} INFO - Processing file /opt/airflow/dags/cases/01-1c-excel-pipeline/data/samples/Реализации_2025-06-07.xlsx for tasks to queue
[2026-06-09T14:05:26.299+0000] {logging_mixin.py:190} INFO - [2026-06-09T14:05:26.299+0000] {dagbag.py:588} INFO - Filling up the DagBag from /opt/airflow/dags/cases/01-1c-excel-pipeline/data/samples/Реализации_2025-06-07.xlsx
[2026-06-09T14:05:26.301+0000] {processor.py:927} WARNING - No viable dags retrieved from /opt/airflow/dags/cases/01-1c-excel-pipeline/data/samples/Реализации_2025-06-07.xlsx
[2026-06-09T14:05:26.318+0000] {processor.py:208} INFO - Processing /opt/airflow/dags/cases/01-1c-excel-pipeline/data/samples/Реализации_2025-06-07.xlsx took 0.032 seconds
[2026-06-09T14:05:56.926+0000] {processor.py:186} INFO - Started process (PID=635) to work on /opt/airflow/dags/cases/01-1c-excel-pipeline/data/samples/Реализации_2025-06-07.xlsx
[2026-06-09T14:05:56.927+0000] {processor.py:914} INFO - Processing file /opt/airflow/dags/cases/01-1c-excel-pipeline/data/samples/Реализации_2025-06-07.xlsx for tasks to queue
[2026-06-09T14:05:56.930+0000] {logging_mixin.py:190} INFO - [2026-06-09T14:05:56.929+0000] {dagbag.py:588} INFO - Filling up the DagBag from /opt/airflow/dags/cases/01-1c-excel-pipeline/data/samples/Реализации_2025-06-07.xlsx
[2026-06-09T14:05:56.932+0000] {processor.py:927} WARNING - No viable dags retrieved from /opt/airflow/dags/cases/01-1c-excel-pipeline/data/samples/Реализации_2025-06-07.xlsx
[2026-06-09T14:05:56.944+0000] {processor.py:208} INFO - Processing /opt/airflow/dags/cases/01-1c-excel-pipeline/data/samples/Реализации_2025-06-07.xlsx took 0.027 seconds
[2026-06-09T14:06:27.392+0000] {processor.py:186} INFO - Started process (PID=639) to work on /opt/airflow/dags/cases/01-1c-excel-pipeline/data/samples/Реализации_2025-06-07.xlsx
[2026-06-09T14:06:27.393+0000] {processor.py:914} INFO - Processing file /opt/airflow/dags/cases/01-1c-excel-pipeline/data/samples/Реализации_2025-06-07.xlsx for tasks to queue
[2026-06-09T14:06:27.395+0000] {logging_mixin.py:190} INFO - [2026-06-09T14:06:27.394+0000] {dagbag.py:588} INFO - Filling up the DagBag from /opt/airflow/dags/cases/01-1c-excel-pipeline/data/samples/Реализации_2025-06-07.xlsx
[2026-06-09T14:06:27.396+0000] {processor.py:927} WARNING - No viable dags retrieved from /opt/airflow/dags/cases/01-1c-excel-pipeline/data/samples/Реализации_2025-06-07.xlsx
[2026-06-09T14:06:27.404+0000] {processor.py:208} INFO - Processing /opt/airflow/dags/cases/01-1c-excel-pipeline/data/samples/Реализации_2025-06-07.xlsx took 0.015 seconds
[2026-06-09T14:06:57.810+0000] {processor.py:186} INFO - Started process (PID=643) to work on /opt/airflow/dags/cases/01-1c-excel-pipeline/data/samples/Реализации_2025-06-07.xlsx
[2026-06-09T14:06:57.811+0000] {processor.py:914} INFO - Processing file /opt/airflow/dags/cases/01-1c-excel-pipeline/data/samples/Реализации_2025-06-07.xlsx for tasks to queue
[2026-06-09T14:06:57.813+0000] {logging_mixin.py:190} INFO - [2026-06-09T14:06:57.813+0000] {dagbag.py:588} INFO - Filling up the DagBag from /opt/airflow/dags/cases/01-1c-excel-pipeline/data/samples/Реализации_2025-06-07.xlsx
[2026-06-09T14:06:57.815+0000] {processor.py:927} WARNING - No viable dags retrieved from /opt/airflow/dags/cases/01-1c-excel-pipeline/data/samples/Реализации_2025-06-07.xlsx
[2026-06-09T14:06:57.823+0000] {processor.py:208} INFO - Processing /opt/airflow/dags/cases/01-1c-excel-pipeline/data/samples/Реализации_2025-06-07.xlsx took 0.016 seconds
[2026-06-09T14:07:28.348+0000] {processor.py:186} INFO - Started process (PID=647) to work on /opt/airflow/dags/cases/01-1c-excel-pipeline/data/samples/Реализации_2025-06-07.xlsx
[2026-06-09T14:07:28.350+0000] {processor.py:914} INFO - Processing file /opt/airflow/dags/cases/01-1c-excel-pipeline/data/samples/Реализации_2025-06-07.xlsx for tasks to queue
[2026-06-09T14:07:28.354+0000] {logging_mixin.py:190} INFO - [2026-06-09T14:07:28.353+0000] {dagbag.py:588} INFO - Filling up the DagBag from /opt/airflow/dags/cases/01-1c-excel-pipeline/data/samples/Реализации_2025-06-07.xlsx
[2026-06-09T14:07:28.356+0000] {processor.py:927} WARNING - No viable dags retrieved from /opt/airflow/dags/cases/01-1c-excel-pipeline/data/samples/Реализации_2025-06-07.xlsx
[2026-06-09T14:07:28.370+0000] {processor.py:208} INFO - Processing /opt/airflow/dags/cases/01-1c-excel-pipeline/data/samples/Реализации_2025-06-07.xlsx took 0.030 seconds
[2026-06-09T14:07:58.890+0000] {processor.py:186} INFO - Started process (PID=651) to work on /opt/airflow/dags/cases/01-1c-excel-pipeline/data/samples/Реализации_2025-06-07.xlsx
[2026-06-09T14:07:58.891+0000] {processor.py:914} INFO - Processing file /opt/airflow/dags/cases/01-1c-excel-pipeline/data/samples/Реализации_2025-06-07.xlsx for tasks to queue
[2026-06-09T14:07:58.894+0000] {logging_mixin.py:190} INFO - [2026-06-09T14:07:58.894+0000] {dagbag.py:588} INFO - Filling up the DagBag from /opt/airflow/dags/cases/01-1c-excel-pipeline/data/samples/Реализации_2025-06-07.xlsx
[2026-06-09T14:07:58.896+0000] {processor.py:927} WARNING - No viable dags retrieved from /opt/airflow/dags/cases/01-1c-excel-pipeline/data/samples/Реализации_2025-06-07.xlsx
[2026-06-09T14:07:58.909+0000] {processor.py:208} INFO - Processing /opt/airflow/dags/cases/01-1c-excel-pipeline/data/samples/Реализации_2025-06-07.xlsx took 0.026 seconds
[2026-06-09T14:08:29.414+0000] {processor.py:186} INFO - Started process (PID=655) to work on /opt/airflow/dags/cases/01-1c-excel-pipeline/data/samples/Реализации_2025-06-07.xlsx
[2026-06-09T14:08:29.416+0000] {processor.py:914} INFO - Processing file /opt/airflow/dags/cases/01-1c-excel-pipeline/data/samples/Реализации_2025-06-07.xlsx for tasks to queue
[2026-06-09T14:08:29.419+0000] {logging_mixin.py:190} INFO - [2026-06-09T14:08:29.419+0000] {dagbag.py:588} INFO - Filling up the DagBag from /opt/airflow/dags/cases/01-1c-excel-pipeline/data/samples/Реализации_2025-06-07.xlsx
[2026-06-09T14:08:29.421+0000] {processor.py:927} WARNING - No viable dags retrieved from /opt/airflow/dags/cases/01-1c-excel-pipeline/data/samples/Реализации_2025-06-07.xlsx
[2026-06-09T14:08:29.434+0000] {processor.py:208} INFO - Processing /opt/airflow/dags/cases/01-1c-excel-pipeline/data/samples/Реализации_2025-06-07.xlsx took 0.028 seconds
[2026-06-09T14:08:59.908+0000] {processor.py:186} INFO - Started process (PID=659) to work on /opt/airflow/dags/cases/01-1c-excel-pipeline/data/samples/Реализации_2025-06-07.xlsx
[2026-06-09T14:08:59.909+0000] {processor.py:914} INFO - Processing file /opt/airflow/dags/cases/01-1c-excel-pipeline/data/samples/Реализации_2025-06-07.xlsx for tasks to queue
[2026-06-09T14:08:59.914+0000] {logging_mixin.py:190} INFO - [2026-06-09T14:08:59.914+0000] {dagbag.py:588} INFO - Filling up the DagBag from /opt/airflow/dags/cases/01-1c-excel-pipeline/data/samples/Реализации_2025-06-07.xlsx
[2026-06-09T14:08:59.916+0000] {processor.py:927} WARNING - No viable dags retrieved from /opt/airflow/dags/cases/01-1c-excel-pipeline/data/samples/Реализации_2025-06-07.xlsx
[2026-06-09T14:08:59.928+0000] {processor.py:208} INFO - Processing /opt/airflow/dags/cases/01-1c-excel-pipeline/data/samples/Реализации_2025-06-07.xlsx took 0.027 seconds
[2026-06-09T14:09:30.416+0000] {processor.py:186} INFO - Started process (PID=663) to work on /opt/airflow/dags/cases/01-1c-excel-pipeline/data/samples/Реализации_2025-06-07.xlsx
[2026-06-09T14:09:30.417+0000] {processor.py:914} INFO - Processing file /opt/airflow/dags/cases/01-1c-excel-pipeline/data/samples/Реализации_2025-06-07.xlsx for tasks to queue
[2026-06-09T14:09:30.422+0000] {logging_mixin.py:190} INFO - [2026-06-09T14:09:30.421+0000] {dagbag.py:588} INFO - Filling up the DagBag from /opt/airflow/dags/cases/01-1c-excel-pipeline/data/samples/Реализации_2025-06-07.xlsx
[2026-06-09T14:09:30.425+0000] {processor.py:927} WARNING - No viable dags retrieved from /opt/airflow/dags/cases/01-1c-excel-pipeline/data/samples/Реализации_2025-06-07.xlsx
[2026-06-09T14:09:30.440+0000] {processor.py:208} INFO - Processing /opt/airflow/dags/cases/01-1c-excel-pipeline/data/samples/Реализации_2025-06-07.xlsx took 0.031 seconds
[2026-06-09T14:10:00.932+0000] {processor.py:186} INFO - Started process (PID=667) to work on /opt/airflow/dags/cases/01-1c-excel-pipeline/data/samples/Реализации_2025-06-07.xlsx
[2026-06-09T14:10:00.933+0000] {processor.py:914} INFO - Processing file /opt/airflow/dags/cases/01-1c-excel-pipeline/data/samples/Реализации_2025-06-07.xlsx for tasks to queue
[2026-06-09T14:10:00.937+0000] {logging_mixin.py:190} INFO - [2026-06-09T14:10:00.937+0000] {dagbag.py:588} INFO - Filling up the DagBag from /opt/airflow/dags/cases/01-1c-excel-pipeline/data/samples/Реализации_2025-06-07.xlsx
[2026-06-09T14:10:00.939+0000] {processor.py:927} WARNING - No viable dags retrieved from /opt/airflow/dags/cases/01-1c-excel-pipeline/data/samples/Реализации_2025-06-07.xlsx
[2026-06-09T14:10:00.955+0000] {processor.py:208} INFO - Processing /opt/airflow/dags/cases/01-1c-excel-pipeline/data/samples/Реализации_2025-06-07.xlsx took 0.031 seconds
[2026-06-09T14:10:31.531+0000] {processor.py:186} INFO - Started process (PID=671) to work on /opt/airflow/dags/cases/01-1c-excel-pipeline/data/samples/Реализации_2025-06-07.xlsx
[2026-06-09T14:10:31.532+0000] {processor.py:914} INFO - Processing file /opt/airflow/dags/cases/01-1c-excel-pipeline/data/samples/Реализации_2025-06-07.xlsx for tasks to queue
[2026-06-09T14:10:31.535+0000] {logging_mixin.py:190} INFO - [2026-06-09T14:10:31.535+0000] {dagbag.py:588} INFO - Filling up the DagBag from /opt/airflow/dags/cases/01-1c-excel-pipeline/data/samples/Реализации_2025-06-07.xlsx
[2026-06-09T14:10:31.537+0000] {processor.py:927} WARNING - No viable dags retrieved from /opt/airflow/dags/cases/01-1c-excel-pipeline/data/samples/Реализации_2025-06-07.xlsx
[2026-06-09T14:10:31.549+0000] {processor.py:208} INFO - Processing /opt/airflow/dags/cases/01-1c-excel-pipeline/data/samples/Реализации_2025-06-07.xlsx took 0.026 seconds
[2026-06-09T14:11:02.105+0000] {processor.py:186} INFO - Started process (PID=675) to work on /opt/airflow/dags/cases/01-1c-excel-pipeline/data/samples/Реализации_2025-06-07.xlsx
[2026-06-09T14:11:02.106+0000] {processor.py:914} INFO - Processing file /opt/airflow/dags/cases/01-1c-excel-pipeline/data/samples/Реализации_2025-06-07.xlsx for tasks to queue
[2026-06-09T14:11:02.109+0000] {logging_mixin.py:190} INFO - [2026-06-09T14:11:02.109+0000] {dagbag.py:588} INFO - Filling up the DagBag from /opt/airflow/dags/cases/01-1c-excel-pipeline/data/samples/Реализации_2025-06-07.xlsx
[2026-06-09T14:11:02.112+0000] {processor.py:927} WARNING - No viable dags retrieved from /opt/airflow/dags/cases/01-1c-excel-pipeline/data/samples/Реализации_2025-06-07.xlsx
[2026-06-09T14:11:02.127+0000] {processor.py:208} INFO - Processing /opt/airflow/dags/cases/01-1c-excel-pipeline/data/samples/Реализации_2025-06-07.xlsx took 0.035 seconds
[2026-06-09T14:11:32.690+0000] {processor.py:186} INFO - Started process (PID=679) to work on /opt/airflow/dags/cases/01-1c-excel-pipeline/data/samples/Реализации_2025-06-07.xlsx
[2026-06-09T14:11:32.690+0000] {processor.py:914} INFO - Processing file /opt/airflow/dags/cases/01-1c-excel-pipeline/data/samples/Реализации_2025-06-07.xlsx for tasks to queue
[2026-06-09T14:11:32.694+0000] {logging_mixin.py:190} INFO - [2026-06-09T14:11:32.693+0000] {dagbag.py:588} INFO - Filling up the DagBag from /opt/airflow/dags/cases/01-1c-excel-pipeline/data/samples/Реализации_2025-06-07.xlsx
[2026-06-09T14:11:32.696+0000] {processor.py:927} WARNING - No viable dags retrieved from /opt/airflow/dags/cases/01-1c-excel-pipeline/data/samples/Реализации_2025-06-07.xlsx
[2026-06-09T14:11:32.709+0000] {processor.py:208} INFO - Processing /opt/airflow/dags/cases/01-1c-excel-pipeline/data/samples/Реализации_2025-06-07.xlsx took 0.027 seconds
[2026-06-09T14:12:03.284+0000] {processor.py:186} INFO - Started process (PID=683) to work on /opt/airflow/dags/cases/01-1c-excel-pipeline/data/samples/Реализации_2025-06-07.xlsx
[2026-06-09T14:12:03.285+0000] {processor.py:914} INFO - Processing file /opt/airflow/dags/cases/01-1c-excel-pipeline/data/samples/Реализации_2025-06-07.xlsx for tasks to queue
[2026-06-09T14:12:03.290+0000] {logging_mixin.py:190} INFO - [2026-06-09T14:12:03.289+0000] {dagbag.py:588} INFO - Filling up the DagBag from /opt/airflow/dags/cases/01-1c-excel-pipeline/data/samples/Реализации_2025-06-07.xlsx
[2026-06-09T14:12:03.296+0000] {processor.py:927} WARNING - No viable dags retrieved from /opt/airflow/dags/cases/01-1c-excel-pipeline/data/samples/Реализации_2025-06-07.xlsx
[2026-06-09T14:12:03.343+0000] {processor.py:208} INFO - Processing /opt/airflow/dags/cases/01-1c-excel-pipeline/data/samples/Реализации_2025-06-07.xlsx took 0.065 seconds
[2026-06-09T14:12:33.828+0000] {processor.py:186} INFO - Started process (PID=687) to work on /opt/airflow/dags/cases/01-1c-excel-pipeline/data/samples/Реализации_2025-06-07.xlsx
[2026-06-09T14:12:33.829+0000] {processor.py:914} INFO - Processing file /opt/airflow/dags/cases/01-1c-excel-pipeline/data/samples/Реализации_2025-06-07.xlsx for tasks to queue
[2026-06-09T14:12:33.832+0000] {logging_mixin.py:190} INFO - [2026-06-09T14:12:33.831+0000] {dagbag.py:588} INFO - Filling up the DagBag from /opt/airflow/dags/cases/01-1c-excel-pipeline/data/samples/Реализации_2025-06-07.xlsx
[2026-06-09T14:12:33.833+0000] {processor.py:927} WARNING - No viable dags retrieved from /opt/airflow/dags/cases/01-1c-excel-pipeline/data/samples/Реализации_2025-06-07.xlsx
[2026-06-09T14:12:33.851+0000] {processor.py:208} INFO - Processing /opt/airflow/dags/cases/01-1c-excel-pipeline/data/samples/Реализации_2025-06-07.xlsx took 0.030 seconds
[2026-06-09T14:13:04.317+0000] {processor.py:186} INFO - Started process (PID=691) to work on /opt/airflow/dags/cases/01-1c-excel-pipeline/data/samples/Реализации_2025-06-07.xlsx
[2026-06-09T14:13:04.319+0000] {processor.py:914} INFO - Processing file /opt/airflow/dags/cases/01-1c-excel-pipeline/data/samples/Реализации_2025-06-07.xlsx for tasks to queue
[2026-06-09T14:13:04.323+0000] {logging_mixin.py:190} INFO - [2026-06-09T14:13:04.323+0000] {dagbag.py:588} INFO - Filling up the DagBag from /opt/airflow/dags/cases/01-1c-excel-pipeline/data/samples/Реализации_2025-06-07.xlsx
[2026-06-09T14:13:04.325+0000] {processor.py:927} WARNING - No viable dags retrieved from /opt/airflow/dags/cases/01-1c-excel-pipeline/data/samples/Реализации_2025-06-07.xlsx
[2026-06-09T14:13:04.334+0000] {processor.py:208} INFO - Processing /opt/airflow/dags/cases/01-1c-excel-pipeline/data/samples/Реализации_2025-06-07.xlsx took 0.023 seconds
[2026-06-09T14:13:34.849+0000] {processor.py:186} INFO - Started process (PID=695) to work on /opt/airflow/dags/cases/01-1c-excel-pipeline/data/samples/Реализации_2025-06-07.xlsx
[2026-06-09T14:13:34.850+0000] {processor.py:914} INFO - Processing file /opt/airflow/dags/cases/01-1c-excel-pipeline/data/samples/Реализации_2025-06-07.xlsx for tasks to queue
[2026-06-09T14:13:34.854+0000] {logging_mixin.py:190} INFO - [2026-06-09T14:13:34.853+0000] {dagbag.py:588} INFO - Filling up the DagBag from /opt/airflow/dags/cases/01-1c-excel-pipeline/data/samples/Реализации_2025-06-07.xlsx
[2026-06-09T14:13:34.856+0000] {processor.py:927} WARNING - No viable dags retrieved from /opt/airflow/dags/cases/01-1c-excel-pipeline/data/samples/Реализации_2025-06-07.xlsx
[2026-06-09T14:13:34.870+0000] {processor.py:208} INFO - Processing /opt/airflow/dags/cases/01-1c-excel-pipeline/data/samples/Реализации_2025-06-07.xlsx took 0.028 seconds
[2026-06-09T14:14:05.447+0000] {processor.py:186} INFO - Started process (PID=699) to work on /opt/airflow/dags/cases/01-1c-excel-pipeline/data/samples/Реализации_2025-06-07.xlsx
[2026-06-09T14:14:05.449+0000] {processor.py:914} INFO - Processing file /opt/airflow/dags/cases/01-1c-excel-pipeline/data/samples/Реализации_2025-06-07.xlsx for tasks to queue
[2026-06-09T14:14:05.452+0000] {logging_mixin.py:190} INFO - [2026-06-09T14:14:05.452+0000] {dagbag.py:588} INFO - Filling up the DagBag from /opt/airflow/dags/cases/01-1c-excel-pipeline/data/samples/Реализации_2025-06-07.xlsx
[2026-06-09T14:14:05.454+0000] {processor.py:927} WARNING - No viable dags retrieved from /opt/airflow/dags/cases/01-1c-excel-pipeline/data/samples/Реализации_2025-06-07.xlsx
[2026-06-09T14:14:05.462+0000] {processor.py:208} INFO - Processing /opt/airflow/dags/cases/01-1c-excel-pipeline/data/samples/Реализации_2025-06-07.xlsx took 0.023 seconds
[2026-06-09T14:14:36.003+0000] {processor.py:186} INFO - Started process (PID=703) to work on /opt/airflow/dags/cases/01-1c-excel-pipeline/data/samples/Реализации_2025-06-07.xlsx
[2026-06-09T14:14:36.005+0000] {processor.py:914} INFO - Processing file /opt/airflow/dags/cases/01-1c-excel-pipeline/data/samples/Реализации_2025-06-07.xlsx for tasks to queue
[2026-06-09T14:14:36.012+0000] {logging_mixin.py:190} INFO - [2026-06-09T14:14:36.011+0000] {dagbag.py:588} INFO - Filling up the DagBag from /opt/airflow/dags/cases/01-1c-excel-pipeline/data/samples/Реализации_2025-06-07.xlsx
[2026-06-09T14:14:36.018+0000] {processor.py:927} WARNING - No viable dags retrieved from /opt/airflow/dags/cases/01-1c-excel-pipeline/data/samples/Реализации_2025-06-07.xlsx
[2026-06-09T14:14:36.039+0000] {processor.py:208} INFO - Processing /opt/airflow/dags/cases/01-1c-excel-pipeline/data/samples/Реализации_2025-06-07.xlsx took 0.044 seconds
[2026-06-09T14:15:06.518+0000] {processor.py:186} INFO - Started process (PID=707) to work on /opt/airflow/dags/cases/01-1c-excel-pipeline/data/samples/Реализации_2025-06-07.xlsx
[2026-06-09T14:15:06.519+0000] {processor.py:914} INFO - Processing file /opt/airflow/dags/cases/01-1c-excel-pipeline/data/samples/Реализации_2025-06-07.xlsx for tasks to queue
[2026-06-09T14:15:06.523+0000] {logging_mixin.py:190} INFO - [2026-06-09T14:15:06.522+0000] {dagbag.py:588} INFO - Filling up the DagBag from /opt/airflow/dags/cases/01-1c-excel-pipeline/data/samples/Реализации_2025-06-07.xlsx
[2026-06-09T14:15:06.525+0000] {processor.py:927} WARNING - No viable dags retrieved from /opt/airflow/dags/cases/01-1c-excel-pipeline/data/samples/Реализации_2025-06-07.xlsx
[2026-06-09T14:15:06.538+0000] {processor.py:208} INFO - Processing /opt/airflow/dags/cases/01-1c-excel-pipeline/data/samples/Реализации_2025-06-07.xlsx took 0.026 seconds
[2026-06-09T14:15:36.982+0000] {processor.py:186} INFO - Started process (PID=711) to work on /opt/airflow/dags/cases/01-1c-excel-pipeline/data/samples/Реализации_2025-06-07.xlsx
[2026-06-09T14:15:36.983+0000] {processor.py:914} INFO - Processing file /opt/airflow/dags/cases/01-1c-excel-pipeline/data/samples/Реализации_2025-06-07.xlsx for tasks to queue
[2026-06-09T14:15:36.986+0000] {logging_mixin.py:190} INFO - [2026-06-09T14:15:36.986+0000] {dagbag.py:588} INFO - Filling up the DagBag from /opt/airflow/dags/cases/01-1c-excel-pipeline/data/samples/Реализации_2025-06-07.xlsx
[2026-06-09T14:15:36.988+0000] {processor.py:927} WARNING - No viable dags retrieved from /opt/airflow/dags/cases/01-1c-excel-pipeline/data/samples/Реализации_2025-06-07.xlsx
[2026-06-09T14:15:37.004+0000] {processor.py:208} INFO - Processing /opt/airflow/dags/cases/01-1c-excel-pipeline/data/samples/Реализации_2025-06-07.xlsx took 0.030 seconds
[2026-06-09T14:16:07.540+0000] {processor.py:186} INFO - Started process (PID=715) to work on /opt/airflow/dags/cases/01-1c-excel-pipeline/data/samples/Реализации_2025-06-07.xlsx
[2026-06-09T14:16:07.543+0000] {processor.py:914} INFO - Processing file /opt/airflow/dags/cases/01-1c-excel-pipeline/data/samples/Реализации_2025-06-07.xlsx for tasks to queue
[2026-06-09T14:16:07.546+0000] {logging_mixin.py:190} INFO - [2026-06-09T14:16:07.545+0000] {dagbag.py:588} INFO - Filling up the DagBag from /opt/airflow/dags/cases/01-1c-excel-pipeline/data/samples/Реализации_2025-06-07.xlsx
[2026-06-09T14:16:07.548+0000] {processor.py:927} WARNING - No viable dags retrieved from /opt/airflow/dags/cases/01-1c-excel-pipeline/data/samples/Реализации_2025-06-07.xlsx
[2026-06-09T14:16:07.563+0000] {processor.py:208} INFO - Processing /opt/airflow/dags/cases/01-1c-excel-pipeline/data/samples/Реализации_2025-06-07.xlsx took 0.030 seconds
[2026-06-09T14:16:38.210+0000] {processor.py:186} INFO - Started process (PID=719) to work on /opt/airflow/dags/cases/01-1c-excel-pipeline/data/samples/Реализации_2025-06-07.xlsx
[2026-06-09T14:16:38.212+0000] {processor.py:914} INFO - Processing file /opt/airflow/dags/cases/01-1c-excel-pipeline/data/samples/Реализации_2025-06-07.xlsx for tasks to queue
[2026-06-09T14:16:38.215+0000] {logging_mixin.py:190} INFO - [2026-06-09T14:16:38.214+0000] {dagbag.py:588} INFO - Filling up the DagBag from /opt/airflow/dags/cases/01-1c-excel-pipeline/data/samples/Реализации_2025-06-07.xlsx
[2026-06-09T14:16:38.217+0000] {processor.py:927} WARNING - No viable dags retrieved from /opt/airflow/dags/cases/01-1c-excel-pipeline/data/samples/Реализации_2025-06-07.xlsx
[2026-06-09T14:16:38.232+0000] {processor.py:208} INFO - Processing /opt/airflow/dags/cases/01-1c-excel-pipeline/data/samples/Реализации_2025-06-07.xlsx took 0.031 seconds
[2026-06-09T14:17:08.783+0000] {processor.py:186} INFO - Started process (PID=723) to work on /opt/airflow/dags/cases/01-1c-excel-pipeline/data/samples/Реализации_2025-06-07.xlsx
[2026-06-09T14:17:08.784+0000] {processor.py:914} INFO - Processing file /opt/airflow/dags/cases/01-1c-excel-pipeline/data/samples/Реализации_2025-06-07.xlsx for tasks to queue
[2026-06-09T14:17:08.788+0000] {logging_mixin.py:190} INFO - [2026-06-09T14:17:08.788+0000] {dagbag.py:588} INFO - Filling up the DagBag from /opt/airflow/dags/cases/01-1c-excel-pipeline/data/samples/Реализации_2025-06-07.xlsx
[2026-06-09T14:17:08.790+0000] {processor.py:927} WARNING - No viable dags retrieved from /opt/airflow/dags/cases/01-1c-excel-pipeline/data/samples/Реализации_2025-06-07.xlsx
[2026-06-09T14:17:08.812+0000] {processor.py:208} INFO - Processing /opt/airflow/dags/cases/01-1c-excel-pipeline/data/samples/Реализации_2025-06-07.xlsx took 0.035 seconds
[2026-06-09T14:17:39.317+0000] {processor.py:186} INFO - Started process (PID=727) to work on /opt/airflow/dags/cases/01-1c-excel-pipeline/data/samples/Реализации_2025-06-07.xlsx
[2026-06-09T14:17:39.318+0000] {processor.py:914} INFO - Processing file /opt/airflow/dags/cases/01-1c-excel-pipeline/data/samples/Реализации_2025-06-07.xlsx for tasks to queue
[2026-06-09T14:17:39.322+0000] {logging_mixin.py:190} INFO - [2026-06-09T14:17:39.322+0000] {dagbag.py:588} INFO - Filling up the DagBag from /opt/airflow/dags/cases/01-1c-excel-pipeline/data/samples/Реализации_2025-06-07.xlsx
[2026-06-09T14:17:39.324+0000] {processor.py:927} WARNING - No viable dags retrieved from /opt/airflow/dags/cases/01-1c-excel-pipeline/data/samples/Реализации_2025-06-07.xlsx
[2026-06-09T14:17:39.337+0000] {processor.py:208} INFO - Processing /opt/airflow/dags/cases/01-1c-excel-pipeline/data/samples/Реализации_2025-06-07.xlsx took 0.028 seconds
[2026-06-09T14:18:09.854+0000] {processor.py:186} INFO - Started process (PID=731) to work on /opt/airflow/dags/cases/01-1c-excel-pipeline/data/samples/Реализации_2025-06-07.xlsx
[2026-06-09T14:18:09.855+0000] {processor.py:914} INFO - Processing file /opt/airflow/dags/cases/01-1c-excel-pipeline/data/samples/Реализации_2025-06-07.xlsx for tasks to queue
[2026-06-09T14:18:09.858+0000] {logging_mixin.py:190} INFO - [2026-06-09T14:18:09.858+0000] {dagbag.py:588} INFO - Filling up the DagBag from /opt/airflow/dags/cases/01-1c-excel-pipeline/data/samples/Реализации_2025-06-07.xlsx
[2026-06-09T14:18:09.860+0000] {processor.py:927} WARNING - No viable dags retrieved from /opt/airflow/dags/cases/01-1c-excel-pipeline/data/samples/Реализации_2025-06-07.xlsx
[2026-06-09T14:18:09.874+0000] {processor.py:208} INFO - Processing /opt/airflow/dags/cases/01-1c-excel-pipeline/data/samples/Реализации_2025-06-07.xlsx took 0.027 seconds
[2026-06-09T14:18:40.406+0000] {processor.py:186} INFO - Started process (PID=735) to work on /opt/airflow/dags/cases/01-1c-excel-pipeline/data/samples/Реализации_2025-06-07.xlsx
[2026-06-09T14:18:40.407+0000] {processor.py:914} INFO - Processing file /opt/airflow/dags/cases/01-1c-excel-pipeline/data/samples/Реализации_2025-06-07.xlsx for tasks to queue
[2026-06-09T14:18:40.410+0000] {logging_mixin.py:190} INFO - [2026-06-09T14:18:40.410+0000] {dagbag.py:588} INFO - Filling up the DagBag from /opt/airflow/dags/cases/01-1c-excel-pipeline/data/samples/Реализации_2025-06-07.xlsx
[2026-06-09T14:18:40.412+0000] {processor.py:927} WARNING - No viable dags retrieved from /opt/airflow/dags/cases/01-1c-excel-pipeline/data/samples/Реализации_2025-06-07.xlsx
[2026-06-09T14:18:40.424+0000] {processor.py:208} INFO - Processing /opt/airflow/dags/cases/01-1c-excel-pipeline/data/samples/Реализации_2025-06-07.xlsx took 0.024 seconds
[2026-06-09T14:19:10.927+0000] {processor.py:186} INFO - Started process (PID=739) to work on /opt/airflow/dags/cases/01-1c-excel-pipeline/data/samples/Реализации_2025-06-07.xlsx
[2026-06-09T14:19:10.929+0000] {processor.py:914} INFO - Processing file /opt/airflow/dags/cases/01-1c-excel-pipeline/data/samples/Реализации_2025-06-07.xlsx for tasks to queue
[2026-06-09T14:19:10.932+0000] {logging_mixin.py:190} INFO - [2026-06-09T14:19:10.932+0000] {dagbag.py:588} INFO - Filling up the DagBag from /opt/airflow/dags/cases/01-1c-excel-pipeline/data/samples/Реализации_2025-06-07.xlsx
[2026-06-09T14:19:10.934+0000] {processor.py:927} WARNING - No viable dags retrieved from /opt/airflow/dags/cases/01-1c-excel-pipeline/data/samples/Реализации_2025-06-07.xlsx
[2026-06-09T14:19:10.947+0000] {processor.py:208} INFO - Processing /opt/airflow/dags/cases/01-1c-excel-pipeline/data/samples/Реализации_2025-06-07.xlsx took 0.026 seconds
[2026-06-09T14:19:41.488+0000] {processor.py:186} INFO - Started process (PID=743) to work on /opt/airflow/dags/cases/01-1c-excel-pipeline/data/samples/Реализации_2025-06-07.xlsx
[2026-06-09T14:19:41.489+0000] {processor.py:914} INFO - Processing file /opt/airflow/dags/cases/01-1c-excel-pipeline/data/samples/Реализации_2025-06-07.xlsx for tasks to queue
[2026-06-09T14:19:41.493+0000] {logging_mixin.py:190} INFO - [2026-06-09T14:19:41.492+0000] {dagbag.py:588} INFO - Filling up the DagBag from /opt/airflow/dags/cases/01-1c-excel-pipeline/data/samples/Реализации_2025-06-07.xlsx
[2026-06-09T14:19:41.495+0000] {processor.py:927} WARNING - No viable dags retrieved from /opt/airflow/dags/cases/01-1c-excel-pipeline/data/samples/Реализации_2025-06-07.xlsx
[2026-06-09T14:19:41.507+0000] {processor.py:208} INFO - Processing /opt/airflow/dags/cases/01-1c-excel-pipeline/data/samples/Реализации_2025-06-07.xlsx took 0.026 seconds
[2026-06-09T14:20:12.026+0000] {processor.py:186} INFO - Started process (PID=747) to work on /opt/airflow/dags/cases/01-1c-excel-pipeline/data/samples/Реализации_2025-06-07.xlsx
[2026-06-09T14:20:12.027+0000] {processor.py:914} INFO - Processing file /opt/airflow/dags/cases/01-1c-excel-pipeline/data/samples/Реализации_2025-06-07.xlsx for tasks to queue
[2026-06-09T14:20:12.031+0000] {logging_mixin.py:190} INFO - [2026-06-09T14:20:12.031+0000] {dagbag.py:588} INFO - Filling up the DagBag from /opt/airflow/dags/cases/01-1c-excel-pipeline/data/samples/Реализации_2025-06-07.xlsx
[2026-06-09T14:20:12.037+0000] {processor.py:927} WARNING - No viable dags retrieved from /opt/airflow/dags/cases/01-1c-excel-pipeline/data/samples/Реализации_2025-06-07.xlsx
[2026-06-09T14:20:12.048+0000] {processor.py:208} INFO - Processing /opt/airflow/dags/cases/01-1c-excel-pipeline/data/samples/Реализации_2025-06-07.xlsx took 0.031 seconds
[2026-06-09T14:20:42.494+0000] {processor.py:186} INFO - Started process (PID=751) to work on /opt/airflow/dags/cases/01-1c-excel-pipeline/data/samples/Реализации_2025-06-07.xlsx
[2026-06-09T14:20:42.495+0000] {processor.py:914} INFO - Processing file /opt/airflow/dags/cases/01-1c-excel-pipeline/data/samples/Реализации_2025-06-07.xlsx for tasks to queue
[2026-06-09T14:20:42.496+0000] {logging_mixin.py:190} INFO - [2026-06-09T14:20:42.496+0000] {dagbag.py:588} INFO - Filling up the DagBag from /opt/airflow/dags/cases/01-1c-excel-pipeline/data/samples/Реализации_2025-06-07.xlsx
[2026-06-09T14:20:42.497+0000] {processor.py:927} WARNING - No viable dags retrieved from /opt/airflow/dags/cases/01-1c-excel-pipeline/data/samples/Реализации_2025-06-07.xlsx
[2026-06-09T14:20:42.505+0000] {processor.py:208} INFO - Processing /opt/airflow/dags/cases/01-1c-excel-pipeline/data/samples/Реализации_2025-06-07.xlsx took 0.015 seconds
[2026-06-09T14:21:12.974+0000] {processor.py:186} INFO - Started process (PID=755) to work on /opt/airflow/dags/cases/01-1c-excel-pipeline/data/samples/Реализации_2025-06-07.xlsx
[2026-06-09T14:21:12.975+0000] {processor.py:914} INFO - Processing file /opt/airflow/dags/cases/01-1c-excel-pipeline/data/samples/Реализации_2025-06-07.xlsx for tasks to queue
[2026-06-09T14:21:12.976+0000] {logging_mixin.py:190} INFO - [2026-06-09T14:21:12.976+0000] {dagbag.py:588} INFO - Filling up the DagBag from /opt/airflow/dags/cases/01-1c-excel-pipeline/data/samples/Реализации_2025-06-07.xlsx
[2026-06-09T14:21:12.978+0000] {processor.py:927} WARNING - No viable dags retrieved from /opt/airflow/dags/cases/01-1c-excel-pipeline/data/samples/Реализации_2025-06-07.xlsx
[2026-06-09T14:21:12.987+0000] {processor.py:208} INFO - Processing /opt/airflow/dags/cases/01-1c-excel-pipeline/data/samples/Реализации_2025-06-07.xlsx took 0.018 seconds
[2026-06-09T14:21:43.446+0000] {processor.py:186} INFO - Started process (PID=759) to work on /opt/airflow/dags/cases/01-1c-excel-pipeline/data/samples/Реализации_2025-06-07.xlsx
[2026-06-09T14:21:43.449+0000] {processor.py:914} INFO - Processing file /opt/airflow/dags/cases/01-1c-excel-pipeline/data/samples/Реализации_2025-06-07.xlsx for tasks to queue
[2026-06-09T14:21:43.452+0000] {logging_mixin.py:190} INFO - [2026-06-09T14:21:43.452+0000] {dagbag.py:588} INFO - Filling up the DagBag from /opt/airflow/dags/cases/01-1c-excel-pipeline/data/samples/Реализации_2025-06-07.xlsx
[2026-06-09T14:21:43.454+0000] {processor.py:927} WARNING - No viable dags retrieved from /opt/airflow/dags/cases/01-1c-excel-pipeline/data/samples/Реализации_2025-06-07.xlsx
[2026-06-09T14:21:43.469+0000] {processor.py:208} INFO - Processing /opt/airflow/dags/cases/01-1c-excel-pipeline/data/samples/Реализации_2025-06-07.xlsx took 0.031 seconds
[2026-06-09T14:22:14.002+0000] {processor.py:186} INFO - Started process (PID=763) to work on /opt/airflow/dags/cases/01-1c-excel-pipeline/data/samples/Реализации_2025-06-07.xlsx
[2026-06-09T14:22:14.003+0000] {processor.py:914} INFO - Processing file /opt/airflow/dags/cases/01-1c-excel-pipeline/data/samples/Реализации_2025-06-07.xlsx for tasks to queue
[2026-06-09T14:22:14.006+0000] {logging_mixin.py:190} INFO - [2026-06-09T14:22:14.005+0000] {dagbag.py:588} INFO - Filling up the DagBag from /opt/airflow/dags/cases/01-1c-excel-pipeline/data/samples/Реализации_2025-06-07.xlsx
[2026-06-09T14:22:14.007+0000] {processor.py:927} WARNING - No viable dags retrieved from /opt/airflow/dags/cases/01-1c-excel-pipeline/data/samples/Реализации_2025-06-07.xlsx
[2026-06-09T14:22:14.017+0000] {processor.py:208} INFO - Processing /opt/airflow/dags/cases/01-1c-excel-pipeline/data/samples/Реализации_2025-06-07.xlsx took 0.019 seconds
[2026-06-09T14:22:44.532+0000] {processor.py:186} INFO - Started process (PID=768) to work on /opt/airflow/dags/cases/01-1c-excel-pipeline/data/samples/Реализации_2025-06-07.xlsx
[2026-06-09T14:22:44.534+0000] {processor.py:914} INFO - Processing file /opt/airflow/dags/cases/01-1c-excel-pipeline/data/samples/Реализации_2025-06-07.xlsx for tasks to queue
[2026-06-09T14:22:44.536+0000] {logging_mixin.py:190} INFO - [2026-06-09T14:22:44.536+0000] {dagbag.py:588} INFO - Filling up the DagBag from /opt/airflow/dags/cases/01-1c-excel-pipeline/data/samples/Реализации_2025-06-07.xlsx
[2026-06-09T14:22:44.538+0000] {processor.py:927} WARNING - No viable dags retrieved from /opt/airflow/dags/cases/01-1c-excel-pipeline/data/samples/Реализации_2025-06-07.xlsx
[2026-06-09T14:22:44.551+0000] {processor.py:208} INFO - Processing /opt/airflow/dags/cases/01-1c-excel-pipeline/data/samples/Реализации_2025-06-07.xlsx took 0.027 seconds
[2026-06-09T14:23:15.021+0000] {processor.py:186} INFO - Started process (PID=772) to work on /opt/airflow/dags/cases/01-1c-excel-pipeline/data/samples/Реализации_2025-06-07.xlsx
[2026-06-09T14:23:15.023+0000] {processor.py:914} INFO - Processing file /opt/airflow/dags/cases/01-1c-excel-pipeline/data/samples/Реализации_2025-06-07.xlsx for tasks to queue
[2026-06-09T14:23:15.029+0000] {logging_mixin.py:190} INFO - [2026-06-09T14:23:15.028+0000] {dagbag.py:588} INFO - Filling up the DagBag from /opt/airflow/dags/cases/01-1c-excel-pipeline/data/samples/Реализации_2025-06-07.xlsx
[2026-06-09T14:23:15.032+0000] {processor.py:927} WARNING - No viable dags retrieved from /opt/airflow/dags/cases/01-1c-excel-pipeline/data/samples/Реализации_2025-06-07.xlsx
[2026-06-09T14:23:15.049+0000] {processor.py:208} INFO - Processing /opt/airflow/dags/cases/01-1c-excel-pipeline/data/samples/Реализации_2025-06-07.xlsx took 0.038 seconds
[2026-06-09T14:23:50.492+0000] {processor.py:186} INFO - Started process (PID=35) to work on /opt/airflow/dags/cases/01-1c-excel-pipeline/data/samples/Реализации_2025-06-07.xlsx
[2026-06-09T14:23:50.493+0000] {processor.py:914} INFO - Processing file /opt/airflow/dags/cases/01-1c-excel-pipeline/data/samples/Реализации_2025-06-07.xlsx for tasks to queue
[2026-06-09T14:23:50.495+0000] {logging_mixin.py:190} INFO - [2026-06-09T14:23:50.495+0000] {dagbag.py:588} INFO - Filling up the DagBag from /opt/airflow/dags/cases/01-1c-excel-pipeline/data/samples/Реализации_2025-06-07.xlsx
[2026-06-09T14:23:50.496+0000] {processor.py:927} WARNING - No viable dags retrieved from /opt/airflow/dags/cases/01-1c-excel-pipeline/data/samples/Реализации_2025-06-07.xlsx
[2026-06-09T14:23:50.506+0000] {processor.py:208} INFO - Processing /opt/airflow/dags/cases/01-1c-excel-pipeline/data/samples/Реализации_2025-06-07.xlsx took 0.020 seconds
[2026-06-09T14:24:20.976+0000] {processor.py:186} INFO - Started process (PID=39) to work on /opt/airflow/dags/cases/01-1c-excel-pipeline/data/samples/Реализации_2025-06-07.xlsx
[2026-06-09T14:24:20.977+0000] {processor.py:914} INFO - Processing file /opt/airflow/dags/cases/01-1c-excel-pipeline/data/samples/Реализации_2025-06-07.xlsx for tasks to queue
[2026-06-09T14:24:20.979+0000] {logging_mixin.py:190} INFO - [2026-06-09T14:24:20.979+0000] {dagbag.py:588} INFO - Filling up the DagBag from /opt/airflow/dags/cases/01-1c-excel-pipeline/data/samples/Реализации_2025-06-07.xlsx
[2026-06-09T14:24:20.984+0000] {processor.py:927} WARNING - No viable dags retrieved from /opt/airflow/dags/cases/01-1c-excel-pipeline/data/samples/Реализации_2025-06-07.xlsx
[2026-06-09T14:24:20.997+0000] {processor.py:208} INFO - Processing /opt/airflow/dags/cases/01-1c-excel-pipeline/data/samples/Реализации_2025-06-07.xlsx took 0.026 seconds
[2026-06-09T14:24:51.507+0000] {processor.py:186} INFO - Started process (PID=42) to work on /opt/airflow/dags/cases/01-1c-excel-pipeline/data/samples/Реализации_2025-06-07.xlsx
[2026-06-09T14:24:51.508+0000] {processor.py:914} INFO - Processing file /opt/airflow/dags/cases/01-1c-excel-pipeline/data/samples/Реализации_2025-06-07.xlsx for tasks to queue
[2026-06-09T14:24:51.511+0000] {logging_mixin.py:190} INFO - [2026-06-09T14:24:51.511+0000] {dagbag.py:588} INFO - Filling up the DagBag from /opt/airflow/dags/cases/01-1c-excel-pipeline/data/samples/Реализации_2025-06-07.xlsx
[2026-06-09T14:24:51.513+0000] {processor.py:927} WARNING - No viable dags retrieved from /opt/airflow/dags/cases/01-1c-excel-pipeline/data/samples/Реализации_2025-06-07.xlsx
[2026-06-09T14:24:51.523+0000] {processor.py:208} INFO - Processing /opt/airflow/dags/cases/01-1c-excel-pipeline/data/samples/Реализации_2025-06-07.xlsx took 0.025 seconds
