[2026-06-09T12:55:36.954+0000] {processor.py:186} INFO - Started process (PID=82) to work on /opt/airflow/dags/cases/01-1c-excel-pipeline/data/samples/Реализации_2026-06-08.xlsx
[2026-06-09T12:55:36.955+0000] {processor.py:914} INFO - Processing file /opt/airflow/dags/cases/01-1c-excel-pipeline/data/samples/Реализации_2026-06-08.xlsx for tasks to queue
[2026-06-09T12:55:36.958+0000] {logging_mixin.py:190} INFO - [2026-06-09T12:55:36.958+0000] {dagbag.py:588} INFO - Filling up the DagBag from /opt/airflow/dags/cases/01-1c-excel-pipeline/data/samples/Реализации_2026-06-08.xlsx
[2026-06-09T12:55:36.961+0000] {processor.py:927} WARNING - No viable dags retrieved from /opt/airflow/dags/cases/01-1c-excel-pipeline/data/samples/Реализации_2026-06-08.xlsx
[2026-06-09T12:55:36.973+0000] {processor.py:208} INFO - Processing /opt/airflow/dags/cases/01-1c-excel-pipeline/data/samples/Реализации_2026-06-08.xlsx took 0.025 seconds
[2026-06-09T12:56:07.452+0000] {processor.py:186} INFO - Started process (PID=86) to work on /opt/airflow/dags/cases/01-1c-excel-pipeline/data/samples/Реализации_2026-06-08.xlsx
[2026-06-09T12:56:07.453+0000] {processor.py:914} INFO - Processing file /opt/airflow/dags/cases/01-1c-excel-pipeline/data/samples/Реализации_2026-06-08.xlsx for tasks to queue
[2026-06-09T12:56:07.456+0000] {logging_mixin.py:190} INFO - [2026-06-09T12:56:07.456+0000] {dagbag.py:588} INFO - Filling up the DagBag from /opt/airflow/dags/cases/01-1c-excel-pipeline/data/samples/Реализации_2026-06-08.xlsx
[2026-06-09T12:56:07.459+0000] {processor.py:927} WARNING - No viable dags retrieved from /opt/airflow/dags/cases/01-1c-excel-pipeline/data/samples/Реализации_2026-06-08.xlsx
[2026-06-09T12:56:07.477+0000] {processor.py:208} INFO - Processing /opt/airflow/dags/cases/01-1c-excel-pipeline/data/samples/Реализации_2026-06-08.xlsx took 0.034 seconds
[2026-06-09T12:56:37.987+0000] {processor.py:186} INFO - Started process (PID=90) to work on /opt/airflow/dags/cases/01-1c-excel-pipeline/data/samples/Реализации_2026-06-08.xlsx
[2026-06-09T12:56:37.988+0000] {processor.py:914} INFO - Processing file /opt/airflow/dags/cases/01-1c-excel-pipeline/data/samples/Реализации_2026-06-08.xlsx for tasks to queue
[2026-06-09T12:56:37.990+0000] {logging_mixin.py:190} INFO - [2026-06-09T12:56:37.990+0000] {dagbag.py:588} INFO - Filling up the DagBag from /opt/airflow/dags/cases/01-1c-excel-pipeline/data/samples/Реализации_2026-06-08.xlsx
[2026-06-09T12:56:37.992+0000] {processor.py:927} WARNING - No viable dags retrieved from /opt/airflow/dags/cases/01-1c-excel-pipeline/data/samples/Реализации_2026-06-08.xlsx
[2026-06-09T12:56:38.008+0000] {processor.py:208} INFO - Processing /opt/airflow/dags/cases/01-1c-excel-pipeline/data/samples/Реализации_2026-06-08.xlsx took 0.026 seconds
[2026-06-09T12:57:08.504+0000] {processor.py:186} INFO - Started process (PID=94) to work on /opt/airflow/dags/cases/01-1c-excel-pipeline/data/samples/Реализации_2026-06-08.xlsx
[2026-06-09T12:57:08.505+0000] {processor.py:914} INFO - Processing file /opt/airflow/dags/cases/01-1c-excel-pipeline/data/samples/Реализации_2026-06-08.xlsx for tasks to queue
[2026-06-09T12:57:08.508+0000] {logging_mixin.py:190} INFO - [2026-06-09T12:57:08.508+0000] {dagbag.py:588} INFO - Filling up the DagBag from /opt/airflow/dags/cases/01-1c-excel-pipeline/data/samples/Реализации_2026-06-08.xlsx
[2026-06-09T12:57:08.510+0000] {processor.py:927} WARNING - No viable dags retrieved from /opt/airflow/dags/cases/01-1c-excel-pipeline/data/samples/Реализации_2026-06-08.xlsx
[2026-06-09T12:57:08.525+0000] {processor.py:208} INFO - Processing /opt/airflow/dags/cases/01-1c-excel-pipeline/data/samples/Реализации_2026-06-08.xlsx took 0.030 seconds
[2026-06-09T12:57:39.100+0000] {processor.py:186} INFO - Started process (PID=98) to work on /opt/airflow/dags/cases/01-1c-excel-pipeline/data/samples/Реализации_2026-06-08.xlsx
[2026-06-09T12:57:39.102+0000] {processor.py:914} INFO - Processing file /opt/airflow/dags/cases/01-1c-excel-pipeline/data/samples/Реализации_2026-06-08.xlsx for tasks to queue
[2026-06-09T12:57:39.104+0000] {logging_mixin.py:190} INFO - [2026-06-09T12:57:39.104+0000] {dagbag.py:588} INFO - Filling up the DagBag from /opt/airflow/dags/cases/01-1c-excel-pipeline/data/samples/Реализации_2026-06-08.xlsx
[2026-06-09T12:57:39.106+0000] {processor.py:927} WARNING - No viable dags retrieved from /opt/airflow/dags/cases/01-1c-excel-pipeline/data/samples/Реализации_2026-06-08.xlsx
[2026-06-09T12:57:39.121+0000] {processor.py:208} INFO - Processing /opt/airflow/dags/cases/01-1c-excel-pipeline/data/samples/Реализации_2026-06-08.xlsx took 0.027 seconds
[2026-06-09T12:58:09.597+0000] {processor.py:186} INFO - Started process (PID=102) to work on /opt/airflow/dags/cases/01-1c-excel-pipeline/data/samples/Реализации_2026-06-08.xlsx
[2026-06-09T12:58:09.599+0000] {processor.py:914} INFO - Processing file /opt/airflow/dags/cases/01-1c-excel-pipeline/data/samples/Реализации_2026-06-08.xlsx for tasks to queue
[2026-06-09T12:58:09.603+0000] {logging_mixin.py:190} INFO - [2026-06-09T12:58:09.602+0000] {dagbag.py:588} INFO - Filling up the DagBag from /opt/airflow/dags/cases/01-1c-excel-pipeline/data/samples/Реализации_2026-06-08.xlsx
[2026-06-09T12:58:09.605+0000] {processor.py:927} WARNING - No viable dags retrieved from /opt/airflow/dags/cases/01-1c-excel-pipeline/data/samples/Реализации_2026-06-08.xlsx
[2026-06-09T12:58:09.618+0000] {processor.py:208} INFO - Processing /opt/airflow/dags/cases/01-1c-excel-pipeline/data/samples/Реализации_2026-06-08.xlsx took 0.031 seconds
[2026-06-09T12:58:40.402+0000] {processor.py:186} INFO - Started process (PID=106) to work on /opt/airflow/dags/cases/01-1c-excel-pipeline/data/samples/Реализации_2026-06-08.xlsx
[2026-06-09T12:58:40.403+0000] {processor.py:914} INFO - Processing file /opt/airflow/dags/cases/01-1c-excel-pipeline/data/samples/Реализации_2026-06-08.xlsx for tasks to queue
[2026-06-09T12:58:40.405+0000] {logging_mixin.py:190} INFO - [2026-06-09T12:58:40.405+0000] {dagbag.py:588} INFO - Filling up the DagBag from /opt/airflow/dags/cases/01-1c-excel-pipeline/data/samples/Реализации_2026-06-08.xlsx
[2026-06-09T12:58:40.407+0000] {processor.py:927} WARNING - No viable dags retrieved from /opt/airflow/dags/cases/01-1c-excel-pipeline/data/samples/Реализации_2026-06-08.xlsx
[2026-06-09T12:58:40.421+0000] {processor.py:208} INFO - Processing /opt/airflow/dags/cases/01-1c-excel-pipeline/data/samples/Реализации_2026-06-08.xlsx took 0.029 seconds
[2026-06-09T12:59:10.919+0000] {processor.py:186} INFO - Started process (PID=110) to work on /opt/airflow/dags/cases/01-1c-excel-pipeline/data/samples/Реализации_2026-06-08.xlsx
[2026-06-09T12:59:10.920+0000] {processor.py:914} INFO - Processing file /opt/airflow/dags/cases/01-1c-excel-pipeline/data/samples/Реализации_2026-06-08.xlsx for tasks to queue
[2026-06-09T12:59:10.923+0000] {logging_mixin.py:190} INFO - [2026-06-09T12:59:10.923+0000] {dagbag.py:588} INFO - Filling up the DagBag from /opt/airflow/dags/cases/01-1c-excel-pipeline/data/samples/Реализации_2026-06-08.xlsx
[2026-06-09T12:59:10.926+0000] {processor.py:927} WARNING - No viable dags retrieved from /opt/airflow/dags/cases/01-1c-excel-pipeline/data/samples/Реализации_2026-06-08.xlsx
[2026-06-09T12:59:10.944+0000] {processor.py:208} INFO - Processing /opt/airflow/dags/cases/01-1c-excel-pipeline/data/samples/Реализации_2026-06-08.xlsx took 0.033 seconds
[2026-06-09T12:59:41.454+0000] {processor.py:186} INFO - Started process (PID=114) to work on /opt/airflow/dags/cases/01-1c-excel-pipeline/data/samples/Реализации_2026-06-08.xlsx
[2026-06-09T12:59:41.456+0000] {processor.py:914} INFO - Processing file /opt/airflow/dags/cases/01-1c-excel-pipeline/data/samples/Реализации_2026-06-08.xlsx for tasks to queue
[2026-06-09T12:59:41.459+0000] {logging_mixin.py:190} INFO - [2026-06-09T12:59:41.459+0000] {dagbag.py:588} INFO - Filling up the DagBag from /opt/airflow/dags/cases/01-1c-excel-pipeline/data/samples/Реализации_2026-06-08.xlsx
[2026-06-09T12:59:41.461+0000] {processor.py:927} WARNING - No viable dags retrieved from /opt/airflow/dags/cases/01-1c-excel-pipeline/data/samples/Реализации_2026-06-08.xlsx
[2026-06-09T12:59:41.479+0000] {processor.py:208} INFO - Processing /opt/airflow/dags/cases/01-1c-excel-pipeline/data/samples/Реализации_2026-06-08.xlsx took 0.031 seconds
[2026-06-09T13:00:12.188+0000] {processor.py:186} INFO - Started process (PID=118) to work on /opt/airflow/dags/cases/01-1c-excel-pipeline/data/samples/Реализации_2026-06-08.xlsx
[2026-06-09T13:00:12.190+0000] {processor.py:914} INFO - Processing file /opt/airflow/dags/cases/01-1c-excel-pipeline/data/samples/Реализации_2026-06-08.xlsx for tasks to queue
[2026-06-09T13:00:12.194+0000] {logging_mixin.py:190} INFO - [2026-06-09T13:00:12.193+0000] {dagbag.py:588} INFO - Filling up the DagBag from /opt/airflow/dags/cases/01-1c-excel-pipeline/data/samples/Реализации_2026-06-08.xlsx
[2026-06-09T13:00:12.197+0000] {processor.py:927} WARNING - No viable dags retrieved from /opt/airflow/dags/cases/01-1c-excel-pipeline/data/samples/Реализации_2026-06-08.xlsx
[2026-06-09T13:00:12.214+0000] {processor.py:208} INFO - Processing /opt/airflow/dags/cases/01-1c-excel-pipeline/data/samples/Реализации_2026-06-08.xlsx took 0.038 seconds
[2026-06-09T13:00:42.839+0000] {processor.py:186} INFO - Started process (PID=122) to work on /opt/airflow/dags/cases/01-1c-excel-pipeline/data/samples/Реализации_2026-06-08.xlsx
[2026-06-09T13:00:42.841+0000] {processor.py:914} INFO - Processing file /opt/airflow/dags/cases/01-1c-excel-pipeline/data/samples/Реализации_2026-06-08.xlsx for tasks to queue
[2026-06-09T13:00:42.844+0000] {logging_mixin.py:190} INFO - [2026-06-09T13:00:42.843+0000] {dagbag.py:588} INFO - Filling up the DagBag from /opt/airflow/dags/cases/01-1c-excel-pipeline/data/samples/Реализации_2026-06-08.xlsx
[2026-06-09T13:00:42.848+0000] {processor.py:927} WARNING - No viable dags retrieved from /opt/airflow/dags/cases/01-1c-excel-pipeline/data/samples/Реализации_2026-06-08.xlsx
[2026-06-09T13:00:42.862+0000] {processor.py:208} INFO - Processing /opt/airflow/dags/cases/01-1c-excel-pipeline/data/samples/Реализации_2026-06-08.xlsx took 0.033 seconds
[2026-06-09T13:01:13.354+0000] {processor.py:186} INFO - Started process (PID=126) to work on /opt/airflow/dags/cases/01-1c-excel-pipeline/data/samples/Реализации_2026-06-08.xlsx
[2026-06-09T13:01:13.354+0000] {processor.py:914} INFO - Processing file /opt/airflow/dags/cases/01-1c-excel-pipeline/data/samples/Реализации_2026-06-08.xlsx for tasks to queue
[2026-06-09T13:01:13.356+0000] {logging_mixin.py:190} INFO - [2026-06-09T13:01:13.355+0000] {dagbag.py:588} INFO - Filling up the DagBag from /opt/airflow/dags/cases/01-1c-excel-pipeline/data/samples/Реализации_2026-06-08.xlsx
[2026-06-09T13:01:13.357+0000] {processor.py:927} WARNING - No viable dags retrieved from /opt/airflow/dags/cases/01-1c-excel-pipeline/data/samples/Реализации_2026-06-08.xlsx
[2026-06-09T13:01:13.364+0000] {processor.py:208} INFO - Processing /opt/airflow/dags/cases/01-1c-excel-pipeline/data/samples/Реализации_2026-06-08.xlsx took 0.014 seconds
[2026-06-09T13:01:43.894+0000] {processor.py:186} INFO - Started process (PID=130) to work on /opt/airflow/dags/cases/01-1c-excel-pipeline/data/samples/Реализации_2026-06-08.xlsx
[2026-06-09T13:01:43.895+0000] {processor.py:914} INFO - Processing file /opt/airflow/dags/cases/01-1c-excel-pipeline/data/samples/Реализации_2026-06-08.xlsx for tasks to queue
[2026-06-09T13:01:43.899+0000] {logging_mixin.py:190} INFO - [2026-06-09T13:01:43.898+0000] {dagbag.py:588} INFO - Filling up the DagBag from /opt/airflow/dags/cases/01-1c-excel-pipeline/data/samples/Реализации_2026-06-08.xlsx
[2026-06-09T13:01:43.901+0000] {processor.py:927} WARNING - No viable dags retrieved from /opt/airflow/dags/cases/01-1c-excel-pipeline/data/samples/Реализации_2026-06-08.xlsx
[2026-06-09T13:01:43.916+0000] {processor.py:208} INFO - Processing /opt/airflow/dags/cases/01-1c-excel-pipeline/data/samples/Реализации_2026-06-08.xlsx took 0.029 seconds
[2026-06-09T13:02:14.489+0000] {processor.py:186} INFO - Started process (PID=134) to work on /opt/airflow/dags/cases/01-1c-excel-pipeline/data/samples/Реализации_2026-06-08.xlsx
[2026-06-09T13:02:14.491+0000] {processor.py:914} INFO - Processing file /opt/airflow/dags/cases/01-1c-excel-pipeline/data/samples/Реализации_2026-06-08.xlsx for tasks to queue
[2026-06-09T13:02:14.494+0000] {logging_mixin.py:190} INFO - [2026-06-09T13:02:14.494+0000] {dagbag.py:588} INFO - Filling up the DagBag from /opt/airflow/dags/cases/01-1c-excel-pipeline/data/samples/Реализации_2026-06-08.xlsx
[2026-06-09T13:02:14.496+0000] {processor.py:927} WARNING - No viable dags retrieved from /opt/airflow/dags/cases/01-1c-excel-pipeline/data/samples/Реализации_2026-06-08.xlsx
[2026-06-09T13:02:14.511+0000] {processor.py:208} INFO - Processing /opt/airflow/dags/cases/01-1c-excel-pipeline/data/samples/Реализации_2026-06-08.xlsx took 0.030 seconds
[2026-06-09T13:02:45.196+0000] {processor.py:186} INFO - Started process (PID=138) to work on /opt/airflow/dags/cases/01-1c-excel-pipeline/data/samples/Реализации_2026-06-08.xlsx
[2026-06-09T13:02:45.197+0000] {processor.py:914} INFO - Processing file /opt/airflow/dags/cases/01-1c-excel-pipeline/data/samples/Реализации_2026-06-08.xlsx for tasks to queue
[2026-06-09T13:02:45.201+0000] {logging_mixin.py:190} INFO - [2026-06-09T13:02:45.200+0000] {dagbag.py:588} INFO - Filling up the DagBag from /opt/airflow/dags/cases/01-1c-excel-pipeline/data/samples/Реализации_2026-06-08.xlsx
[2026-06-09T13:02:45.203+0000] {processor.py:927} WARNING - No viable dags retrieved from /opt/airflow/dags/cases/01-1c-excel-pipeline/data/samples/Реализации_2026-06-08.xlsx
[2026-06-09T13:02:45.218+0000] {processor.py:208} INFO - Processing /opt/airflow/dags/cases/01-1c-excel-pipeline/data/samples/Реализации_2026-06-08.xlsx took 0.030 seconds
[2026-06-09T13:03:15.738+0000] {processor.py:186} INFO - Started process (PID=142) to work on /opt/airflow/dags/cases/01-1c-excel-pipeline/data/samples/Реализации_2026-06-08.xlsx
[2026-06-09T13:03:15.739+0000] {processor.py:914} INFO - Processing file /opt/airflow/dags/cases/01-1c-excel-pipeline/data/samples/Реализации_2026-06-08.xlsx for tasks to queue
[2026-06-09T13:03:15.741+0000] {logging_mixin.py:190} INFO - [2026-06-09T13:03:15.741+0000] {dagbag.py:588} INFO - Filling up the DagBag from /opt/airflow/dags/cases/01-1c-excel-pipeline/data/samples/Реализации_2026-06-08.xlsx
[2026-06-09T13:03:15.743+0000] {processor.py:927} WARNING - No viable dags retrieved from /opt/airflow/dags/cases/01-1c-excel-pipeline/data/samples/Реализации_2026-06-08.xlsx
[2026-06-09T13:03:15.756+0000] {processor.py:208} INFO - Processing /opt/airflow/dags/cases/01-1c-excel-pipeline/data/samples/Реализации_2026-06-08.xlsx took 0.023 seconds
[2026-06-09T13:03:46.157+0000] {processor.py:186} INFO - Started process (PID=146) to work on /opt/airflow/dags/cases/01-1c-excel-pipeline/data/samples/Реализации_2026-06-08.xlsx
[2026-06-09T13:03:46.158+0000] {processor.py:914} INFO - Processing file /opt/airflow/dags/cases/01-1c-excel-pipeline/data/samples/Реализации_2026-06-08.xlsx for tasks to queue
[2026-06-09T13:03:46.160+0000] {logging_mixin.py:190} INFO - [2026-06-09T13:03:46.160+0000] {dagbag.py:588} INFO - Filling up the DagBag from /opt/airflow/dags/cases/01-1c-excel-pipeline/data/samples/Реализации_2026-06-08.xlsx
[2026-06-09T13:03:46.162+0000] {processor.py:927} WARNING - No viable dags retrieved from /opt/airflow/dags/cases/01-1c-excel-pipeline/data/samples/Реализации_2026-06-08.xlsx
[2026-06-09T13:03:46.176+0000] {processor.py:208} INFO - Processing /opt/airflow/dags/cases/01-1c-excel-pipeline/data/samples/Реализации_2026-06-08.xlsx took 0.026 seconds
[2026-06-09T13:04:16.780+0000] {processor.py:186} INFO - Started process (PID=150) to work on /opt/airflow/dags/cases/01-1c-excel-pipeline/data/samples/Реализации_2026-06-08.xlsx
[2026-06-09T13:04:16.782+0000] {processor.py:914} INFO - Processing file /opt/airflow/dags/cases/01-1c-excel-pipeline/data/samples/Реализации_2026-06-08.xlsx for tasks to queue
[2026-06-09T13:04:16.786+0000] {logging_mixin.py:190} INFO - [2026-06-09T13:04:16.785+0000] {dagbag.py:588} INFO - Filling up the DagBag from /opt/airflow/dags/cases/01-1c-excel-pipeline/data/samples/Реализации_2026-06-08.xlsx
[2026-06-09T13:04:16.788+0000] {processor.py:927} WARNING - No viable dags retrieved from /opt/airflow/dags/cases/01-1c-excel-pipeline/data/samples/Реализации_2026-06-08.xlsx
[2026-06-09T13:04:16.808+0000] {processor.py:208} INFO - Processing /opt/airflow/dags/cases/01-1c-excel-pipeline/data/samples/Реализации_2026-06-08.xlsx took 0.037 seconds
[2026-06-09T13:04:47.512+0000] {processor.py:186} INFO - Started process (PID=154) to work on /opt/airflow/dags/cases/01-1c-excel-pipeline/data/samples/Реализации_2026-06-08.xlsx
[2026-06-09T13:04:47.513+0000] {processor.py:914} INFO - Processing file /opt/airflow/dags/cases/01-1c-excel-pipeline/data/samples/Реализации_2026-06-08.xlsx for tasks to queue
[2026-06-09T13:04:47.516+0000] {logging_mixin.py:190} INFO - [2026-06-09T13:04:47.516+0000] {dagbag.py:588} INFO - Filling up the DagBag from /opt/airflow/dags/cases/01-1c-excel-pipeline/data/samples/Реализации_2026-06-08.xlsx
[2026-06-09T13:04:47.518+0000] {processor.py:927} WARNING - No viable dags retrieved from /opt/airflow/dags/cases/01-1c-excel-pipeline/data/samples/Реализации_2026-06-08.xlsx
[2026-06-09T13:04:47.532+0000] {processor.py:208} INFO - Processing /opt/airflow/dags/cases/01-1c-excel-pipeline/data/samples/Реализации_2026-06-08.xlsx took 0.027 seconds
[2026-06-09T13:05:18.011+0000] {processor.py:186} INFO - Started process (PID=158) to work on /opt/airflow/dags/cases/01-1c-excel-pipeline/data/samples/Реализации_2026-06-08.xlsx
[2026-06-09T13:05:18.012+0000] {processor.py:914} INFO - Processing file /opt/airflow/dags/cases/01-1c-excel-pipeline/data/samples/Реализации_2026-06-08.xlsx for tasks to queue
[2026-06-09T13:05:18.014+0000] {logging_mixin.py:190} INFO - [2026-06-09T13:05:18.014+0000] {dagbag.py:588} INFO - Filling up the DagBag from /opt/airflow/dags/cases/01-1c-excel-pipeline/data/samples/Реализации_2026-06-08.xlsx
[2026-06-09T13:05:18.017+0000] {processor.py:927} WARNING - No viable dags retrieved from /opt/airflow/dags/cases/01-1c-excel-pipeline/data/samples/Реализации_2026-06-08.xlsx
[2026-06-09T13:05:18.028+0000] {processor.py:208} INFO - Processing /opt/airflow/dags/cases/01-1c-excel-pipeline/data/samples/Реализации_2026-06-08.xlsx took 0.022 seconds
[2026-06-09T13:05:48.558+0000] {processor.py:186} INFO - Started process (PID=162) to work on /opt/airflow/dags/cases/01-1c-excel-pipeline/data/samples/Реализации_2026-06-08.xlsx
[2026-06-09T13:05:48.560+0000] {processor.py:914} INFO - Processing file /opt/airflow/dags/cases/01-1c-excel-pipeline/data/samples/Реализации_2026-06-08.xlsx for tasks to queue
[2026-06-09T13:05:48.564+0000] {logging_mixin.py:190} INFO - [2026-06-09T13:05:48.564+0000] {dagbag.py:588} INFO - Filling up the DagBag from /opt/airflow/dags/cases/01-1c-excel-pipeline/data/samples/Реализации_2026-06-08.xlsx
[2026-06-09T13:05:48.567+0000] {processor.py:927} WARNING - No viable dags retrieved from /opt/airflow/dags/cases/01-1c-excel-pipeline/data/samples/Реализации_2026-06-08.xlsx
[2026-06-09T13:05:48.584+0000] {processor.py:208} INFO - Processing /opt/airflow/dags/cases/01-1c-excel-pipeline/data/samples/Реализации_2026-06-08.xlsx took 0.033 seconds
[2026-06-09T13:06:19.187+0000] {processor.py:186} INFO - Started process (PID=166) to work on /opt/airflow/dags/cases/01-1c-excel-pipeline/data/samples/Реализации_2026-06-08.xlsx
[2026-06-09T13:06:19.188+0000] {processor.py:914} INFO - Processing file /opt/airflow/dags/cases/01-1c-excel-pipeline/data/samples/Реализации_2026-06-08.xlsx for tasks to queue
[2026-06-09T13:06:19.191+0000] {logging_mixin.py:190} INFO - [2026-06-09T13:06:19.190+0000] {dagbag.py:588} INFO - Filling up the DagBag from /opt/airflow/dags/cases/01-1c-excel-pipeline/data/samples/Реализации_2026-06-08.xlsx
[2026-06-09T13:06:19.193+0000] {processor.py:927} WARNING - No viable dags retrieved from /opt/airflow/dags/cases/01-1c-excel-pipeline/data/samples/Реализации_2026-06-08.xlsx
[2026-06-09T13:06:19.206+0000] {processor.py:208} INFO - Processing /opt/airflow/dags/cases/01-1c-excel-pipeline/data/samples/Реализации_2026-06-08.xlsx took 0.028 seconds
[2026-06-09T13:06:49.840+0000] {processor.py:186} INFO - Started process (PID=170) to work on /opt/airflow/dags/cases/01-1c-excel-pipeline/data/samples/Реализации_2026-06-08.xlsx
[2026-06-09T13:06:49.841+0000] {processor.py:914} INFO - Processing file /opt/airflow/dags/cases/01-1c-excel-pipeline/data/samples/Реализации_2026-06-08.xlsx for tasks to queue
[2026-06-09T13:06:49.843+0000] {logging_mixin.py:190} INFO - [2026-06-09T13:06:49.843+0000] {dagbag.py:588} INFO - Filling up the DagBag from /opt/airflow/dags/cases/01-1c-excel-pipeline/data/samples/Реализации_2026-06-08.xlsx
[2026-06-09T13:06:49.845+0000] {processor.py:927} WARNING - No viable dags retrieved from /opt/airflow/dags/cases/01-1c-excel-pipeline/data/samples/Реализации_2026-06-08.xlsx
[2026-06-09T13:06:49.861+0000] {processor.py:208} INFO - Processing /opt/airflow/dags/cases/01-1c-excel-pipeline/data/samples/Реализации_2026-06-08.xlsx took 0.027 seconds
[2026-06-09T13:07:20.375+0000] {processor.py:186} INFO - Started process (PID=174) to work on /opt/airflow/dags/cases/01-1c-excel-pipeline/data/samples/Реализации_2026-06-08.xlsx
[2026-06-09T13:07:20.376+0000] {processor.py:914} INFO - Processing file /opt/airflow/dags/cases/01-1c-excel-pipeline/data/samples/Реализации_2026-06-08.xlsx for tasks to queue
[2026-06-09T13:07:20.379+0000] {logging_mixin.py:190} INFO - [2026-06-09T13:07:20.378+0000] {dagbag.py:588} INFO - Filling up the DagBag from /opt/airflow/dags/cases/01-1c-excel-pipeline/data/samples/Реализации_2026-06-08.xlsx
[2026-06-09T13:07:20.381+0000] {processor.py:927} WARNING - No viable dags retrieved from /opt/airflow/dags/cases/01-1c-excel-pipeline/data/samples/Реализации_2026-06-08.xlsx
[2026-06-09T13:07:20.395+0000] {processor.py:208} INFO - Processing /opt/airflow/dags/cases/01-1c-excel-pipeline/data/samples/Реализации_2026-06-08.xlsx took 0.025 seconds
[2026-06-09T13:07:50.889+0000] {processor.py:186} INFO - Started process (PID=178) to work on /opt/airflow/dags/cases/01-1c-excel-pipeline/data/samples/Реализации_2026-06-08.xlsx
[2026-06-09T13:07:50.891+0000] {processor.py:914} INFO - Processing file /opt/airflow/dags/cases/01-1c-excel-pipeline/data/samples/Реализации_2026-06-08.xlsx for tasks to queue
[2026-06-09T13:07:50.893+0000] {logging_mixin.py:190} INFO - [2026-06-09T13:07:50.892+0000] {dagbag.py:588} INFO - Filling up the DagBag from /opt/airflow/dags/cases/01-1c-excel-pipeline/data/samples/Реализации_2026-06-08.xlsx
[2026-06-09T13:07:50.895+0000] {processor.py:927} WARNING - No viable dags retrieved from /opt/airflow/dags/cases/01-1c-excel-pipeline/data/samples/Реализации_2026-06-08.xlsx
[2026-06-09T13:07:50.912+0000] {processor.py:208} INFO - Processing /opt/airflow/dags/cases/01-1c-excel-pipeline/data/samples/Реализации_2026-06-08.xlsx took 0.030 seconds
[2026-06-09T13:08:21.509+0000] {processor.py:186} INFO - Started process (PID=182) to work on /opt/airflow/dags/cases/01-1c-excel-pipeline/data/samples/Реализации_2026-06-08.xlsx
[2026-06-09T13:08:21.511+0000] {processor.py:914} INFO - Processing file /opt/airflow/dags/cases/01-1c-excel-pipeline/data/samples/Реализации_2026-06-08.xlsx for tasks to queue
[2026-06-09T13:08:21.513+0000] {logging_mixin.py:190} INFO - [2026-06-09T13:08:21.512+0000] {dagbag.py:588} INFO - Filling up the DagBag from /opt/airflow/dags/cases/01-1c-excel-pipeline/data/samples/Реализации_2026-06-08.xlsx
[2026-06-09T13:08:21.515+0000] {processor.py:927} WARNING - No viable dags retrieved from /opt/airflow/dags/cases/01-1c-excel-pipeline/data/samples/Реализации_2026-06-08.xlsx
[2026-06-09T13:08:21.529+0000] {processor.py:208} INFO - Processing /opt/airflow/dags/cases/01-1c-excel-pipeline/data/samples/Реализации_2026-06-08.xlsx took 0.027 seconds
[2026-06-09T13:08:52.094+0000] {processor.py:186} INFO - Started process (PID=186) to work on /opt/airflow/dags/cases/01-1c-excel-pipeline/data/samples/Реализации_2026-06-08.xlsx
[2026-06-09T13:08:52.096+0000] {processor.py:914} INFO - Processing file /opt/airflow/dags/cases/01-1c-excel-pipeline/data/samples/Реализации_2026-06-08.xlsx for tasks to queue
[2026-06-09T13:08:52.102+0000] {logging_mixin.py:190} INFO - [2026-06-09T13:08:52.101+0000] {dagbag.py:588} INFO - Filling up the DagBag from /opt/airflow/dags/cases/01-1c-excel-pipeline/data/samples/Реализации_2026-06-08.xlsx
[2026-06-09T13:08:52.106+0000] {processor.py:927} WARNING - No viable dags retrieved from /opt/airflow/dags/cases/01-1c-excel-pipeline/data/samples/Реализации_2026-06-08.xlsx
[2026-06-09T13:08:52.129+0000] {processor.py:208} INFO - Processing /opt/airflow/dags/cases/01-1c-excel-pipeline/data/samples/Реализации_2026-06-08.xlsx took 0.050 seconds
[2026-06-09T13:09:22.668+0000] {processor.py:186} INFO - Started process (PID=190) to work on /opt/airflow/dags/cases/01-1c-excel-pipeline/data/samples/Реализации_2026-06-08.xlsx
[2026-06-09T13:09:22.669+0000] {processor.py:914} INFO - Processing file /opt/airflow/dags/cases/01-1c-excel-pipeline/data/samples/Реализации_2026-06-08.xlsx for tasks to queue
[2026-06-09T13:09:22.671+0000] {logging_mixin.py:190} INFO - [2026-06-09T13:09:22.671+0000] {dagbag.py:588} INFO - Filling up the DagBag from /opt/airflow/dags/cases/01-1c-excel-pipeline/data/samples/Реализации_2026-06-08.xlsx
[2026-06-09T13:09:22.673+0000] {processor.py:927} WARNING - No viable dags retrieved from /opt/airflow/dags/cases/01-1c-excel-pipeline/data/samples/Реализации_2026-06-08.xlsx
[2026-06-09T13:09:22.687+0000] {processor.py:208} INFO - Processing /opt/airflow/dags/cases/01-1c-excel-pipeline/data/samples/Реализации_2026-06-08.xlsx took 0.025 seconds
[2026-06-09T13:09:53.230+0000] {processor.py:186} INFO - Started process (PID=194) to work on /opt/airflow/dags/cases/01-1c-excel-pipeline/data/samples/Реализации_2026-06-08.xlsx
[2026-06-09T13:09:53.231+0000] {processor.py:914} INFO - Processing file /opt/airflow/dags/cases/01-1c-excel-pipeline/data/samples/Реализации_2026-06-08.xlsx for tasks to queue
[2026-06-09T13:09:53.234+0000] {logging_mixin.py:190} INFO - [2026-06-09T13:09:53.233+0000] {dagbag.py:588} INFO - Filling up the DagBag from /opt/airflow/dags/cases/01-1c-excel-pipeline/data/samples/Реализации_2026-06-08.xlsx
[2026-06-09T13:09:53.236+0000] {processor.py:927} WARNING - No viable dags retrieved from /opt/airflow/dags/cases/01-1c-excel-pipeline/data/samples/Реализации_2026-06-08.xlsx
[2026-06-09T13:09:53.251+0000] {processor.py:208} INFO - Processing /opt/airflow/dags/cases/01-1c-excel-pipeline/data/samples/Реализации_2026-06-08.xlsx took 0.030 seconds
[2026-06-09T13:10:23.837+0000] {processor.py:186} INFO - Started process (PID=198) to work on /opt/airflow/dags/cases/01-1c-excel-pipeline/data/samples/Реализации_2026-06-08.xlsx
[2026-06-09T13:10:23.838+0000] {processor.py:914} INFO - Processing file /opt/airflow/dags/cases/01-1c-excel-pipeline/data/samples/Реализации_2026-06-08.xlsx for tasks to queue
[2026-06-09T13:10:23.843+0000] {logging_mixin.py:190} INFO - [2026-06-09T13:10:23.842+0000] {dagbag.py:588} INFO - Filling up the DagBag from /opt/airflow/dags/cases/01-1c-excel-pipeline/data/samples/Реализации_2026-06-08.xlsx
[2026-06-09T13:10:23.845+0000] {processor.py:927} WARNING - No viable dags retrieved from /opt/airflow/dags/cases/01-1c-excel-pipeline/data/samples/Реализации_2026-06-08.xlsx
[2026-06-09T13:10:23.862+0000] {processor.py:208} INFO - Processing /opt/airflow/dags/cases/01-1c-excel-pipeline/data/samples/Реализации_2026-06-08.xlsx took 0.035 seconds
[2026-06-09T13:10:54.496+0000] {processor.py:186} INFO - Started process (PID=202) to work on /opt/airflow/dags/cases/01-1c-excel-pipeline/data/samples/Реализации_2026-06-08.xlsx
[2026-06-09T13:10:54.497+0000] {processor.py:914} INFO - Processing file /opt/airflow/dags/cases/01-1c-excel-pipeline/data/samples/Реализации_2026-06-08.xlsx for tasks to queue
[2026-06-09T13:10:54.500+0000] {logging_mixin.py:190} INFO - [2026-06-09T13:10:54.500+0000] {dagbag.py:588} INFO - Filling up the DagBag from /opt/airflow/dags/cases/01-1c-excel-pipeline/data/samples/Реализации_2026-06-08.xlsx
[2026-06-09T13:10:54.503+0000] {processor.py:927} WARNING - No viable dags retrieved from /opt/airflow/dags/cases/01-1c-excel-pipeline/data/samples/Реализации_2026-06-08.xlsx
[2026-06-09T13:10:54.520+0000] {processor.py:208} INFO - Processing /opt/airflow/dags/cases/01-1c-excel-pipeline/data/samples/Реализации_2026-06-08.xlsx took 0.033 seconds
[2026-06-09T13:11:25.077+0000] {processor.py:186} INFO - Started process (PID=206) to work on /opt/airflow/dags/cases/01-1c-excel-pipeline/data/samples/Реализации_2026-06-08.xlsx
[2026-06-09T13:11:25.078+0000] {processor.py:914} INFO - Processing file /opt/airflow/dags/cases/01-1c-excel-pipeline/data/samples/Реализации_2026-06-08.xlsx for tasks to queue
[2026-06-09T13:11:25.081+0000] {logging_mixin.py:190} INFO - [2026-06-09T13:11:25.080+0000] {dagbag.py:588} INFO - Filling up the DagBag from /opt/airflow/dags/cases/01-1c-excel-pipeline/data/samples/Реализации_2026-06-08.xlsx
[2026-06-09T13:11:25.083+0000] {processor.py:927} WARNING - No viable dags retrieved from /opt/airflow/dags/cases/01-1c-excel-pipeline/data/samples/Реализации_2026-06-08.xlsx
[2026-06-09T13:11:25.094+0000] {processor.py:208} INFO - Processing /opt/airflow/dags/cases/01-1c-excel-pipeline/data/samples/Реализации_2026-06-08.xlsx took 0.024 seconds
[2026-06-09T13:11:55.597+0000] {processor.py:186} INFO - Started process (PID=210) to work on /opt/airflow/dags/cases/01-1c-excel-pipeline/data/samples/Реализации_2026-06-08.xlsx
[2026-06-09T13:11:55.599+0000] {processor.py:914} INFO - Processing file /opt/airflow/dags/cases/01-1c-excel-pipeline/data/samples/Реализации_2026-06-08.xlsx for tasks to queue
[2026-06-09T13:11:55.603+0000] {logging_mixin.py:190} INFO - [2026-06-09T13:11:55.602+0000] {dagbag.py:588} INFO - Filling up the DagBag from /opt/airflow/dags/cases/01-1c-excel-pipeline/data/samples/Реализации_2026-06-08.xlsx
[2026-06-09T13:11:55.605+0000] {processor.py:927} WARNING - No viable dags retrieved from /opt/airflow/dags/cases/01-1c-excel-pipeline/data/samples/Реализации_2026-06-08.xlsx
[2026-06-09T13:11:55.621+0000] {processor.py:208} INFO - Processing /opt/airflow/dags/cases/01-1c-excel-pipeline/data/samples/Реализации_2026-06-08.xlsx took 0.033 seconds
[2026-06-09T13:12:26.193+0000] {processor.py:186} INFO - Started process (PID=214) to work on /opt/airflow/dags/cases/01-1c-excel-pipeline/data/samples/Реализации_2026-06-08.xlsx
[2026-06-09T13:12:26.194+0000] {processor.py:914} INFO - Processing file /opt/airflow/dags/cases/01-1c-excel-pipeline/data/samples/Реализации_2026-06-08.xlsx for tasks to queue
[2026-06-09T13:12:26.197+0000] {logging_mixin.py:190} INFO - [2026-06-09T13:12:26.196+0000] {dagbag.py:588} INFO - Filling up the DagBag from /opt/airflow/dags/cases/01-1c-excel-pipeline/data/samples/Реализации_2026-06-08.xlsx
[2026-06-09T13:12:26.199+0000] {processor.py:927} WARNING - No viable dags retrieved from /opt/airflow/dags/cases/01-1c-excel-pipeline/data/samples/Реализации_2026-06-08.xlsx
[2026-06-09T13:12:26.214+0000] {processor.py:208} INFO - Processing /opt/airflow/dags/cases/01-1c-excel-pipeline/data/samples/Реализации_2026-06-08.xlsx took 0.029 seconds
[2026-06-09T13:12:56.874+0000] {processor.py:186} INFO - Started process (PID=218) to work on /opt/airflow/dags/cases/01-1c-excel-pipeline/data/samples/Реализации_2026-06-08.xlsx
[2026-06-09T13:12:56.875+0000] {processor.py:914} INFO - Processing file /opt/airflow/dags/cases/01-1c-excel-pipeline/data/samples/Реализации_2026-06-08.xlsx for tasks to queue
[2026-06-09T13:12:56.879+0000] {logging_mixin.py:190} INFO - [2026-06-09T13:12:56.878+0000] {dagbag.py:588} INFO - Filling up the DagBag from /opt/airflow/dags/cases/01-1c-excel-pipeline/data/samples/Реализации_2026-06-08.xlsx
[2026-06-09T13:12:56.882+0000] {processor.py:927} WARNING - No viable dags retrieved from /opt/airflow/dags/cases/01-1c-excel-pipeline/data/samples/Реализации_2026-06-08.xlsx
[2026-06-09T13:12:56.899+0000] {processor.py:208} INFO - Processing /opt/airflow/dags/cases/01-1c-excel-pipeline/data/samples/Реализации_2026-06-08.xlsx took 0.034 seconds
[2026-06-09T13:13:27.524+0000] {processor.py:186} INFO - Started process (PID=222) to work on /opt/airflow/dags/cases/01-1c-excel-pipeline/data/samples/Реализации_2026-06-08.xlsx
[2026-06-09T13:13:27.525+0000] {processor.py:914} INFO - Processing file /opt/airflow/dags/cases/01-1c-excel-pipeline/data/samples/Реализации_2026-06-08.xlsx for tasks to queue
[2026-06-09T13:13:27.528+0000] {logging_mixin.py:190} INFO - [2026-06-09T13:13:27.527+0000] {dagbag.py:588} INFO - Filling up the DagBag from /opt/airflow/dags/cases/01-1c-excel-pipeline/data/samples/Реализации_2026-06-08.xlsx
[2026-06-09T13:13:27.530+0000] {processor.py:927} WARNING - No viable dags retrieved from /opt/airflow/dags/cases/01-1c-excel-pipeline/data/samples/Реализации_2026-06-08.xlsx
[2026-06-09T13:13:27.545+0000] {processor.py:208} INFO - Processing /opt/airflow/dags/cases/01-1c-excel-pipeline/data/samples/Реализации_2026-06-08.xlsx took 0.030 seconds
[2026-06-09T13:13:58.030+0000] {processor.py:186} INFO - Started process (PID=226) to work on /opt/airflow/dags/cases/01-1c-excel-pipeline/data/samples/Реализации_2026-06-08.xlsx
[2026-06-09T13:13:58.032+0000] {processor.py:914} INFO - Processing file /opt/airflow/dags/cases/01-1c-excel-pipeline/data/samples/Реализации_2026-06-08.xlsx for tasks to queue
[2026-06-09T13:13:58.035+0000] {logging_mixin.py:190} INFO - [2026-06-09T13:13:58.035+0000] {dagbag.py:588} INFO - Filling up the DagBag from /opt/airflow/dags/cases/01-1c-excel-pipeline/data/samples/Реализации_2026-06-08.xlsx
[2026-06-09T13:13:58.037+0000] {processor.py:927} WARNING - No viable dags retrieved from /opt/airflow/dags/cases/01-1c-excel-pipeline/data/samples/Реализации_2026-06-08.xlsx
[2026-06-09T13:13:58.051+0000] {processor.py:208} INFO - Processing /opt/airflow/dags/cases/01-1c-excel-pipeline/data/samples/Реализации_2026-06-08.xlsx took 0.030 seconds
[2026-06-09T13:14:28.618+0000] {processor.py:186} INFO - Started process (PID=230) to work on /opt/airflow/dags/cases/01-1c-excel-pipeline/data/samples/Реализации_2026-06-08.xlsx
[2026-06-09T13:14:28.620+0000] {processor.py:914} INFO - Processing file /opt/airflow/dags/cases/01-1c-excel-pipeline/data/samples/Реализации_2026-06-08.xlsx for tasks to queue
[2026-06-09T13:14:28.625+0000] {logging_mixin.py:190} INFO - [2026-06-09T13:14:28.624+0000] {dagbag.py:588} INFO - Filling up the DagBag from /opt/airflow/dags/cases/01-1c-excel-pipeline/data/samples/Реализации_2026-06-08.xlsx
[2026-06-09T13:14:28.630+0000] {processor.py:927} WARNING - No viable dags retrieved from /opt/airflow/dags/cases/01-1c-excel-pipeline/data/samples/Реализации_2026-06-08.xlsx
[2026-06-09T13:14:28.648+0000] {processor.py:208} INFO - Processing /opt/airflow/dags/cases/01-1c-excel-pipeline/data/samples/Реализации_2026-06-08.xlsx took 0.041 seconds
[2026-06-09T13:14:59.237+0000] {processor.py:186} INFO - Started process (PID=234) to work on /opt/airflow/dags/cases/01-1c-excel-pipeline/data/samples/Реализации_2026-06-08.xlsx
[2026-06-09T13:14:59.239+0000] {processor.py:914} INFO - Processing file /opt/airflow/dags/cases/01-1c-excel-pipeline/data/samples/Реализации_2026-06-08.xlsx for tasks to queue
[2026-06-09T13:14:59.242+0000] {logging_mixin.py:190} INFO - [2026-06-09T13:14:59.242+0000] {dagbag.py:588} INFO - Filling up the DagBag from /opt/airflow/dags/cases/01-1c-excel-pipeline/data/samples/Реализации_2026-06-08.xlsx
[2026-06-09T13:14:59.246+0000] {processor.py:927} WARNING - No viable dags retrieved from /opt/airflow/dags/cases/01-1c-excel-pipeline/data/samples/Реализации_2026-06-08.xlsx
[2026-06-09T13:14:59.264+0000] {processor.py:208} INFO - Processing /opt/airflow/dags/cases/01-1c-excel-pipeline/data/samples/Реализации_2026-06-08.xlsx took 0.036 seconds
[2026-06-09T13:15:29.847+0000] {processor.py:186} INFO - Started process (PID=238) to work on /opt/airflow/dags/cases/01-1c-excel-pipeline/data/samples/Реализации_2026-06-08.xlsx
[2026-06-09T13:15:29.848+0000] {processor.py:914} INFO - Processing file /opt/airflow/dags/cases/01-1c-excel-pipeline/data/samples/Реализации_2026-06-08.xlsx for tasks to queue
[2026-06-09T13:15:29.851+0000] {logging_mixin.py:190} INFO - [2026-06-09T13:15:29.851+0000] {dagbag.py:588} INFO - Filling up the DagBag from /opt/airflow/dags/cases/01-1c-excel-pipeline/data/samples/Реализации_2026-06-08.xlsx
[2026-06-09T13:15:29.855+0000] {processor.py:927} WARNING - No viable dags retrieved from /opt/airflow/dags/cases/01-1c-excel-pipeline/data/samples/Реализации_2026-06-08.xlsx
[2026-06-09T13:15:29.869+0000] {processor.py:208} INFO - Processing /opt/airflow/dags/cases/01-1c-excel-pipeline/data/samples/Реализации_2026-06-08.xlsx took 0.032 seconds
[2026-06-09T13:16:00.389+0000] {processor.py:186} INFO - Started process (PID=242) to work on /opt/airflow/dags/cases/01-1c-excel-pipeline/data/samples/Реализации_2026-06-08.xlsx
[2026-06-09T13:16:00.390+0000] {processor.py:914} INFO - Processing file /opt/airflow/dags/cases/01-1c-excel-pipeline/data/samples/Реализации_2026-06-08.xlsx for tasks to queue
[2026-06-09T13:16:00.391+0000] {logging_mixin.py:190} INFO - [2026-06-09T13:16:00.391+0000] {dagbag.py:588} INFO - Filling up the DagBag from /opt/airflow/dags/cases/01-1c-excel-pipeline/data/samples/Реализации_2026-06-08.xlsx
[2026-06-09T13:16:00.393+0000] {processor.py:927} WARNING - No viable dags retrieved from /opt/airflow/dags/cases/01-1c-excel-pipeline/data/samples/Реализации_2026-06-08.xlsx
[2026-06-09T13:16:00.402+0000] {processor.py:208} INFO - Processing /opt/airflow/dags/cases/01-1c-excel-pipeline/data/samples/Реализации_2026-06-08.xlsx took 0.018 seconds
[2026-06-09T13:16:30.942+0000] {processor.py:186} INFO - Started process (PID=246) to work on /opt/airflow/dags/cases/01-1c-excel-pipeline/data/samples/Реализации_2026-06-08.xlsx
[2026-06-09T13:16:30.943+0000] {processor.py:914} INFO - Processing file /opt/airflow/dags/cases/01-1c-excel-pipeline/data/samples/Реализации_2026-06-08.xlsx for tasks to queue
[2026-06-09T13:16:30.945+0000] {logging_mixin.py:190} INFO - [2026-06-09T13:16:30.944+0000] {dagbag.py:588} INFO - Filling up the DagBag from /opt/airflow/dags/cases/01-1c-excel-pipeline/data/samples/Реализации_2026-06-08.xlsx
[2026-06-09T13:16:30.947+0000] {processor.py:927} WARNING - No viable dags retrieved from /opt/airflow/dags/cases/01-1c-excel-pipeline/data/samples/Реализации_2026-06-08.xlsx
[2026-06-09T13:16:30.957+0000] {processor.py:208} INFO - Processing /opt/airflow/dags/cases/01-1c-excel-pipeline/data/samples/Реализации_2026-06-08.xlsx took 0.019 seconds
[2026-06-09T13:17:01.424+0000] {processor.py:186} INFO - Started process (PID=250) to work on /opt/airflow/dags/cases/01-1c-excel-pipeline/data/samples/Реализации_2026-06-08.xlsx
[2026-06-09T13:17:01.425+0000] {processor.py:914} INFO - Processing file /opt/airflow/dags/cases/01-1c-excel-pipeline/data/samples/Реализации_2026-06-08.xlsx for tasks to queue
[2026-06-09T13:17:01.426+0000] {logging_mixin.py:190} INFO - [2026-06-09T13:17:01.426+0000] {dagbag.py:588} INFO - Filling up the DagBag from /opt/airflow/dags/cases/01-1c-excel-pipeline/data/samples/Реализации_2026-06-08.xlsx
[2026-06-09T13:17:01.428+0000] {processor.py:927} WARNING - No viable dags retrieved from /opt/airflow/dags/cases/01-1c-excel-pipeline/data/samples/Реализации_2026-06-08.xlsx
[2026-06-09T13:17:01.438+0000] {processor.py:208} INFO - Processing /opt/airflow/dags/cases/01-1c-excel-pipeline/data/samples/Реализации_2026-06-08.xlsx took 0.018 seconds
[2026-06-09T13:17:31.880+0000] {processor.py:186} INFO - Started process (PID=254) to work on /opt/airflow/dags/cases/01-1c-excel-pipeline/data/samples/Реализации_2026-06-08.xlsx
[2026-06-09T13:17:31.881+0000] {processor.py:914} INFO - Processing file /opt/airflow/dags/cases/01-1c-excel-pipeline/data/samples/Реализации_2026-06-08.xlsx for tasks to queue
[2026-06-09T13:17:31.885+0000] {logging_mixin.py:190} INFO - [2026-06-09T13:17:31.885+0000] {dagbag.py:588} INFO - Filling up the DagBag from /opt/airflow/dags/cases/01-1c-excel-pipeline/data/samples/Реализации_2026-06-08.xlsx
[2026-06-09T13:17:31.888+0000] {processor.py:927} WARNING - No viable dags retrieved from /opt/airflow/dags/cases/01-1c-excel-pipeline/data/samples/Реализации_2026-06-08.xlsx
[2026-06-09T13:17:31.900+0000] {processor.py:208} INFO - Processing /opt/airflow/dags/cases/01-1c-excel-pipeline/data/samples/Реализации_2026-06-08.xlsx took 0.026 seconds
[2026-06-09T13:18:02.411+0000] {processor.py:186} INFO - Started process (PID=258) to work on /opt/airflow/dags/cases/01-1c-excel-pipeline/data/samples/Реализации_2026-06-08.xlsx
[2026-06-09T13:18:02.413+0000] {processor.py:914} INFO - Processing file /opt/airflow/dags/cases/01-1c-excel-pipeline/data/samples/Реализации_2026-06-08.xlsx for tasks to queue
[2026-06-09T13:18:02.417+0000] {logging_mixin.py:190} INFO - [2026-06-09T13:18:02.417+0000] {dagbag.py:588} INFO - Filling up the DagBag from /opt/airflow/dags/cases/01-1c-excel-pipeline/data/samples/Реализации_2026-06-08.xlsx
[2026-06-09T13:18:02.419+0000] {processor.py:927} WARNING - No viable dags retrieved from /opt/airflow/dags/cases/01-1c-excel-pipeline/data/samples/Реализации_2026-06-08.xlsx
[2026-06-09T13:18:02.430+0000] {processor.py:208} INFO - Processing /opt/airflow/dags/cases/01-1c-excel-pipeline/data/samples/Реализации_2026-06-08.xlsx took 0.028 seconds
[2026-06-09T13:18:32.954+0000] {processor.py:186} INFO - Started process (PID=262) to work on /opt/airflow/dags/cases/01-1c-excel-pipeline/data/samples/Реализации_2026-06-08.xlsx
[2026-06-09T13:18:32.956+0000] {processor.py:914} INFO - Processing file /opt/airflow/dags/cases/01-1c-excel-pipeline/data/samples/Реализации_2026-06-08.xlsx for tasks to queue
[2026-06-09T13:18:32.958+0000] {logging_mixin.py:190} INFO - [2026-06-09T13:18:32.958+0000] {dagbag.py:588} INFO - Filling up the DagBag from /opt/airflow/dags/cases/01-1c-excel-pipeline/data/samples/Реализации_2026-06-08.xlsx
[2026-06-09T13:18:32.961+0000] {processor.py:927} WARNING - No viable dags retrieved from /opt/airflow/dags/cases/01-1c-excel-pipeline/data/samples/Реализации_2026-06-08.xlsx
[2026-06-09T13:18:32.976+0000] {processor.py:208} INFO - Processing /opt/airflow/dags/cases/01-1c-excel-pipeline/data/samples/Реализации_2026-06-08.xlsx took 0.030 seconds
[2026-06-09T13:19:03.558+0000] {processor.py:186} INFO - Started process (PID=266) to work on /opt/airflow/dags/cases/01-1c-excel-pipeline/data/samples/Реализации_2026-06-08.xlsx
[2026-06-09T13:19:03.559+0000] {processor.py:914} INFO - Processing file /opt/airflow/dags/cases/01-1c-excel-pipeline/data/samples/Реализации_2026-06-08.xlsx for tasks to queue
[2026-06-09T13:19:03.562+0000] {logging_mixin.py:190} INFO - [2026-06-09T13:19:03.562+0000] {dagbag.py:588} INFO - Filling up the DagBag from /opt/airflow/dags/cases/01-1c-excel-pipeline/data/samples/Реализации_2026-06-08.xlsx
[2026-06-09T13:19:03.565+0000] {processor.py:927} WARNING - No viable dags retrieved from /opt/airflow/dags/cases/01-1c-excel-pipeline/data/samples/Реализации_2026-06-08.xlsx
[2026-06-09T13:19:03.577+0000] {processor.py:208} INFO - Processing /opt/airflow/dags/cases/01-1c-excel-pipeline/data/samples/Реализации_2026-06-08.xlsx took 0.028 seconds
[2026-06-09T13:19:34.139+0000] {processor.py:186} INFO - Started process (PID=270) to work on /opt/airflow/dags/cases/01-1c-excel-pipeline/data/samples/Реализации_2026-06-08.xlsx
[2026-06-09T13:19:34.141+0000] {processor.py:914} INFO - Processing file /opt/airflow/dags/cases/01-1c-excel-pipeline/data/samples/Реализации_2026-06-08.xlsx for tasks to queue
[2026-06-09T13:19:34.143+0000] {logging_mixin.py:190} INFO - [2026-06-09T13:19:34.143+0000] {dagbag.py:588} INFO - Filling up the DagBag from /opt/airflow/dags/cases/01-1c-excel-pipeline/data/samples/Реализации_2026-06-08.xlsx
[2026-06-09T13:19:34.148+0000] {processor.py:927} WARNING - No viable dags retrieved from /opt/airflow/dags/cases/01-1c-excel-pipeline/data/samples/Реализации_2026-06-08.xlsx
[2026-06-09T13:19:34.163+0000] {processor.py:208} INFO - Processing /opt/airflow/dags/cases/01-1c-excel-pipeline/data/samples/Реализации_2026-06-08.xlsx took 0.032 seconds
[2026-06-09T13:20:04.614+0000] {processor.py:186} INFO - Started process (PID=274) to work on /opt/airflow/dags/cases/01-1c-excel-pipeline/data/samples/Реализации_2026-06-08.xlsx
[2026-06-09T13:20:04.615+0000] {processor.py:914} INFO - Processing file /opt/airflow/dags/cases/01-1c-excel-pipeline/data/samples/Реализации_2026-06-08.xlsx for tasks to queue
[2026-06-09T13:20:04.618+0000] {logging_mixin.py:190} INFO - [2026-06-09T13:20:04.617+0000] {dagbag.py:588} INFO - Filling up the DagBag from /opt/airflow/dags/cases/01-1c-excel-pipeline/data/samples/Реализации_2026-06-08.xlsx
[2026-06-09T13:20:04.620+0000] {processor.py:927} WARNING - No viable dags retrieved from /opt/airflow/dags/cases/01-1c-excel-pipeline/data/samples/Реализации_2026-06-08.xlsx
[2026-06-09T13:20:04.638+0000] {processor.py:208} INFO - Processing /opt/airflow/dags/cases/01-1c-excel-pipeline/data/samples/Реализации_2026-06-08.xlsx took 0.031 seconds
[2026-06-09T13:20:35.200+0000] {processor.py:186} INFO - Started process (PID=278) to work on /opt/airflow/dags/cases/01-1c-excel-pipeline/data/samples/Реализации_2026-06-08.xlsx
[2026-06-09T13:20:35.201+0000] {processor.py:914} INFO - Processing file /opt/airflow/dags/cases/01-1c-excel-pipeline/data/samples/Реализации_2026-06-08.xlsx for tasks to queue
[2026-06-09T13:20:35.204+0000] {logging_mixin.py:190} INFO - [2026-06-09T13:20:35.204+0000] {dagbag.py:588} INFO - Filling up the DagBag from /opt/airflow/dags/cases/01-1c-excel-pipeline/data/samples/Реализации_2026-06-08.xlsx
[2026-06-09T13:20:35.207+0000] {processor.py:927} WARNING - No viable dags retrieved from /opt/airflow/dags/cases/01-1c-excel-pipeline/data/samples/Реализации_2026-06-08.xlsx
[2026-06-09T13:20:35.221+0000] {processor.py:208} INFO - Processing /opt/airflow/dags/cases/01-1c-excel-pipeline/data/samples/Реализации_2026-06-08.xlsx took 0.031 seconds
[2026-06-09T13:21:05.771+0000] {processor.py:186} INFO - Started process (PID=282) to work on /opt/airflow/dags/cases/01-1c-excel-pipeline/data/samples/Реализации_2026-06-08.xlsx
[2026-06-09T13:21:05.772+0000] {processor.py:914} INFO - Processing file /opt/airflow/dags/cases/01-1c-excel-pipeline/data/samples/Реализации_2026-06-08.xlsx for tasks to queue
[2026-06-09T13:21:05.775+0000] {logging_mixin.py:190} INFO - [2026-06-09T13:21:05.774+0000] {dagbag.py:588} INFO - Filling up the DagBag from /opt/airflow/dags/cases/01-1c-excel-pipeline/data/samples/Реализации_2026-06-08.xlsx
[2026-06-09T13:21:05.777+0000] {processor.py:927} WARNING - No viable dags retrieved from /opt/airflow/dags/cases/01-1c-excel-pipeline/data/samples/Реализации_2026-06-08.xlsx
[2026-06-09T13:21:05.792+0000] {processor.py:208} INFO - Processing /opt/airflow/dags/cases/01-1c-excel-pipeline/data/samples/Реализации_2026-06-08.xlsx took 0.027 seconds
[2026-06-09T13:21:36.330+0000] {processor.py:186} INFO - Started process (PID=286) to work on /opt/airflow/dags/cases/01-1c-excel-pipeline/data/samples/Реализации_2026-06-08.xlsx
[2026-06-09T13:21:36.332+0000] {processor.py:914} INFO - Processing file /opt/airflow/dags/cases/01-1c-excel-pipeline/data/samples/Реализации_2026-06-08.xlsx for tasks to queue
[2026-06-09T13:21:36.336+0000] {logging_mixin.py:190} INFO - [2026-06-09T13:21:36.335+0000] {dagbag.py:588} INFO - Filling up the DagBag from /opt/airflow/dags/cases/01-1c-excel-pipeline/data/samples/Реализации_2026-06-08.xlsx
[2026-06-09T13:21:36.338+0000] {processor.py:927} WARNING - No viable dags retrieved from /opt/airflow/dags/cases/01-1c-excel-pipeline/data/samples/Реализации_2026-06-08.xlsx
[2026-06-09T13:21:36.355+0000] {processor.py:208} INFO - Processing /opt/airflow/dags/cases/01-1c-excel-pipeline/data/samples/Реализации_2026-06-08.xlsx took 0.034 seconds
[2026-06-09T13:22:06.833+0000] {processor.py:186} INFO - Started process (PID=290) to work on /opt/airflow/dags/cases/01-1c-excel-pipeline/data/samples/Реализации_2026-06-08.xlsx
[2026-06-09T13:22:06.834+0000] {processor.py:914} INFO - Processing file /opt/airflow/dags/cases/01-1c-excel-pipeline/data/samples/Реализации_2026-06-08.xlsx for tasks to queue
[2026-06-09T13:22:06.836+0000] {logging_mixin.py:190} INFO - [2026-06-09T13:22:06.836+0000] {dagbag.py:588} INFO - Filling up the DagBag from /opt/airflow/dags/cases/01-1c-excel-pipeline/data/samples/Реализации_2026-06-08.xlsx
[2026-06-09T13:22:06.838+0000] {processor.py:927} WARNING - No viable dags retrieved from /opt/airflow/dags/cases/01-1c-excel-pipeline/data/samples/Реализации_2026-06-08.xlsx
[2026-06-09T13:22:06.848+0000] {processor.py:208} INFO - Processing /opt/airflow/dags/cases/01-1c-excel-pipeline/data/samples/Реализации_2026-06-08.xlsx took 0.025 seconds
[2026-06-09T13:22:37.350+0000] {processor.py:186} INFO - Started process (PID=294) to work on /opt/airflow/dags/cases/01-1c-excel-pipeline/data/samples/Реализации_2026-06-08.xlsx
[2026-06-09T13:22:37.351+0000] {processor.py:914} INFO - Processing file /opt/airflow/dags/cases/01-1c-excel-pipeline/data/samples/Реализации_2026-06-08.xlsx for tasks to queue
[2026-06-09T13:22:37.354+0000] {logging_mixin.py:190} INFO - [2026-06-09T13:22:37.354+0000] {dagbag.py:588} INFO - Filling up the DagBag from /opt/airflow/dags/cases/01-1c-excel-pipeline/data/samples/Реализации_2026-06-08.xlsx
[2026-06-09T13:22:37.356+0000] {processor.py:927} WARNING - No viable dags retrieved from /opt/airflow/dags/cases/01-1c-excel-pipeline/data/samples/Реализации_2026-06-08.xlsx
[2026-06-09T13:22:37.372+0000] {processor.py:208} INFO - Processing /opt/airflow/dags/cases/01-1c-excel-pipeline/data/samples/Реализации_2026-06-08.xlsx took 0.030 seconds
[2026-06-09T13:23:07.903+0000] {processor.py:186} INFO - Started process (PID=298) to work on /opt/airflow/dags/cases/01-1c-excel-pipeline/data/samples/Реализации_2026-06-08.xlsx
[2026-06-09T13:23:07.904+0000] {processor.py:914} INFO - Processing file /opt/airflow/dags/cases/01-1c-excel-pipeline/data/samples/Реализации_2026-06-08.xlsx for tasks to queue
[2026-06-09T13:23:07.907+0000] {logging_mixin.py:190} INFO - [2026-06-09T13:23:07.907+0000] {dagbag.py:588} INFO - Filling up the DagBag from /opt/airflow/dags/cases/01-1c-excel-pipeline/data/samples/Реализации_2026-06-08.xlsx
[2026-06-09T13:23:07.909+0000] {processor.py:927} WARNING - No viable dags retrieved from /opt/airflow/dags/cases/01-1c-excel-pipeline/data/samples/Реализации_2026-06-08.xlsx
[2026-06-09T13:23:07.930+0000] {processor.py:208} INFO - Processing /opt/airflow/dags/cases/01-1c-excel-pipeline/data/samples/Реализации_2026-06-08.xlsx took 0.036 seconds
[2026-06-09T13:23:38.427+0000] {processor.py:186} INFO - Started process (PID=302) to work on /opt/airflow/dags/cases/01-1c-excel-pipeline/data/samples/Реализации_2026-06-08.xlsx
[2026-06-09T13:23:38.429+0000] {processor.py:914} INFO - Processing file /opt/airflow/dags/cases/01-1c-excel-pipeline/data/samples/Реализации_2026-06-08.xlsx for tasks to queue
[2026-06-09T13:23:38.433+0000] {logging_mixin.py:190} INFO - [2026-06-09T13:23:38.432+0000] {dagbag.py:588} INFO - Filling up the DagBag from /opt/airflow/dags/cases/01-1c-excel-pipeline/data/samples/Реализации_2026-06-08.xlsx
[2026-06-09T13:23:38.435+0000] {processor.py:927} WARNING - No viable dags retrieved from /opt/airflow/dags/cases/01-1c-excel-pipeline/data/samples/Реализации_2026-06-08.xlsx
[2026-06-09T13:23:38.445+0000] {processor.py:208} INFO - Processing /opt/airflow/dags/cases/01-1c-excel-pipeline/data/samples/Реализации_2026-06-08.xlsx took 0.029 seconds
[2026-06-09T13:24:08.895+0000] {processor.py:186} INFO - Started process (PID=306) to work on /opt/airflow/dags/cases/01-1c-excel-pipeline/data/samples/Реализации_2026-06-08.xlsx
[2026-06-09T13:24:08.896+0000] {processor.py:914} INFO - Processing file /opt/airflow/dags/cases/01-1c-excel-pipeline/data/samples/Реализации_2026-06-08.xlsx for tasks to queue
[2026-06-09T13:24:08.900+0000] {logging_mixin.py:190} INFO - [2026-06-09T13:24:08.899+0000] {dagbag.py:588} INFO - Filling up the DagBag from /opt/airflow/dags/cases/01-1c-excel-pipeline/data/samples/Реализации_2026-06-08.xlsx
[2026-06-09T13:24:08.902+0000] {processor.py:927} WARNING - No viable dags retrieved from /opt/airflow/dags/cases/01-1c-excel-pipeline/data/samples/Реализации_2026-06-08.xlsx
[2026-06-09T13:24:08.918+0000] {processor.py:208} INFO - Processing /opt/airflow/dags/cases/01-1c-excel-pipeline/data/samples/Реализации_2026-06-08.xlsx took 0.031 seconds
[2026-06-09T13:24:39.369+0000] {processor.py:186} INFO - Started process (PID=310) to work on /opt/airflow/dags/cases/01-1c-excel-pipeline/data/samples/Реализации_2026-06-08.xlsx
[2026-06-09T13:24:39.371+0000] {processor.py:914} INFO - Processing file /opt/airflow/dags/cases/01-1c-excel-pipeline/data/samples/Реализации_2026-06-08.xlsx for tasks to queue
[2026-06-09T13:24:39.374+0000] {logging_mixin.py:190} INFO - [2026-06-09T13:24:39.374+0000] {dagbag.py:588} INFO - Filling up the DagBag from /opt/airflow/dags/cases/01-1c-excel-pipeline/data/samples/Реализации_2026-06-08.xlsx
[2026-06-09T13:24:39.377+0000] {processor.py:927} WARNING - No viable dags retrieved from /opt/airflow/dags/cases/01-1c-excel-pipeline/data/samples/Реализации_2026-06-08.xlsx
[2026-06-09T13:24:39.392+0000] {processor.py:208} INFO - Processing /opt/airflow/dags/cases/01-1c-excel-pipeline/data/samples/Реализации_2026-06-08.xlsx took 0.032 seconds
[2026-06-09T13:25:09.882+0000] {processor.py:186} INFO - Started process (PID=314) to work on /opt/airflow/dags/cases/01-1c-excel-pipeline/data/samples/Реализации_2026-06-08.xlsx
[2026-06-09T13:25:09.884+0000] {processor.py:914} INFO - Processing file /opt/airflow/dags/cases/01-1c-excel-pipeline/data/samples/Реализации_2026-06-08.xlsx for tasks to queue
[2026-06-09T13:25:09.887+0000] {logging_mixin.py:190} INFO - [2026-06-09T13:25:09.886+0000] {dagbag.py:588} INFO - Filling up the DagBag from /opt/airflow/dags/cases/01-1c-excel-pipeline/data/samples/Реализации_2026-06-08.xlsx
[2026-06-09T13:25:09.889+0000] {processor.py:927} WARNING - No viable dags retrieved from /opt/airflow/dags/cases/01-1c-excel-pipeline/data/samples/Реализации_2026-06-08.xlsx
[2026-06-09T13:25:09.909+0000] {processor.py:208} INFO - Processing /opt/airflow/dags/cases/01-1c-excel-pipeline/data/samples/Реализации_2026-06-08.xlsx took 0.034 seconds
[2026-06-09T13:25:40.401+0000] {processor.py:186} INFO - Started process (PID=318) to work on /opt/airflow/dags/cases/01-1c-excel-pipeline/data/samples/Реализации_2026-06-08.xlsx
[2026-06-09T13:25:40.402+0000] {processor.py:914} INFO - Processing file /opt/airflow/dags/cases/01-1c-excel-pipeline/data/samples/Реализации_2026-06-08.xlsx for tasks to queue
[2026-06-09T13:25:40.408+0000] {logging_mixin.py:190} INFO - [2026-06-09T13:25:40.408+0000] {dagbag.py:588} INFO - Filling up the DagBag from /opt/airflow/dags/cases/01-1c-excel-pipeline/data/samples/Реализации_2026-06-08.xlsx
[2026-06-09T13:25:40.411+0000] {processor.py:927} WARNING - No viable dags retrieved from /opt/airflow/dags/cases/01-1c-excel-pipeline/data/samples/Реализации_2026-06-08.xlsx
[2026-06-09T13:25:40.427+0000] {processor.py:208} INFO - Processing /opt/airflow/dags/cases/01-1c-excel-pipeline/data/samples/Реализации_2026-06-08.xlsx took 0.039 seconds
[2026-06-09T13:26:10.893+0000] {processor.py:186} INFO - Started process (PID=322) to work on /opt/airflow/dags/cases/01-1c-excel-pipeline/data/samples/Реализации_2026-06-08.xlsx
[2026-06-09T13:26:10.894+0000] {processor.py:914} INFO - Processing file /opt/airflow/dags/cases/01-1c-excel-pipeline/data/samples/Реализации_2026-06-08.xlsx for tasks to queue
[2026-06-09T13:26:10.897+0000] {logging_mixin.py:190} INFO - [2026-06-09T13:26:10.896+0000] {dagbag.py:588} INFO - Filling up the DagBag from /opt/airflow/dags/cases/01-1c-excel-pipeline/data/samples/Реализации_2026-06-08.xlsx
[2026-06-09T13:26:10.899+0000] {processor.py:927} WARNING - No viable dags retrieved from /opt/airflow/dags/cases/01-1c-excel-pipeline/data/samples/Реализации_2026-06-08.xlsx
[2026-06-09T13:26:10.913+0000] {processor.py:208} INFO - Processing /opt/airflow/dags/cases/01-1c-excel-pipeline/data/samples/Реализации_2026-06-08.xlsx took 0.027 seconds
[2026-06-09T13:26:41.421+0000] {processor.py:186} INFO - Started process (PID=326) to work on /opt/airflow/dags/cases/01-1c-excel-pipeline/data/samples/Реализации_2026-06-08.xlsx
[2026-06-09T13:26:41.422+0000] {processor.py:914} INFO - Processing file /opt/airflow/dags/cases/01-1c-excel-pipeline/data/samples/Реализации_2026-06-08.xlsx for tasks to queue
[2026-06-09T13:26:41.424+0000] {logging_mixin.py:190} INFO - [2026-06-09T13:26:41.423+0000] {dagbag.py:588} INFO - Filling up the DagBag from /opt/airflow/dags/cases/01-1c-excel-pipeline/data/samples/Реализации_2026-06-08.xlsx
[2026-06-09T13:26:41.425+0000] {processor.py:927} WARNING - No viable dags retrieved from /opt/airflow/dags/cases/01-1c-excel-pipeline/data/samples/Реализации_2026-06-08.xlsx
[2026-06-09T13:26:41.436+0000] {processor.py:208} INFO - Processing /opt/airflow/dags/cases/01-1c-excel-pipeline/data/samples/Реализации_2026-06-08.xlsx took 0.020 seconds
[2026-06-09T13:27:11.908+0000] {processor.py:186} INFO - Started process (PID=330) to work on /opt/airflow/dags/cases/01-1c-excel-pipeline/data/samples/Реализации_2026-06-08.xlsx
[2026-06-09T13:27:11.910+0000] {processor.py:914} INFO - Processing file /opt/airflow/dags/cases/01-1c-excel-pipeline/data/samples/Реализации_2026-06-08.xlsx for tasks to queue
[2026-06-09T13:27:11.913+0000] {logging_mixin.py:190} INFO - [2026-06-09T13:27:11.913+0000] {dagbag.py:588} INFO - Filling up the DagBag from /opt/airflow/dags/cases/01-1c-excel-pipeline/data/samples/Реализации_2026-06-08.xlsx
[2026-06-09T13:27:11.916+0000] {processor.py:927} WARNING - No viable dags retrieved from /opt/airflow/dags/cases/01-1c-excel-pipeline/data/samples/Реализации_2026-06-08.xlsx
[2026-06-09T13:27:11.936+0000] {processor.py:208} INFO - Processing /opt/airflow/dags/cases/01-1c-excel-pipeline/data/samples/Реализации_2026-06-08.xlsx took 0.038 seconds
[2026-06-09T13:27:42.397+0000] {processor.py:186} INFO - Started process (PID=334) to work on /opt/airflow/dags/cases/01-1c-excel-pipeline/data/samples/Реализации_2026-06-08.xlsx
[2026-06-09T13:27:42.399+0000] {processor.py:914} INFO - Processing file /opt/airflow/dags/cases/01-1c-excel-pipeline/data/samples/Реализации_2026-06-08.xlsx for tasks to queue
[2026-06-09T13:27:42.403+0000] {logging_mixin.py:190} INFO - [2026-06-09T13:27:42.402+0000] {dagbag.py:588} INFO - Filling up the DagBag from /opt/airflow/dags/cases/01-1c-excel-pipeline/data/samples/Реализации_2026-06-08.xlsx
[2026-06-09T13:27:42.407+0000] {processor.py:927} WARNING - No viable dags retrieved from /opt/airflow/dags/cases/01-1c-excel-pipeline/data/samples/Реализации_2026-06-08.xlsx
[2026-06-09T13:27:42.426+0000] {processor.py:208} INFO - Processing /opt/airflow/dags/cases/01-1c-excel-pipeline/data/samples/Реализации_2026-06-08.xlsx took 0.035 seconds
[2026-06-09T13:28:12.948+0000] {processor.py:186} INFO - Started process (PID=338) to work on /opt/airflow/dags/cases/01-1c-excel-pipeline/data/samples/Реализации_2026-06-08.xlsx
[2026-06-09T13:28:12.950+0000] {processor.py:914} INFO - Processing file /opt/airflow/dags/cases/01-1c-excel-pipeline/data/samples/Реализации_2026-06-08.xlsx for tasks to queue
[2026-06-09T13:28:12.956+0000] {logging_mixin.py:190} INFO - [2026-06-09T13:28:12.955+0000] {dagbag.py:588} INFO - Filling up the DagBag from /opt/airflow/dags/cases/01-1c-excel-pipeline/data/samples/Реализации_2026-06-08.xlsx
[2026-06-09T13:28:12.959+0000] {processor.py:927} WARNING - No viable dags retrieved from /opt/airflow/dags/cases/01-1c-excel-pipeline/data/samples/Реализации_2026-06-08.xlsx
[2026-06-09T13:28:12.978+0000] {processor.py:208} INFO - Processing /opt/airflow/dags/cases/01-1c-excel-pipeline/data/samples/Реализации_2026-06-08.xlsx took 0.041 seconds
[2026-06-09T13:28:43.459+0000] {processor.py:186} INFO - Started process (PID=342) to work on /opt/airflow/dags/cases/01-1c-excel-pipeline/data/samples/Реализации_2026-06-08.xlsx
[2026-06-09T13:28:43.461+0000] {processor.py:914} INFO - Processing file /opt/airflow/dags/cases/01-1c-excel-pipeline/data/samples/Реализации_2026-06-08.xlsx for tasks to queue
[2026-06-09T13:28:43.464+0000] {logging_mixin.py:190} INFO - [2026-06-09T13:28:43.464+0000] {dagbag.py:588} INFO - Filling up the DagBag from /opt/airflow/dags/cases/01-1c-excel-pipeline/data/samples/Реализации_2026-06-08.xlsx
[2026-06-09T13:28:43.467+0000] {processor.py:927} WARNING - No viable dags retrieved from /opt/airflow/dags/cases/01-1c-excel-pipeline/data/samples/Реализации_2026-06-08.xlsx
[2026-06-09T13:28:43.484+0000] {processor.py:208} INFO - Processing /opt/airflow/dags/cases/01-1c-excel-pipeline/data/samples/Реализации_2026-06-08.xlsx took 0.034 seconds
[2026-06-09T13:29:13.988+0000] {processor.py:186} INFO - Started process (PID=346) to work on /opt/airflow/dags/cases/01-1c-excel-pipeline/data/samples/Реализации_2026-06-08.xlsx
[2026-06-09T13:29:13.990+0000] {processor.py:914} INFO - Processing file /opt/airflow/dags/cases/01-1c-excel-pipeline/data/samples/Реализации_2026-06-08.xlsx for tasks to queue
[2026-06-09T13:29:13.992+0000] {logging_mixin.py:190} INFO - [2026-06-09T13:29:13.992+0000] {dagbag.py:588} INFO - Filling up the DagBag from /opt/airflow/dags/cases/01-1c-excel-pipeline/data/samples/Реализации_2026-06-08.xlsx
[2026-06-09T13:29:13.995+0000] {processor.py:927} WARNING - No viable dags retrieved from /opt/airflow/dags/cases/01-1c-excel-pipeline/data/samples/Реализации_2026-06-08.xlsx
[2026-06-09T13:29:14.014+0000] {processor.py:208} INFO - Processing /opt/airflow/dags/cases/01-1c-excel-pipeline/data/samples/Реализации_2026-06-08.xlsx took 0.034 seconds
[2026-06-09T13:29:44.535+0000] {processor.py:186} INFO - Started process (PID=350) to work on /opt/airflow/dags/cases/01-1c-excel-pipeline/data/samples/Реализации_2026-06-08.xlsx
[2026-06-09T13:29:44.537+0000] {processor.py:914} INFO - Processing file /opt/airflow/dags/cases/01-1c-excel-pipeline/data/samples/Реализации_2026-06-08.xlsx for tasks to queue
[2026-06-09T13:29:44.540+0000] {logging_mixin.py:190} INFO - [2026-06-09T13:29:44.540+0000] {dagbag.py:588} INFO - Filling up the DagBag from /opt/airflow/dags/cases/01-1c-excel-pipeline/data/samples/Реализации_2026-06-08.xlsx
[2026-06-09T13:29:44.543+0000] {processor.py:927} WARNING - No viable dags retrieved from /opt/airflow/dags/cases/01-1c-excel-pipeline/data/samples/Реализации_2026-06-08.xlsx
[2026-06-09T13:29:44.567+0000] {processor.py:208} INFO - Processing /opt/airflow/dags/cases/01-1c-excel-pipeline/data/samples/Реализации_2026-06-08.xlsx took 0.041 seconds
[2026-06-09T13:30:15.095+0000] {processor.py:186} INFO - Started process (PID=354) to work on /opt/airflow/dags/cases/01-1c-excel-pipeline/data/samples/Реализации_2026-06-08.xlsx
[2026-06-09T13:30:15.096+0000] {processor.py:914} INFO - Processing file /opt/airflow/dags/cases/01-1c-excel-pipeline/data/samples/Реализации_2026-06-08.xlsx for tasks to queue
[2026-06-09T13:30:15.099+0000] {logging_mixin.py:190} INFO - [2026-06-09T13:30:15.099+0000] {dagbag.py:588} INFO - Filling up the DagBag from /opt/airflow/dags/cases/01-1c-excel-pipeline/data/samples/Реализации_2026-06-08.xlsx
[2026-06-09T13:30:15.101+0000] {processor.py:927} WARNING - No viable dags retrieved from /opt/airflow/dags/cases/01-1c-excel-pipeline/data/samples/Реализации_2026-06-08.xlsx
[2026-06-09T13:30:15.116+0000] {processor.py:208} INFO - Processing /opt/airflow/dags/cases/01-1c-excel-pipeline/data/samples/Реализации_2026-06-08.xlsx took 0.028 seconds
[2026-06-09T13:30:45.585+0000] {processor.py:186} INFO - Started process (PID=358) to work on /opt/airflow/dags/cases/01-1c-excel-pipeline/data/samples/Реализации_2026-06-08.xlsx
[2026-06-09T13:30:45.586+0000] {processor.py:914} INFO - Processing file /opt/airflow/dags/cases/01-1c-excel-pipeline/data/samples/Реализации_2026-06-08.xlsx for tasks to queue
[2026-06-09T13:30:45.590+0000] {logging_mixin.py:190} INFO - [2026-06-09T13:30:45.590+0000] {dagbag.py:588} INFO - Filling up the DagBag from /opt/airflow/dags/cases/01-1c-excel-pipeline/data/samples/Реализации_2026-06-08.xlsx
[2026-06-09T13:30:45.592+0000] {processor.py:927} WARNING - No viable dags retrieved from /opt/airflow/dags/cases/01-1c-excel-pipeline/data/samples/Реализации_2026-06-08.xlsx
[2026-06-09T13:30:45.607+0000] {processor.py:208} INFO - Processing /opt/airflow/dags/cases/01-1c-excel-pipeline/data/samples/Реализации_2026-06-08.xlsx took 0.030 seconds
[2026-06-09T13:31:16.021+0000] {processor.py:186} INFO - Started process (PID=362) to work on /opt/airflow/dags/cases/01-1c-excel-pipeline/data/samples/Реализации_2026-06-08.xlsx
[2026-06-09T13:31:16.021+0000] {processor.py:914} INFO - Processing file /opt/airflow/dags/cases/01-1c-excel-pipeline/data/samples/Реализации_2026-06-08.xlsx for tasks to queue
[2026-06-09T13:31:16.023+0000] {logging_mixin.py:190} INFO - [2026-06-09T13:31:16.023+0000] {dagbag.py:588} INFO - Filling up the DagBag from /opt/airflow/dags/cases/01-1c-excel-pipeline/data/samples/Реализации_2026-06-08.xlsx
[2026-06-09T13:31:16.024+0000] {processor.py:927} WARNING - No viable dags retrieved from /opt/airflow/dags/cases/01-1c-excel-pipeline/data/samples/Реализации_2026-06-08.xlsx
[2026-06-09T13:31:16.033+0000] {processor.py:208} INFO - Processing /opt/airflow/dags/cases/01-1c-excel-pipeline/data/samples/Реализации_2026-06-08.xlsx took 0.017 seconds
[2026-06-09T13:31:46.521+0000] {processor.py:186} INFO - Started process (PID=366) to work on /opt/airflow/dags/cases/01-1c-excel-pipeline/data/samples/Реализации_2026-06-08.xlsx
[2026-06-09T13:31:46.523+0000] {processor.py:914} INFO - Processing file /opt/airflow/dags/cases/01-1c-excel-pipeline/data/samples/Реализации_2026-06-08.xlsx for tasks to queue
[2026-06-09T13:31:46.526+0000] {logging_mixin.py:190} INFO - [2026-06-09T13:31:46.525+0000] {dagbag.py:588} INFO - Filling up the DagBag from /opt/airflow/dags/cases/01-1c-excel-pipeline/data/samples/Реализации_2026-06-08.xlsx
[2026-06-09T13:31:46.528+0000] {processor.py:927} WARNING - No viable dags retrieved from /opt/airflow/dags/cases/01-1c-excel-pipeline/data/samples/Реализации_2026-06-08.xlsx
[2026-06-09T13:31:46.542+0000] {processor.py:208} INFO - Processing /opt/airflow/dags/cases/01-1c-excel-pipeline/data/samples/Реализации_2026-06-08.xlsx took 0.029 seconds
[2026-06-09T13:32:17.040+0000] {processor.py:186} INFO - Started process (PID=370) to work on /opt/airflow/dags/cases/01-1c-excel-pipeline/data/samples/Реализации_2026-06-08.xlsx
[2026-06-09T13:32:17.042+0000] {processor.py:914} INFO - Processing file /opt/airflow/dags/cases/01-1c-excel-pipeline/data/samples/Реализации_2026-06-08.xlsx for tasks to queue
[2026-06-09T13:32:17.044+0000] {logging_mixin.py:190} INFO - [2026-06-09T13:32:17.044+0000] {dagbag.py:588} INFO - Filling up the DagBag from /opt/airflow/dags/cases/01-1c-excel-pipeline/data/samples/Реализации_2026-06-08.xlsx
[2026-06-09T13:32:17.046+0000] {processor.py:927} WARNING - No viable dags retrieved from /opt/airflow/dags/cases/01-1c-excel-pipeline/data/samples/Реализации_2026-06-08.xlsx
[2026-06-09T13:32:17.057+0000] {processor.py:208} INFO - Processing /opt/airflow/dags/cases/01-1c-excel-pipeline/data/samples/Реализации_2026-06-08.xlsx took 0.025 seconds
[2026-06-09T13:32:47.536+0000] {processor.py:186} INFO - Started process (PID=374) to work on /opt/airflow/dags/cases/01-1c-excel-pipeline/data/samples/Реализации_2026-06-08.xlsx
[2026-06-09T13:32:47.537+0000] {processor.py:914} INFO - Processing file /opt/airflow/dags/cases/01-1c-excel-pipeline/data/samples/Реализации_2026-06-08.xlsx for tasks to queue
[2026-06-09T13:32:47.539+0000] {logging_mixin.py:190} INFO - [2026-06-09T13:32:47.539+0000] {dagbag.py:588} INFO - Filling up the DagBag from /opt/airflow/dags/cases/01-1c-excel-pipeline/data/samples/Реализации_2026-06-08.xlsx
[2026-06-09T13:32:47.541+0000] {processor.py:927} WARNING - No viable dags retrieved from /opt/airflow/dags/cases/01-1c-excel-pipeline/data/samples/Реализации_2026-06-08.xlsx
[2026-06-09T13:32:47.555+0000] {processor.py:208} INFO - Processing /opt/airflow/dags/cases/01-1c-excel-pipeline/data/samples/Реализации_2026-06-08.xlsx took 0.026 seconds
[2026-06-09T13:33:18.001+0000] {processor.py:186} INFO - Started process (PID=378) to work on /opt/airflow/dags/cases/01-1c-excel-pipeline/data/samples/Реализации_2026-06-08.xlsx
[2026-06-09T13:33:18.002+0000] {processor.py:914} INFO - Processing file /opt/airflow/dags/cases/01-1c-excel-pipeline/data/samples/Реализации_2026-06-08.xlsx for tasks to queue
[2026-06-09T13:33:18.004+0000] {logging_mixin.py:190} INFO - [2026-06-09T13:33:18.004+0000] {dagbag.py:588} INFO - Filling up the DagBag from /opt/airflow/dags/cases/01-1c-excel-pipeline/data/samples/Реализации_2026-06-08.xlsx
[2026-06-09T13:33:18.006+0000] {processor.py:927} WARNING - No viable dags retrieved from /opt/airflow/dags/cases/01-1c-excel-pipeline/data/samples/Реализации_2026-06-08.xlsx
[2026-06-09T13:33:18.022+0000] {processor.py:208} INFO - Processing /opt/airflow/dags/cases/01-1c-excel-pipeline/data/samples/Реализации_2026-06-08.xlsx took 0.028 seconds
[2026-06-09T13:33:48.510+0000] {processor.py:186} INFO - Started process (PID=382) to work on /opt/airflow/dags/cases/01-1c-excel-pipeline/data/samples/Реализации_2026-06-08.xlsx
[2026-06-09T13:33:48.511+0000] {processor.py:914} INFO - Processing file /opt/airflow/dags/cases/01-1c-excel-pipeline/data/samples/Реализации_2026-06-08.xlsx for tasks to queue
[2026-06-09T13:33:48.514+0000] {logging_mixin.py:190} INFO - [2026-06-09T13:33:48.514+0000] {dagbag.py:588} INFO - Filling up the DagBag from /opt/airflow/dags/cases/01-1c-excel-pipeline/data/samples/Реализации_2026-06-08.xlsx
[2026-06-09T13:33:48.516+0000] {processor.py:927} WARNING - No viable dags retrieved from /opt/airflow/dags/cases/01-1c-excel-pipeline/data/samples/Реализации_2026-06-08.xlsx
[2026-06-09T13:33:48.533+0000] {processor.py:208} INFO - Processing /opt/airflow/dags/cases/01-1c-excel-pipeline/data/samples/Реализации_2026-06-08.xlsx took 0.032 seconds
[2026-06-09T13:34:19.036+0000] {processor.py:186} INFO - Started process (PID=386) to work on /opt/airflow/dags/cases/01-1c-excel-pipeline/data/samples/Реализации_2026-06-08.xlsx
[2026-06-09T13:34:19.037+0000] {processor.py:914} INFO - Processing file /opt/airflow/dags/cases/01-1c-excel-pipeline/data/samples/Реализации_2026-06-08.xlsx for tasks to queue
[2026-06-09T13:34:19.039+0000] {logging_mixin.py:190} INFO - [2026-06-09T13:34:19.039+0000] {dagbag.py:588} INFO - Filling up the DagBag from /opt/airflow/dags/cases/01-1c-excel-pipeline/data/samples/Реализации_2026-06-08.xlsx
[2026-06-09T13:34:19.041+0000] {processor.py:927} WARNING - No viable dags retrieved from /opt/airflow/dags/cases/01-1c-excel-pipeline/data/samples/Реализации_2026-06-08.xlsx
[2026-06-09T13:34:19.056+0000] {processor.py:208} INFO - Processing /opt/airflow/dags/cases/01-1c-excel-pipeline/data/samples/Реализации_2026-06-08.xlsx took 0.027 seconds
[2026-06-09T13:34:49.569+0000] {processor.py:186} INFO - Started process (PID=390) to work on /opt/airflow/dags/cases/01-1c-excel-pipeline/data/samples/Реализации_2026-06-08.xlsx
[2026-06-09T13:34:49.570+0000] {processor.py:914} INFO - Processing file /opt/airflow/dags/cases/01-1c-excel-pipeline/data/samples/Реализации_2026-06-08.xlsx for tasks to queue
[2026-06-09T13:34:49.573+0000] {logging_mixin.py:190} INFO - [2026-06-09T13:34:49.573+0000] {dagbag.py:588} INFO - Filling up the DagBag from /opt/airflow/dags/cases/01-1c-excel-pipeline/data/samples/Реализации_2026-06-08.xlsx
[2026-06-09T13:34:49.575+0000] {processor.py:927} WARNING - No viable dags retrieved from /opt/airflow/dags/cases/01-1c-excel-pipeline/data/samples/Реализации_2026-06-08.xlsx
[2026-06-09T13:34:49.588+0000] {processor.py:208} INFO - Processing /opt/airflow/dags/cases/01-1c-excel-pipeline/data/samples/Реализации_2026-06-08.xlsx took 0.026 seconds
[2026-06-09T13:35:20.015+0000] {processor.py:186} INFO - Started process (PID=394) to work on /opt/airflow/dags/cases/01-1c-excel-pipeline/data/samples/Реализации_2026-06-08.xlsx
[2026-06-09T13:35:20.015+0000] {processor.py:914} INFO - Processing file /opt/airflow/dags/cases/01-1c-excel-pipeline/data/samples/Реализации_2026-06-08.xlsx for tasks to queue
[2026-06-09T13:35:20.018+0000] {logging_mixin.py:190} INFO - [2026-06-09T13:35:20.018+0000] {dagbag.py:588} INFO - Filling up the DagBag from /opt/airflow/dags/cases/01-1c-excel-pipeline/data/samples/Реализации_2026-06-08.xlsx
[2026-06-09T13:35:20.020+0000] {processor.py:927} WARNING - No viable dags retrieved from /opt/airflow/dags/cases/01-1c-excel-pipeline/data/samples/Реализации_2026-06-08.xlsx
[2026-06-09T13:35:20.031+0000] {processor.py:208} INFO - Processing /opt/airflow/dags/cases/01-1c-excel-pipeline/data/samples/Реализации_2026-06-08.xlsx took 0.022 seconds
[2026-06-09T13:35:50.465+0000] {processor.py:186} INFO - Started process (PID=398) to work on /opt/airflow/dags/cases/01-1c-excel-pipeline/data/samples/Реализации_2026-06-08.xlsx
[2026-06-09T13:35:50.468+0000] {processor.py:914} INFO - Processing file /opt/airflow/dags/cases/01-1c-excel-pipeline/data/samples/Реализации_2026-06-08.xlsx for tasks to queue
[2026-06-09T13:35:50.471+0000] {logging_mixin.py:190} INFO - [2026-06-09T13:35:50.471+0000] {dagbag.py:588} INFO - Filling up the DagBag from /opt/airflow/dags/cases/01-1c-excel-pipeline/data/samples/Реализации_2026-06-08.xlsx
[2026-06-09T13:35:50.474+0000] {processor.py:927} WARNING - No viable dags retrieved from /opt/airflow/dags/cases/01-1c-excel-pipeline/data/samples/Реализации_2026-06-08.xlsx
[2026-06-09T13:35:50.486+0000] {processor.py:208} INFO - Processing /opt/airflow/dags/cases/01-1c-excel-pipeline/data/samples/Реализации_2026-06-08.xlsx took 0.027 seconds
[2026-06-09T13:36:20.965+0000] {processor.py:186} INFO - Started process (PID=402) to work on /opt/airflow/dags/cases/01-1c-excel-pipeline/data/samples/Реализации_2026-06-08.xlsx
[2026-06-09T13:36:20.967+0000] {processor.py:914} INFO - Processing file /opt/airflow/dags/cases/01-1c-excel-pipeline/data/samples/Реализации_2026-06-08.xlsx for tasks to queue
[2026-06-09T13:36:20.970+0000] {logging_mixin.py:190} INFO - [2026-06-09T13:36:20.969+0000] {dagbag.py:588} INFO - Filling up the DagBag from /opt/airflow/dags/cases/01-1c-excel-pipeline/data/samples/Реализации_2026-06-08.xlsx
[2026-06-09T13:36:20.972+0000] {processor.py:927} WARNING - No viable dags retrieved from /opt/airflow/dags/cases/01-1c-excel-pipeline/data/samples/Реализации_2026-06-08.xlsx
[2026-06-09T13:36:20.986+0000] {processor.py:208} INFO - Processing /opt/airflow/dags/cases/01-1c-excel-pipeline/data/samples/Реализации_2026-06-08.xlsx took 0.029 seconds
[2026-06-09T13:36:51.483+0000] {processor.py:186} INFO - Started process (PID=406) to work on /opt/airflow/dags/cases/01-1c-excel-pipeline/data/samples/Реализации_2026-06-08.xlsx
[2026-06-09T13:36:51.484+0000] {processor.py:914} INFO - Processing file /opt/airflow/dags/cases/01-1c-excel-pipeline/data/samples/Реализации_2026-06-08.xlsx for tasks to queue
[2026-06-09T13:36:51.487+0000] {logging_mixin.py:190} INFO - [2026-06-09T13:36:51.487+0000] {dagbag.py:588} INFO - Filling up the DagBag from /opt/airflow/dags/cases/01-1c-excel-pipeline/data/samples/Реализации_2026-06-08.xlsx
[2026-06-09T13:36:51.489+0000] {processor.py:927} WARNING - No viable dags retrieved from /opt/airflow/dags/cases/01-1c-excel-pipeline/data/samples/Реализации_2026-06-08.xlsx
[2026-06-09T13:36:51.505+0000] {processor.py:208} INFO - Processing /opt/airflow/dags/cases/01-1c-excel-pipeline/data/samples/Реализации_2026-06-08.xlsx took 0.030 seconds
[2026-06-09T13:37:22.087+0000] {processor.py:186} INFO - Started process (PID=410) to work on /opt/airflow/dags/cases/01-1c-excel-pipeline/data/samples/Реализации_2026-06-08.xlsx
[2026-06-09T13:37:22.088+0000] {processor.py:914} INFO - Processing file /opt/airflow/dags/cases/01-1c-excel-pipeline/data/samples/Реализации_2026-06-08.xlsx for tasks to queue
[2026-06-09T13:37:22.091+0000] {logging_mixin.py:190} INFO - [2026-06-09T13:37:22.091+0000] {dagbag.py:588} INFO - Filling up the DagBag from /opt/airflow/dags/cases/01-1c-excel-pipeline/data/samples/Реализации_2026-06-08.xlsx
[2026-06-09T13:37:22.094+0000] {processor.py:927} WARNING - No viable dags retrieved from /opt/airflow/dags/cases/01-1c-excel-pipeline/data/samples/Реализации_2026-06-08.xlsx
[2026-06-09T13:37:22.111+0000] {processor.py:208} INFO - Processing /opt/airflow/dags/cases/01-1c-excel-pipeline/data/samples/Реализации_2026-06-08.xlsx took 0.032 seconds
[2026-06-09T13:37:52.602+0000] {processor.py:186} INFO - Started process (PID=414) to work on /opt/airflow/dags/cases/01-1c-excel-pipeline/data/samples/Реализации_2026-06-08.xlsx
[2026-06-09T13:37:52.604+0000] {processor.py:914} INFO - Processing file /opt/airflow/dags/cases/01-1c-excel-pipeline/data/samples/Реализации_2026-06-08.xlsx for tasks to queue
[2026-06-09T13:37:52.608+0000] {logging_mixin.py:190} INFO - [2026-06-09T13:37:52.607+0000] {dagbag.py:588} INFO - Filling up the DagBag from /opt/airflow/dags/cases/01-1c-excel-pipeline/data/samples/Реализации_2026-06-08.xlsx
[2026-06-09T13:37:52.611+0000] {processor.py:927} WARNING - No viable dags retrieved from /opt/airflow/dags/cases/01-1c-excel-pipeline/data/samples/Реализации_2026-06-08.xlsx
[2026-06-09T13:37:52.628+0000] {processor.py:208} INFO - Processing /opt/airflow/dags/cases/01-1c-excel-pipeline/data/samples/Реализации_2026-06-08.xlsx took 0.036 seconds
[2026-06-09T13:38:23.104+0000] {processor.py:186} INFO - Started process (PID=418) to work on /opt/airflow/dags/cases/01-1c-excel-pipeline/data/samples/Реализации_2026-06-08.xlsx
[2026-06-09T13:38:23.105+0000] {processor.py:914} INFO - Processing file /opt/airflow/dags/cases/01-1c-excel-pipeline/data/samples/Реализации_2026-06-08.xlsx for tasks to queue
[2026-06-09T13:38:23.108+0000] {logging_mixin.py:190} INFO - [2026-06-09T13:38:23.108+0000] {dagbag.py:588} INFO - Filling up the DagBag from /opt/airflow/dags/cases/01-1c-excel-pipeline/data/samples/Реализации_2026-06-08.xlsx
[2026-06-09T13:38:23.111+0000] {processor.py:927} WARNING - No viable dags retrieved from /opt/airflow/dags/cases/01-1c-excel-pipeline/data/samples/Реализации_2026-06-08.xlsx
[2026-06-09T13:38:23.127+0000] {processor.py:208} INFO - Processing /opt/airflow/dags/cases/01-1c-excel-pipeline/data/samples/Реализации_2026-06-08.xlsx took 0.032 seconds
[2026-06-09T13:38:53.686+0000] {processor.py:186} INFO - Started process (PID=422) to work on /opt/airflow/dags/cases/01-1c-excel-pipeline/data/samples/Реализации_2026-06-08.xlsx
[2026-06-09T13:38:53.687+0000] {processor.py:914} INFO - Processing file /opt/airflow/dags/cases/01-1c-excel-pipeline/data/samples/Реализации_2026-06-08.xlsx for tasks to queue
[2026-06-09T13:38:53.689+0000] {logging_mixin.py:190} INFO - [2026-06-09T13:38:53.689+0000] {dagbag.py:588} INFO - Filling up the DagBag from /opt/airflow/dags/cases/01-1c-excel-pipeline/data/samples/Реализации_2026-06-08.xlsx
[2026-06-09T13:38:53.691+0000] {processor.py:927} WARNING - No viable dags retrieved from /opt/airflow/dags/cases/01-1c-excel-pipeline/data/samples/Реализации_2026-06-08.xlsx
[2026-06-09T13:38:53.704+0000] {processor.py:208} INFO - Processing /opt/airflow/dags/cases/01-1c-excel-pipeline/data/samples/Реализации_2026-06-08.xlsx took 0.025 seconds
[2026-06-09T13:39:24.229+0000] {processor.py:186} INFO - Started process (PID=426) to work on /opt/airflow/dags/cases/01-1c-excel-pipeline/data/samples/Реализации_2026-06-08.xlsx
[2026-06-09T13:39:24.230+0000] {processor.py:914} INFO - Processing file /opt/airflow/dags/cases/01-1c-excel-pipeline/data/samples/Реализации_2026-06-08.xlsx for tasks to queue
[2026-06-09T13:39:24.233+0000] {logging_mixin.py:190} INFO - [2026-06-09T13:39:24.233+0000] {dagbag.py:588} INFO - Filling up the DagBag from /opt/airflow/dags/cases/01-1c-excel-pipeline/data/samples/Реализации_2026-06-08.xlsx
[2026-06-09T13:39:24.235+0000] {processor.py:927} WARNING - No viable dags retrieved from /opt/airflow/dags/cases/01-1c-excel-pipeline/data/samples/Реализации_2026-06-08.xlsx
[2026-06-09T13:39:24.250+0000] {processor.py:208} INFO - Processing /opt/airflow/dags/cases/01-1c-excel-pipeline/data/samples/Реализации_2026-06-08.xlsx took 0.029 seconds
[2026-06-09T13:39:54.739+0000] {processor.py:186} INFO - Started process (PID=430) to work on /opt/airflow/dags/cases/01-1c-excel-pipeline/data/samples/Реализации_2026-06-08.xlsx
[2026-06-09T13:39:54.741+0000] {processor.py:914} INFO - Processing file /opt/airflow/dags/cases/01-1c-excel-pipeline/data/samples/Реализации_2026-06-08.xlsx for tasks to queue
[2026-06-09T13:39:54.743+0000] {logging_mixin.py:190} INFO - [2026-06-09T13:39:54.743+0000] {dagbag.py:588} INFO - Filling up the DagBag from /opt/airflow/dags/cases/01-1c-excel-pipeline/data/samples/Реализации_2026-06-08.xlsx
[2026-06-09T13:39:54.746+0000] {processor.py:927} WARNING - No viable dags retrieved from /opt/airflow/dags/cases/01-1c-excel-pipeline/data/samples/Реализации_2026-06-08.xlsx
[2026-06-09T13:39:54.763+0000] {processor.py:208} INFO - Processing /opt/airflow/dags/cases/01-1c-excel-pipeline/data/samples/Реализации_2026-06-08.xlsx took 0.032 seconds
[2026-06-09T13:40:25.364+0000] {processor.py:186} INFO - Started process (PID=434) to work on /opt/airflow/dags/cases/01-1c-excel-pipeline/data/samples/Реализации_2026-06-08.xlsx
[2026-06-09T13:40:25.367+0000] {processor.py:914} INFO - Processing file /opt/airflow/dags/cases/01-1c-excel-pipeline/data/samples/Реализации_2026-06-08.xlsx for tasks to queue
[2026-06-09T13:40:25.371+0000] {logging_mixin.py:190} INFO - [2026-06-09T13:40:25.370+0000] {dagbag.py:588} INFO - Filling up the DagBag from /opt/airflow/dags/cases/01-1c-excel-pipeline/data/samples/Реализации_2026-06-08.xlsx
[2026-06-09T13:40:25.374+0000] {processor.py:927} WARNING - No viable dags retrieved from /opt/airflow/dags/cases/01-1c-excel-pipeline/data/samples/Реализации_2026-06-08.xlsx
[2026-06-09T13:40:25.392+0000] {processor.py:208} INFO - Processing /opt/airflow/dags/cases/01-1c-excel-pipeline/data/samples/Реализации_2026-06-08.xlsx took 0.041 seconds
[2026-06-09T13:40:55.959+0000] {processor.py:186} INFO - Started process (PID=438) to work on /opt/airflow/dags/cases/01-1c-excel-pipeline/data/samples/Реализации_2026-06-08.xlsx
[2026-06-09T13:40:55.960+0000] {processor.py:914} INFO - Processing file /opt/airflow/dags/cases/01-1c-excel-pipeline/data/samples/Реализации_2026-06-08.xlsx for tasks to queue
[2026-06-09T13:40:55.964+0000] {logging_mixin.py:190} INFO - [2026-06-09T13:40:55.964+0000] {dagbag.py:588} INFO - Filling up the DagBag from /opt/airflow/dags/cases/01-1c-excel-pipeline/data/samples/Реализации_2026-06-08.xlsx
[2026-06-09T13:40:55.966+0000] {processor.py:927} WARNING - No viable dags retrieved from /opt/airflow/dags/cases/01-1c-excel-pipeline/data/samples/Реализации_2026-06-08.xlsx
[2026-06-09T13:40:55.980+0000] {processor.py:208} INFO - Processing /opt/airflow/dags/cases/01-1c-excel-pipeline/data/samples/Реализации_2026-06-08.xlsx took 0.030 seconds
[2026-06-09T13:41:26.540+0000] {processor.py:186} INFO - Started process (PID=442) to work on /opt/airflow/dags/cases/01-1c-excel-pipeline/data/samples/Реализации_2026-06-08.xlsx
[2026-06-09T13:41:26.541+0000] {processor.py:914} INFO - Processing file /opt/airflow/dags/cases/01-1c-excel-pipeline/data/samples/Реализации_2026-06-08.xlsx for tasks to queue
[2026-06-09T13:41:26.545+0000] {logging_mixin.py:190} INFO - [2026-06-09T13:41:26.544+0000] {dagbag.py:588} INFO - Filling up the DagBag from /opt/airflow/dags/cases/01-1c-excel-pipeline/data/samples/Реализации_2026-06-08.xlsx
[2026-06-09T13:41:26.548+0000] {processor.py:927} WARNING - No viable dags retrieved from /opt/airflow/dags/cases/01-1c-excel-pipeline/data/samples/Реализации_2026-06-08.xlsx
[2026-06-09T13:41:26.563+0000] {processor.py:208} INFO - Processing /opt/airflow/dags/cases/01-1c-excel-pipeline/data/samples/Реализации_2026-06-08.xlsx took 0.032 seconds
[2026-06-09T13:41:57.128+0000] {processor.py:186} INFO - Started process (PID=446) to work on /opt/airflow/dags/cases/01-1c-excel-pipeline/data/samples/Реализации_2026-06-08.xlsx
[2026-06-09T13:41:57.130+0000] {processor.py:914} INFO - Processing file /opt/airflow/dags/cases/01-1c-excel-pipeline/data/samples/Реализации_2026-06-08.xlsx for tasks to queue
[2026-06-09T13:41:57.134+0000] {logging_mixin.py:190} INFO - [2026-06-09T13:41:57.134+0000] {dagbag.py:588} INFO - Filling up the DagBag from /opt/airflow/dags/cases/01-1c-excel-pipeline/data/samples/Реализации_2026-06-08.xlsx
[2026-06-09T13:41:57.137+0000] {processor.py:927} WARNING - No viable dags retrieved from /opt/airflow/dags/cases/01-1c-excel-pipeline/data/samples/Реализации_2026-06-08.xlsx
[2026-06-09T13:41:57.155+0000] {processor.py:208} INFO - Processing /opt/airflow/dags/cases/01-1c-excel-pipeline/data/samples/Реализации_2026-06-08.xlsx took 0.037 seconds
[2026-06-09T13:42:27.688+0000] {processor.py:186} INFO - Started process (PID=450) to work on /opt/airflow/dags/cases/01-1c-excel-pipeline/data/samples/Реализации_2026-06-08.xlsx
[2026-06-09T13:42:27.691+0000] {processor.py:914} INFO - Processing file /opt/airflow/dags/cases/01-1c-excel-pipeline/data/samples/Реализации_2026-06-08.xlsx for tasks to queue
[2026-06-09T13:42:27.696+0000] {logging_mixin.py:190} INFO - [2026-06-09T13:42:27.695+0000] {dagbag.py:588} INFO - Filling up the DagBag from /opt/airflow/dags/cases/01-1c-excel-pipeline/data/samples/Реализации_2026-06-08.xlsx
[2026-06-09T13:42:27.699+0000] {processor.py:927} WARNING - No viable dags retrieved from /opt/airflow/dags/cases/01-1c-excel-pipeline/data/samples/Реализации_2026-06-08.xlsx
[2026-06-09T13:42:27.721+0000] {processor.py:208} INFO - Processing /opt/airflow/dags/cases/01-1c-excel-pipeline/data/samples/Реализации_2026-06-08.xlsx took 0.048 seconds
[2026-06-09T13:42:58.286+0000] {processor.py:186} INFO - Started process (PID=454) to work on /opt/airflow/dags/cases/01-1c-excel-pipeline/data/samples/Реализации_2026-06-08.xlsx
[2026-06-09T13:42:58.287+0000] {processor.py:914} INFO - Processing file /opt/airflow/dags/cases/01-1c-excel-pipeline/data/samples/Реализации_2026-06-08.xlsx for tasks to queue
[2026-06-09T13:42:58.291+0000] {logging_mixin.py:190} INFO - [2026-06-09T13:42:58.290+0000] {dagbag.py:588} INFO - Filling up the DagBag from /opt/airflow/dags/cases/01-1c-excel-pipeline/data/samples/Реализации_2026-06-08.xlsx
[2026-06-09T13:42:58.293+0000] {processor.py:927} WARNING - No viable dags retrieved from /opt/airflow/dags/cases/01-1c-excel-pipeline/data/samples/Реализации_2026-06-08.xlsx
[2026-06-09T13:42:58.309+0000] {processor.py:208} INFO - Processing /opt/airflow/dags/cases/01-1c-excel-pipeline/data/samples/Реализации_2026-06-08.xlsx took 0.032 seconds
[2026-06-09T13:43:28.802+0000] {processor.py:186} INFO - Started process (PID=458) to work on /opt/airflow/dags/cases/01-1c-excel-pipeline/data/samples/Реализации_2026-06-08.xlsx
[2026-06-09T13:43:28.804+0000] {processor.py:914} INFO - Processing file /opt/airflow/dags/cases/01-1c-excel-pipeline/data/samples/Реализации_2026-06-08.xlsx for tasks to queue
[2026-06-09T13:43:28.807+0000] {logging_mixin.py:190} INFO - [2026-06-09T13:43:28.807+0000] {dagbag.py:588} INFO - Filling up the DagBag from /opt/airflow/dags/cases/01-1c-excel-pipeline/data/samples/Реализации_2026-06-08.xlsx
[2026-06-09T13:43:28.810+0000] {processor.py:927} WARNING - No viable dags retrieved from /opt/airflow/dags/cases/01-1c-excel-pipeline/data/samples/Реализации_2026-06-08.xlsx
[2026-06-09T13:43:28.828+0000] {processor.py:208} INFO - Processing /opt/airflow/dags/cases/01-1c-excel-pipeline/data/samples/Реализации_2026-06-08.xlsx took 0.035 seconds
[2026-06-09T13:43:59.382+0000] {processor.py:186} INFO - Started process (PID=462) to work on /opt/airflow/dags/cases/01-1c-excel-pipeline/data/samples/Реализации_2026-06-08.xlsx
[2026-06-09T13:43:59.383+0000] {processor.py:914} INFO - Processing file /opt/airflow/dags/cases/01-1c-excel-pipeline/data/samples/Реализации_2026-06-08.xlsx for tasks to queue
[2026-06-09T13:43:59.387+0000] {logging_mixin.py:190} INFO - [2026-06-09T13:43:59.386+0000] {dagbag.py:588} INFO - Filling up the DagBag from /opt/airflow/dags/cases/01-1c-excel-pipeline/data/samples/Реализации_2026-06-08.xlsx
[2026-06-09T13:43:59.389+0000] {processor.py:927} WARNING - No viable dags retrieved from /opt/airflow/dags/cases/01-1c-excel-pipeline/data/samples/Реализации_2026-06-08.xlsx
[2026-06-09T13:43:59.407+0000] {processor.py:208} INFO - Processing /opt/airflow/dags/cases/01-1c-excel-pipeline/data/samples/Реализации_2026-06-08.xlsx took 0.035 seconds
[2026-06-09T13:44:29.954+0000] {processor.py:186} INFO - Started process (PID=466) to work on /opt/airflow/dags/cases/01-1c-excel-pipeline/data/samples/Реализации_2026-06-08.xlsx
[2026-06-09T13:44:29.956+0000] {processor.py:914} INFO - Processing file /opt/airflow/dags/cases/01-1c-excel-pipeline/data/samples/Реализации_2026-06-08.xlsx for tasks to queue
[2026-06-09T13:44:29.958+0000] {logging_mixin.py:190} INFO - [2026-06-09T13:44:29.958+0000] {dagbag.py:588} INFO - Filling up the DagBag from /opt/airflow/dags/cases/01-1c-excel-pipeline/data/samples/Реализации_2026-06-08.xlsx
[2026-06-09T13:44:29.960+0000] {processor.py:927} WARNING - No viable dags retrieved from /opt/airflow/dags/cases/01-1c-excel-pipeline/data/samples/Реализации_2026-06-08.xlsx
[2026-06-09T13:44:29.974+0000] {processor.py:208} INFO - Processing /opt/airflow/dags/cases/01-1c-excel-pipeline/data/samples/Реализации_2026-06-08.xlsx took 0.028 seconds
[2026-06-09T13:45:00.434+0000] {processor.py:186} INFO - Started process (PID=470) to work on /opt/airflow/dags/cases/01-1c-excel-pipeline/data/samples/Реализации_2026-06-08.xlsx
[2026-06-09T13:45:00.436+0000] {processor.py:914} INFO - Processing file /opt/airflow/dags/cases/01-1c-excel-pipeline/data/samples/Реализации_2026-06-08.xlsx for tasks to queue
[2026-06-09T13:45:00.438+0000] {logging_mixin.py:190} INFO - [2026-06-09T13:45:00.438+0000] {dagbag.py:588} INFO - Filling up the DagBag from /opt/airflow/dags/cases/01-1c-excel-pipeline/data/samples/Реализации_2026-06-08.xlsx
[2026-06-09T13:45:00.440+0000] {processor.py:927} WARNING - No viable dags retrieved from /opt/airflow/dags/cases/01-1c-excel-pipeline/data/samples/Реализации_2026-06-08.xlsx
[2026-06-09T13:45:00.458+0000] {processor.py:208} INFO - Processing /opt/airflow/dags/cases/01-1c-excel-pipeline/data/samples/Реализации_2026-06-08.xlsx took 0.032 seconds
[2026-06-09T13:45:30.963+0000] {processor.py:186} INFO - Started process (PID=474) to work on /opt/airflow/dags/cases/01-1c-excel-pipeline/data/samples/Реализации_2026-06-08.xlsx
[2026-06-09T13:45:30.964+0000] {processor.py:914} INFO - Processing file /opt/airflow/dags/cases/01-1c-excel-pipeline/data/samples/Реализации_2026-06-08.xlsx for tasks to queue
[2026-06-09T13:45:30.966+0000] {logging_mixin.py:190} INFO - [2026-06-09T13:45:30.966+0000] {dagbag.py:588} INFO - Filling up the DagBag from /opt/airflow/dags/cases/01-1c-excel-pipeline/data/samples/Реализации_2026-06-08.xlsx
[2026-06-09T13:45:30.968+0000] {processor.py:927} WARNING - No viable dags retrieved from /opt/airflow/dags/cases/01-1c-excel-pipeline/data/samples/Реализации_2026-06-08.xlsx
[2026-06-09T13:45:30.980+0000] {processor.py:208} INFO - Processing /opt/airflow/dags/cases/01-1c-excel-pipeline/data/samples/Реализации_2026-06-08.xlsx took 0.023 seconds
[2026-06-09T13:46:01.534+0000] {processor.py:186} INFO - Started process (PID=478) to work on /opt/airflow/dags/cases/01-1c-excel-pipeline/data/samples/Реализации_2026-06-08.xlsx
[2026-06-09T13:46:01.535+0000] {processor.py:914} INFO - Processing file /opt/airflow/dags/cases/01-1c-excel-pipeline/data/samples/Реализации_2026-06-08.xlsx for tasks to queue
[2026-06-09T13:46:01.537+0000] {logging_mixin.py:190} INFO - [2026-06-09T13:46:01.537+0000] {dagbag.py:588} INFO - Filling up the DagBag from /opt/airflow/dags/cases/01-1c-excel-pipeline/data/samples/Реализации_2026-06-08.xlsx
[2026-06-09T13:46:01.540+0000] {processor.py:927} WARNING - No viable dags retrieved from /opt/airflow/dags/cases/01-1c-excel-pipeline/data/samples/Реализации_2026-06-08.xlsx
[2026-06-09T13:46:01.555+0000] {processor.py:208} INFO - Processing /opt/airflow/dags/cases/01-1c-excel-pipeline/data/samples/Реализации_2026-06-08.xlsx took 0.028 seconds
[2026-06-09T13:46:32.071+0000] {processor.py:186} INFO - Started process (PID=482) to work on /opt/airflow/dags/cases/01-1c-excel-pipeline/data/samples/Реализации_2026-06-08.xlsx
[2026-06-09T13:46:32.073+0000] {processor.py:914} INFO - Processing file /opt/airflow/dags/cases/01-1c-excel-pipeline/data/samples/Реализации_2026-06-08.xlsx for tasks to queue
[2026-06-09T13:46:32.079+0000] {logging_mixin.py:190} INFO - [2026-06-09T13:46:32.078+0000] {dagbag.py:588} INFO - Filling up the DagBag from /opt/airflow/dags/cases/01-1c-excel-pipeline/data/samples/Реализации_2026-06-08.xlsx
[2026-06-09T13:46:32.085+0000] {processor.py:927} WARNING - No viable dags retrieved from /opt/airflow/dags/cases/01-1c-excel-pipeline/data/samples/Реализации_2026-06-08.xlsx
[2026-06-09T13:46:32.126+0000] {processor.py:208} INFO - Processing /opt/airflow/dags/cases/01-1c-excel-pipeline/data/samples/Реализации_2026-06-08.xlsx took 0.063 seconds
[2026-06-09T13:47:02.539+0000] {processor.py:186} INFO - Started process (PID=486) to work on /opt/airflow/dags/cases/01-1c-excel-pipeline/data/samples/Реализации_2026-06-08.xlsx
[2026-06-09T13:47:02.541+0000] {processor.py:914} INFO - Processing file /opt/airflow/dags/cases/01-1c-excel-pipeline/data/samples/Реализации_2026-06-08.xlsx for tasks to queue
[2026-06-09T13:47:02.545+0000] {logging_mixin.py:190} INFO - [2026-06-09T13:47:02.545+0000] {dagbag.py:588} INFO - Filling up the DagBag from /opt/airflow/dags/cases/01-1c-excel-pipeline/data/samples/Реализации_2026-06-08.xlsx
[2026-06-09T13:47:02.548+0000] {processor.py:927} WARNING - No viable dags retrieved from /opt/airflow/dags/cases/01-1c-excel-pipeline/data/samples/Реализации_2026-06-08.xlsx
[2026-06-09T13:47:02.563+0000] {processor.py:208} INFO - Processing /opt/airflow/dags/cases/01-1c-excel-pipeline/data/samples/Реализации_2026-06-08.xlsx took 0.032 seconds
[2026-06-09T13:47:33.058+0000] {processor.py:186} INFO - Started process (PID=490) to work on /opt/airflow/dags/cases/01-1c-excel-pipeline/data/samples/Реализации_2026-06-08.xlsx
[2026-06-09T13:47:33.059+0000] {processor.py:914} INFO - Processing file /opt/airflow/dags/cases/01-1c-excel-pipeline/data/samples/Реализации_2026-06-08.xlsx for tasks to queue
[2026-06-09T13:47:33.060+0000] {logging_mixin.py:190} INFO - [2026-06-09T13:47:33.060+0000] {dagbag.py:588} INFO - Filling up the DagBag from /opt/airflow/dags/cases/01-1c-excel-pipeline/data/samples/Реализации_2026-06-08.xlsx
[2026-06-09T13:47:33.062+0000] {processor.py:927} WARNING - No viable dags retrieved from /opt/airflow/dags/cases/01-1c-excel-pipeline/data/samples/Реализации_2026-06-08.xlsx
[2026-06-09T13:47:33.071+0000] {processor.py:208} INFO - Processing /opt/airflow/dags/cases/01-1c-excel-pipeline/data/samples/Реализации_2026-06-08.xlsx took 0.019 seconds
[2026-06-09T13:48:03.545+0000] {processor.py:186} INFO - Started process (PID=494) to work on /opt/airflow/dags/cases/01-1c-excel-pipeline/data/samples/Реализации_2026-06-08.xlsx
[2026-06-09T13:48:03.547+0000] {processor.py:914} INFO - Processing file /opt/airflow/dags/cases/01-1c-excel-pipeline/data/samples/Реализации_2026-06-08.xlsx for tasks to queue
[2026-06-09T13:48:03.550+0000] {logging_mixin.py:190} INFO - [2026-06-09T13:48:03.550+0000] {dagbag.py:588} INFO - Filling up the DagBag from /opt/airflow/dags/cases/01-1c-excel-pipeline/data/samples/Реализации_2026-06-08.xlsx
[2026-06-09T13:48:03.553+0000] {processor.py:927} WARNING - No viable dags retrieved from /opt/airflow/dags/cases/01-1c-excel-pipeline/data/samples/Реализации_2026-06-08.xlsx
[2026-06-09T13:48:03.570+0000] {processor.py:208} INFO - Processing /opt/airflow/dags/cases/01-1c-excel-pipeline/data/samples/Реализации_2026-06-08.xlsx took 0.034 seconds
[2026-06-09T13:48:34.117+0000] {processor.py:186} INFO - Started process (PID=498) to work on /opt/airflow/dags/cases/01-1c-excel-pipeline/data/samples/Реализации_2026-06-08.xlsx
[2026-06-09T13:48:34.119+0000] {processor.py:914} INFO - Processing file /opt/airflow/dags/cases/01-1c-excel-pipeline/data/samples/Реализации_2026-06-08.xlsx for tasks to queue
[2026-06-09T13:48:34.123+0000] {logging_mixin.py:190} INFO - [2026-06-09T13:48:34.122+0000] {dagbag.py:588} INFO - Filling up the DagBag from /opt/airflow/dags/cases/01-1c-excel-pipeline/data/samples/Реализации_2026-06-08.xlsx
[2026-06-09T13:48:34.126+0000] {processor.py:927} WARNING - No viable dags retrieved from /opt/airflow/dags/cases/01-1c-excel-pipeline/data/samples/Реализации_2026-06-08.xlsx
[2026-06-09T13:48:34.144+0000] {processor.py:208} INFO - Processing /opt/airflow/dags/cases/01-1c-excel-pipeline/data/samples/Реализации_2026-06-08.xlsx took 0.038 seconds
[2026-06-09T13:49:04.626+0000] {processor.py:186} INFO - Started process (PID=502) to work on /opt/airflow/dags/cases/01-1c-excel-pipeline/data/samples/Реализации_2026-06-08.xlsx
[2026-06-09T13:49:04.628+0000] {processor.py:914} INFO - Processing file /opt/airflow/dags/cases/01-1c-excel-pipeline/data/samples/Реализации_2026-06-08.xlsx for tasks to queue
[2026-06-09T13:49:04.632+0000] {logging_mixin.py:190} INFO - [2026-06-09T13:49:04.631+0000] {dagbag.py:588} INFO - Filling up the DagBag from /opt/airflow/dags/cases/01-1c-excel-pipeline/data/samples/Реализации_2026-06-08.xlsx
[2026-06-09T13:49:04.635+0000] {processor.py:927} WARNING - No viable dags retrieved from /opt/airflow/dags/cases/01-1c-excel-pipeline/data/samples/Реализации_2026-06-08.xlsx
[2026-06-09T13:49:04.651+0000] {processor.py:208} INFO - Processing /opt/airflow/dags/cases/01-1c-excel-pipeline/data/samples/Реализации_2026-06-08.xlsx took 0.033 seconds
[2026-06-09T13:49:35.077+0000] {processor.py:186} INFO - Started process (PID=506) to work on /opt/airflow/dags/cases/01-1c-excel-pipeline/data/samples/Реализации_2026-06-08.xlsx
[2026-06-09T13:49:35.078+0000] {processor.py:914} INFO - Processing file /opt/airflow/dags/cases/01-1c-excel-pipeline/data/samples/Реализации_2026-06-08.xlsx for tasks to queue
[2026-06-09T13:49:35.081+0000] {logging_mixin.py:190} INFO - [2026-06-09T13:49:35.080+0000] {dagbag.py:588} INFO - Filling up the DagBag from /opt/airflow/dags/cases/01-1c-excel-pipeline/data/samples/Реализации_2026-06-08.xlsx
[2026-06-09T13:49:35.083+0000] {processor.py:927} WARNING - No viable dags retrieved from /opt/airflow/dags/cases/01-1c-excel-pipeline/data/samples/Реализации_2026-06-08.xlsx
[2026-06-09T13:49:35.096+0000] {processor.py:208} INFO - Processing /opt/airflow/dags/cases/01-1c-excel-pipeline/data/samples/Реализации_2026-06-08.xlsx took 0.025 seconds
[2026-06-09T13:50:05.531+0000] {processor.py:186} INFO - Started process (PID=510) to work on /opt/airflow/dags/cases/01-1c-excel-pipeline/data/samples/Реализации_2026-06-08.xlsx
[2026-06-09T13:50:05.533+0000] {processor.py:914} INFO - Processing file /opt/airflow/dags/cases/01-1c-excel-pipeline/data/samples/Реализации_2026-06-08.xlsx for tasks to queue
[2026-06-09T13:50:05.536+0000] {logging_mixin.py:190} INFO - [2026-06-09T13:50:05.536+0000] {dagbag.py:588} INFO - Filling up the DagBag from /opt/airflow/dags/cases/01-1c-excel-pipeline/data/samples/Реализации_2026-06-08.xlsx
[2026-06-09T13:50:05.539+0000] {processor.py:927} WARNING - No viable dags retrieved from /opt/airflow/dags/cases/01-1c-excel-pipeline/data/samples/Реализации_2026-06-08.xlsx
[2026-06-09T13:50:05.555+0000] {processor.py:208} INFO - Processing /opt/airflow/dags/cases/01-1c-excel-pipeline/data/samples/Реализации_2026-06-08.xlsx took 0.032 seconds
[2026-06-09T13:50:36.066+0000] {processor.py:186} INFO - Started process (PID=514) to work on /opt/airflow/dags/cases/01-1c-excel-pipeline/data/samples/Реализации_2026-06-08.xlsx
[2026-06-09T13:50:36.067+0000] {processor.py:914} INFO - Processing file /opt/airflow/dags/cases/01-1c-excel-pipeline/data/samples/Реализации_2026-06-08.xlsx for tasks to queue
[2026-06-09T13:50:36.069+0000] {logging_mixin.py:190} INFO - [2026-06-09T13:50:36.069+0000] {dagbag.py:588} INFO - Filling up the DagBag from /opt/airflow/dags/cases/01-1c-excel-pipeline/data/samples/Реализации_2026-06-08.xlsx
[2026-06-09T13:50:36.072+0000] {processor.py:927} WARNING - No viable dags retrieved from /opt/airflow/dags/cases/01-1c-excel-pipeline/data/samples/Реализации_2026-06-08.xlsx
[2026-06-09T13:50:36.089+0000] {processor.py:208} INFO - Processing /opt/airflow/dags/cases/01-1c-excel-pipeline/data/samples/Реализации_2026-06-08.xlsx took 0.031 seconds
[2026-06-09T13:51:06.585+0000] {processor.py:186} INFO - Started process (PID=518) to work on /opt/airflow/dags/cases/01-1c-excel-pipeline/data/samples/Реализации_2026-06-08.xlsx
[2026-06-09T13:51:06.586+0000] {processor.py:914} INFO - Processing file /opt/airflow/dags/cases/01-1c-excel-pipeline/data/samples/Реализации_2026-06-08.xlsx for tasks to queue
[2026-06-09T13:51:06.590+0000] {logging_mixin.py:190} INFO - [2026-06-09T13:51:06.590+0000] {dagbag.py:588} INFO - Filling up the DagBag from /opt/airflow/dags/cases/01-1c-excel-pipeline/data/samples/Реализации_2026-06-08.xlsx
[2026-06-09T13:51:06.592+0000] {processor.py:927} WARNING - No viable dags retrieved from /opt/airflow/dags/cases/01-1c-excel-pipeline/data/samples/Реализации_2026-06-08.xlsx
[2026-06-09T13:51:06.607+0000] {processor.py:208} INFO - Processing /opt/airflow/dags/cases/01-1c-excel-pipeline/data/samples/Реализации_2026-06-08.xlsx took 0.030 seconds
[2026-06-09T13:51:37.080+0000] {processor.py:186} INFO - Started process (PID=522) to work on /opt/airflow/dags/cases/01-1c-excel-pipeline/data/samples/Реализации_2026-06-08.xlsx
[2026-06-09T13:51:37.081+0000] {processor.py:914} INFO - Processing file /opt/airflow/dags/cases/01-1c-excel-pipeline/data/samples/Реализации_2026-06-08.xlsx for tasks to queue
[2026-06-09T13:51:37.084+0000] {logging_mixin.py:190} INFO - [2026-06-09T13:51:37.083+0000] {dagbag.py:588} INFO - Filling up the DagBag from /opt/airflow/dags/cases/01-1c-excel-pipeline/data/samples/Реализации_2026-06-08.xlsx
[2026-06-09T13:51:37.087+0000] {processor.py:927} WARNING - No viable dags retrieved from /opt/airflow/dags/cases/01-1c-excel-pipeline/data/samples/Реализации_2026-06-08.xlsx
[2026-06-09T13:51:37.101+0000] {processor.py:208} INFO - Processing /opt/airflow/dags/cases/01-1c-excel-pipeline/data/samples/Реализации_2026-06-08.xlsx took 0.029 seconds
[2026-06-09T13:52:07.509+0000] {processor.py:186} INFO - Started process (PID=526) to work on /opt/airflow/dags/cases/01-1c-excel-pipeline/data/samples/Реализации_2026-06-08.xlsx
[2026-06-09T13:52:07.510+0000] {processor.py:914} INFO - Processing file /opt/airflow/dags/cases/01-1c-excel-pipeline/data/samples/Реализации_2026-06-08.xlsx for tasks to queue
[2026-06-09T13:52:07.513+0000] {logging_mixin.py:190} INFO - [2026-06-09T13:52:07.513+0000] {dagbag.py:588} INFO - Filling up the DagBag from /opt/airflow/dags/cases/01-1c-excel-pipeline/data/samples/Реализации_2026-06-08.xlsx
[2026-06-09T13:52:07.515+0000] {processor.py:927} WARNING - No viable dags retrieved from /opt/airflow/dags/cases/01-1c-excel-pipeline/data/samples/Реализации_2026-06-08.xlsx
[2026-06-09T13:52:07.528+0000] {processor.py:208} INFO - Processing /opt/airflow/dags/cases/01-1c-excel-pipeline/data/samples/Реализации_2026-06-08.xlsx took 0.026 seconds
[2026-06-09T13:52:37.992+0000] {processor.py:186} INFO - Started process (PID=530) to work on /opt/airflow/dags/cases/01-1c-excel-pipeline/data/samples/Реализации_2026-06-08.xlsx
[2026-06-09T13:52:37.994+0000] {processor.py:914} INFO - Processing file /opt/airflow/dags/cases/01-1c-excel-pipeline/data/samples/Реализации_2026-06-08.xlsx for tasks to queue
[2026-06-09T13:52:37.997+0000] {logging_mixin.py:190} INFO - [2026-06-09T13:52:37.996+0000] {dagbag.py:588} INFO - Filling up the DagBag from /opt/airflow/dags/cases/01-1c-excel-pipeline/data/samples/Реализации_2026-06-08.xlsx
[2026-06-09T13:52:38.000+0000] {processor.py:927} WARNING - No viable dags retrieved from /opt/airflow/dags/cases/01-1c-excel-pipeline/data/samples/Реализации_2026-06-08.xlsx
[2026-06-09T13:52:38.013+0000] {processor.py:208} INFO - Processing /opt/airflow/dags/cases/01-1c-excel-pipeline/data/samples/Реализации_2026-06-08.xlsx took 0.029 seconds
[2026-06-09T13:53:08.524+0000] {processor.py:186} INFO - Started process (PID=534) to work on /opt/airflow/dags/cases/01-1c-excel-pipeline/data/samples/Реализации_2026-06-08.xlsx
[2026-06-09T13:53:08.526+0000] {processor.py:914} INFO - Processing file /opt/airflow/dags/cases/01-1c-excel-pipeline/data/samples/Реализации_2026-06-08.xlsx for tasks to queue
[2026-06-09T13:53:08.530+0000] {logging_mixin.py:190} INFO - [2026-06-09T13:53:08.529+0000] {dagbag.py:588} INFO - Filling up the DagBag from /opt/airflow/dags/cases/01-1c-excel-pipeline/data/samples/Реализации_2026-06-08.xlsx
[2026-06-09T13:53:08.533+0000] {processor.py:927} WARNING - No viable dags retrieved from /opt/airflow/dags/cases/01-1c-excel-pipeline/data/samples/Реализации_2026-06-08.xlsx
[2026-06-09T13:53:08.552+0000] {processor.py:208} INFO - Processing /opt/airflow/dags/cases/01-1c-excel-pipeline/data/samples/Реализации_2026-06-08.xlsx took 0.039 seconds
[2026-06-09T13:53:39.062+0000] {processor.py:186} INFO - Started process (PID=538) to work on /opt/airflow/dags/cases/01-1c-excel-pipeline/data/samples/Реализации_2026-06-08.xlsx
[2026-06-09T13:53:39.064+0000] {processor.py:914} INFO - Processing file /opt/airflow/dags/cases/01-1c-excel-pipeline/data/samples/Реализации_2026-06-08.xlsx for tasks to queue
[2026-06-09T13:53:39.066+0000] {logging_mixin.py:190} INFO - [2026-06-09T13:53:39.066+0000] {dagbag.py:588} INFO - Filling up the DagBag from /opt/airflow/dags/cases/01-1c-excel-pipeline/data/samples/Реализации_2026-06-08.xlsx
[2026-06-09T13:53:39.069+0000] {processor.py:927} WARNING - No viable dags retrieved from /opt/airflow/dags/cases/01-1c-excel-pipeline/data/samples/Реализации_2026-06-08.xlsx
[2026-06-09T13:53:39.079+0000] {processor.py:208} INFO - Processing /opt/airflow/dags/cases/01-1c-excel-pipeline/data/samples/Реализации_2026-06-08.xlsx took 0.024 seconds
[2026-06-09T13:54:09.552+0000] {processor.py:186} INFO - Started process (PID=542) to work on /opt/airflow/dags/cases/01-1c-excel-pipeline/data/samples/Реализации_2026-06-08.xlsx
[2026-06-09T13:54:09.554+0000] {processor.py:914} INFO - Processing file /opt/airflow/dags/cases/01-1c-excel-pipeline/data/samples/Реализации_2026-06-08.xlsx for tasks to queue
[2026-06-09T13:54:09.556+0000] {logging_mixin.py:190} INFO - [2026-06-09T13:54:09.556+0000] {dagbag.py:588} INFO - Filling up the DagBag from /opt/airflow/dags/cases/01-1c-excel-pipeline/data/samples/Реализации_2026-06-08.xlsx
[2026-06-09T13:54:09.559+0000] {processor.py:927} WARNING - No viable dags retrieved from /opt/airflow/dags/cases/01-1c-excel-pipeline/data/samples/Реализации_2026-06-08.xlsx
[2026-06-09T13:54:09.573+0000] {processor.py:208} INFO - Processing /opt/airflow/dags/cases/01-1c-excel-pipeline/data/samples/Реализации_2026-06-08.xlsx took 0.027 seconds
[2026-06-09T13:54:40.000+0000] {processor.py:186} INFO - Started process (PID=546) to work on /opt/airflow/dags/cases/01-1c-excel-pipeline/data/samples/Реализации_2026-06-08.xlsx
[2026-06-09T13:54:40.002+0000] {processor.py:914} INFO - Processing file /opt/airflow/dags/cases/01-1c-excel-pipeline/data/samples/Реализации_2026-06-08.xlsx for tasks to queue
[2026-06-09T13:54:40.005+0000] {logging_mixin.py:190} INFO - [2026-06-09T13:54:40.005+0000] {dagbag.py:588} INFO - Filling up the DagBag from /opt/airflow/dags/cases/01-1c-excel-pipeline/data/samples/Реализации_2026-06-08.xlsx
[2026-06-09T13:54:40.008+0000] {processor.py:927} WARNING - No viable dags retrieved from /opt/airflow/dags/cases/01-1c-excel-pipeline/data/samples/Реализации_2026-06-08.xlsx
[2026-06-09T13:54:40.023+0000] {processor.py:208} INFO - Processing /opt/airflow/dags/cases/01-1c-excel-pipeline/data/samples/Реализации_2026-06-08.xlsx took 0.032 seconds
[2026-06-09T13:55:10.496+0000] {processor.py:186} INFO - Started process (PID=550) to work on /opt/airflow/dags/cases/01-1c-excel-pipeline/data/samples/Реализации_2026-06-08.xlsx
[2026-06-09T13:55:10.497+0000] {processor.py:914} INFO - Processing file /opt/airflow/dags/cases/01-1c-excel-pipeline/data/samples/Реализации_2026-06-08.xlsx for tasks to queue
[2026-06-09T13:55:10.501+0000] {logging_mixin.py:190} INFO - [2026-06-09T13:55:10.501+0000] {dagbag.py:588} INFO - Filling up the DagBag from /opt/airflow/dags/cases/01-1c-excel-pipeline/data/samples/Реализации_2026-06-08.xlsx
[2026-06-09T13:55:10.505+0000] {processor.py:927} WARNING - No viable dags retrieved from /opt/airflow/dags/cases/01-1c-excel-pipeline/data/samples/Реализации_2026-06-08.xlsx
[2026-06-09T13:55:10.520+0000] {processor.py:208} INFO - Processing /opt/airflow/dags/cases/01-1c-excel-pipeline/data/samples/Реализации_2026-06-08.xlsx took 0.032 seconds
[2026-06-09T13:55:40.995+0000] {processor.py:186} INFO - Started process (PID=554) to work on /opt/airflow/dags/cases/01-1c-excel-pipeline/data/samples/Реализации_2026-06-08.xlsx
[2026-06-09T13:55:40.997+0000] {processor.py:914} INFO - Processing file /opt/airflow/dags/cases/01-1c-excel-pipeline/data/samples/Реализации_2026-06-08.xlsx for tasks to queue
[2026-06-09T13:55:41.001+0000] {logging_mixin.py:190} INFO - [2026-06-09T13:55:41.000+0000] {dagbag.py:588} INFO - Filling up the DagBag from /opt/airflow/dags/cases/01-1c-excel-pipeline/data/samples/Реализации_2026-06-08.xlsx
[2026-06-09T13:55:41.003+0000] {processor.py:927} WARNING - No viable dags retrieved from /opt/airflow/dags/cases/01-1c-excel-pipeline/data/samples/Реализации_2026-06-08.xlsx
[2026-06-09T13:55:41.017+0000] {processor.py:208} INFO - Processing /opt/airflow/dags/cases/01-1c-excel-pipeline/data/samples/Реализации_2026-06-08.xlsx took 0.029 seconds
[2026-06-09T13:56:11.530+0000] {processor.py:186} INFO - Started process (PID=558) to work on /opt/airflow/dags/cases/01-1c-excel-pipeline/data/samples/Реализации_2026-06-08.xlsx
[2026-06-09T13:56:11.531+0000] {processor.py:914} INFO - Processing file /opt/airflow/dags/cases/01-1c-excel-pipeline/data/samples/Реализации_2026-06-08.xlsx for tasks to queue
[2026-06-09T13:56:11.535+0000] {logging_mixin.py:190} INFO - [2026-06-09T13:56:11.534+0000] {dagbag.py:588} INFO - Filling up the DagBag from /opt/airflow/dags/cases/01-1c-excel-pipeline/data/samples/Реализации_2026-06-08.xlsx
[2026-06-09T13:56:11.537+0000] {processor.py:927} WARNING - No viable dags retrieved from /opt/airflow/dags/cases/01-1c-excel-pipeline/data/samples/Реализации_2026-06-08.xlsx
[2026-06-09T13:56:11.550+0000] {processor.py:208} INFO - Processing /opt/airflow/dags/cases/01-1c-excel-pipeline/data/samples/Реализации_2026-06-08.xlsx took 0.027 seconds
[2026-06-09T13:56:42.041+0000] {processor.py:186} INFO - Started process (PID=562) to work on /opt/airflow/dags/cases/01-1c-excel-pipeline/data/samples/Реализации_2026-06-08.xlsx
[2026-06-09T13:56:42.042+0000] {processor.py:914} INFO - Processing file /opt/airflow/dags/cases/01-1c-excel-pipeline/data/samples/Реализации_2026-06-08.xlsx for tasks to queue
[2026-06-09T13:56:42.044+0000] {logging_mixin.py:190} INFO - [2026-06-09T13:56:42.044+0000] {dagbag.py:588} INFO - Filling up the DagBag from /opt/airflow/dags/cases/01-1c-excel-pipeline/data/samples/Реализации_2026-06-08.xlsx
[2026-06-09T13:56:42.047+0000] {processor.py:927} WARNING - No viable dags retrieved from /opt/airflow/dags/cases/01-1c-excel-pipeline/data/samples/Реализации_2026-06-08.xlsx
[2026-06-09T13:56:42.060+0000] {processor.py:208} INFO - Processing /opt/airflow/dags/cases/01-1c-excel-pipeline/data/samples/Реализации_2026-06-08.xlsx took 0.026 seconds
[2026-06-09T13:57:12.577+0000] {processor.py:186} INFO - Started process (PID=566) to work on /opt/airflow/dags/cases/01-1c-excel-pipeline/data/samples/Реализации_2026-06-08.xlsx
[2026-06-09T13:57:12.579+0000] {processor.py:914} INFO - Processing file /opt/airflow/dags/cases/01-1c-excel-pipeline/data/samples/Реализации_2026-06-08.xlsx for tasks to queue
[2026-06-09T13:57:12.586+0000] {logging_mixin.py:190} INFO - [2026-06-09T13:57:12.586+0000] {dagbag.py:588} INFO - Filling up the DagBag from /opt/airflow/dags/cases/01-1c-excel-pipeline/data/samples/Реализации_2026-06-08.xlsx
[2026-06-09T13:57:12.601+0000] {processor.py:927} WARNING - No viable dags retrieved from /opt/airflow/dags/cases/01-1c-excel-pipeline/data/samples/Реализации_2026-06-08.xlsx
[2026-06-09T13:57:12.667+0000] {processor.py:208} INFO - Processing /opt/airflow/dags/cases/01-1c-excel-pipeline/data/samples/Реализации_2026-06-08.xlsx took 0.096 seconds
[2026-06-09T13:57:43.107+0000] {processor.py:186} INFO - Started process (PID=570) to work on /opt/airflow/dags/cases/01-1c-excel-pipeline/data/samples/Реализации_2026-06-08.xlsx
[2026-06-09T13:57:43.108+0000] {processor.py:914} INFO - Processing file /opt/airflow/dags/cases/01-1c-excel-pipeline/data/samples/Реализации_2026-06-08.xlsx for tasks to queue
[2026-06-09T13:57:43.110+0000] {logging_mixin.py:190} INFO - [2026-06-09T13:57:43.110+0000] {dagbag.py:588} INFO - Filling up the DagBag from /opt/airflow/dags/cases/01-1c-excel-pipeline/data/samples/Реализации_2026-06-08.xlsx
[2026-06-09T13:57:43.113+0000] {processor.py:927} WARNING - No viable dags retrieved from /opt/airflow/dags/cases/01-1c-excel-pipeline/data/samples/Реализации_2026-06-08.xlsx
[2026-06-09T13:57:43.130+0000] {processor.py:208} INFO - Processing /opt/airflow/dags/cases/01-1c-excel-pipeline/data/samples/Реализации_2026-06-08.xlsx took 0.030 seconds
[2026-06-09T13:58:13.667+0000] {processor.py:186} INFO - Started process (PID=574) to work on /opt/airflow/dags/cases/01-1c-excel-pipeline/data/samples/Реализации_2026-06-08.xlsx
[2026-06-09T13:58:13.668+0000] {processor.py:914} INFO - Processing file /opt/airflow/dags/cases/01-1c-excel-pipeline/data/samples/Реализации_2026-06-08.xlsx for tasks to queue
[2026-06-09T13:58:13.671+0000] {logging_mixin.py:190} INFO - [2026-06-09T13:58:13.671+0000] {dagbag.py:588} INFO - Filling up the DagBag from /opt/airflow/dags/cases/01-1c-excel-pipeline/data/samples/Реализации_2026-06-08.xlsx
[2026-06-09T13:58:13.673+0000] {processor.py:927} WARNING - No viable dags retrieved from /opt/airflow/dags/cases/01-1c-excel-pipeline/data/samples/Реализации_2026-06-08.xlsx
[2026-06-09T13:58:13.686+0000] {processor.py:208} INFO - Processing /opt/airflow/dags/cases/01-1c-excel-pipeline/data/samples/Реализации_2026-06-08.xlsx took 0.026 seconds
[2026-06-09T13:58:44.239+0000] {processor.py:186} INFO - Started process (PID=578) to work on /opt/airflow/dags/cases/01-1c-excel-pipeline/data/samples/Реализации_2026-06-08.xlsx
[2026-06-09T13:58:44.240+0000] {processor.py:914} INFO - Processing file /opt/airflow/dags/cases/01-1c-excel-pipeline/data/samples/Реализации_2026-06-08.xlsx for tasks to queue
[2026-06-09T13:58:44.242+0000] {logging_mixin.py:190} INFO - [2026-06-09T13:58:44.242+0000] {dagbag.py:588} INFO - Filling up the DagBag from /opt/airflow/dags/cases/01-1c-excel-pipeline/data/samples/Реализации_2026-06-08.xlsx
[2026-06-09T13:58:44.244+0000] {processor.py:927} WARNING - No viable dags retrieved from /opt/airflow/dags/cases/01-1c-excel-pipeline/data/samples/Реализации_2026-06-08.xlsx
[2026-06-09T13:58:44.254+0000] {processor.py:208} INFO - Processing /opt/airflow/dags/cases/01-1c-excel-pipeline/data/samples/Реализации_2026-06-08.xlsx took 0.023 seconds
[2026-06-09T13:59:14.774+0000] {processor.py:186} INFO - Started process (PID=582) to work on /opt/airflow/dags/cases/01-1c-excel-pipeline/data/samples/Реализации_2026-06-08.xlsx
[2026-06-09T13:59:14.775+0000] {processor.py:914} INFO - Processing file /opt/airflow/dags/cases/01-1c-excel-pipeline/data/samples/Реализации_2026-06-08.xlsx for tasks to queue
[2026-06-09T13:59:14.778+0000] {logging_mixin.py:190} INFO - [2026-06-09T13:59:14.778+0000] {dagbag.py:588} INFO - Filling up the DagBag from /opt/airflow/dags/cases/01-1c-excel-pipeline/data/samples/Реализации_2026-06-08.xlsx
[2026-06-09T13:59:14.781+0000] {processor.py:927} WARNING - No viable dags retrieved from /opt/airflow/dags/cases/01-1c-excel-pipeline/data/samples/Реализации_2026-06-08.xlsx
[2026-06-09T13:59:14.797+0000] {processor.py:208} INFO - Processing /opt/airflow/dags/cases/01-1c-excel-pipeline/data/samples/Реализации_2026-06-08.xlsx took 0.030 seconds
[2026-06-09T13:59:45.318+0000] {processor.py:186} INFO - Started process (PID=586) to work on /opt/airflow/dags/cases/01-1c-excel-pipeline/data/samples/Реализации_2026-06-08.xlsx
[2026-06-09T13:59:45.320+0000] {processor.py:914} INFO - Processing file /opt/airflow/dags/cases/01-1c-excel-pipeline/data/samples/Реализации_2026-06-08.xlsx for tasks to queue
[2026-06-09T13:59:45.324+0000] {logging_mixin.py:190} INFO - [2026-06-09T13:59:45.323+0000] {dagbag.py:588} INFO - Filling up the DagBag from /opt/airflow/dags/cases/01-1c-excel-pipeline/data/samples/Реализации_2026-06-08.xlsx
[2026-06-09T13:59:45.327+0000] {processor.py:927} WARNING - No viable dags retrieved from /opt/airflow/dags/cases/01-1c-excel-pipeline/data/samples/Реализации_2026-06-08.xlsx
[2026-06-09T13:59:45.347+0000] {processor.py:208} INFO - Processing /opt/airflow/dags/cases/01-1c-excel-pipeline/data/samples/Реализации_2026-06-08.xlsx took 0.039 seconds
[2026-06-09T14:00:15.854+0000] {processor.py:186} INFO - Started process (PID=590) to work on /opt/airflow/dags/cases/01-1c-excel-pipeline/data/samples/Реализации_2026-06-08.xlsx
[2026-06-09T14:00:15.855+0000] {processor.py:914} INFO - Processing file /opt/airflow/dags/cases/01-1c-excel-pipeline/data/samples/Реализации_2026-06-08.xlsx for tasks to queue
[2026-06-09T14:00:15.858+0000] {logging_mixin.py:190} INFO - [2026-06-09T14:00:15.857+0000] {dagbag.py:588} INFO - Filling up the DagBag from /opt/airflow/dags/cases/01-1c-excel-pipeline/data/samples/Реализации_2026-06-08.xlsx
[2026-06-09T14:00:15.860+0000] {processor.py:927} WARNING - No viable dags retrieved from /opt/airflow/dags/cases/01-1c-excel-pipeline/data/samples/Реализации_2026-06-08.xlsx
[2026-06-09T14:00:15.877+0000] {processor.py:208} INFO - Processing /opt/airflow/dags/cases/01-1c-excel-pipeline/data/samples/Реализации_2026-06-08.xlsx took 0.031 seconds
[2026-06-09T14:00:46.395+0000] {processor.py:186} INFO - Started process (PID=594) to work on /opt/airflow/dags/cases/01-1c-excel-pipeline/data/samples/Реализации_2026-06-08.xlsx
[2026-06-09T14:00:46.396+0000] {processor.py:914} INFO - Processing file /opt/airflow/dags/cases/01-1c-excel-pipeline/data/samples/Реализации_2026-06-08.xlsx for tasks to queue
[2026-06-09T14:00:46.399+0000] {logging_mixin.py:190} INFO - [2026-06-09T14:00:46.399+0000] {dagbag.py:588} INFO - Filling up the DagBag from /opt/airflow/dags/cases/01-1c-excel-pipeline/data/samples/Реализации_2026-06-08.xlsx
[2026-06-09T14:00:46.401+0000] {processor.py:927} WARNING - No viable dags retrieved from /opt/airflow/dags/cases/01-1c-excel-pipeline/data/samples/Реализации_2026-06-08.xlsx
[2026-06-09T14:00:46.414+0000] {processor.py:208} INFO - Processing /opt/airflow/dags/cases/01-1c-excel-pipeline/data/samples/Реализации_2026-06-08.xlsx took 0.026 seconds
[2026-06-09T14:01:16.842+0000] {processor.py:186} INFO - Started process (PID=598) to work on /opt/airflow/dags/cases/01-1c-excel-pipeline/data/samples/Реализации_2026-06-08.xlsx
[2026-06-09T14:01:16.843+0000] {processor.py:914} INFO - Processing file /opt/airflow/dags/cases/01-1c-excel-pipeline/data/samples/Реализации_2026-06-08.xlsx for tasks to queue
[2026-06-09T14:01:16.846+0000] {logging_mixin.py:190} INFO - [2026-06-09T14:01:16.846+0000] {dagbag.py:588} INFO - Filling up the DagBag from /opt/airflow/dags/cases/01-1c-excel-pipeline/data/samples/Реализации_2026-06-08.xlsx
[2026-06-09T14:01:16.848+0000] {processor.py:927} WARNING - No viable dags retrieved from /opt/airflow/dags/cases/01-1c-excel-pipeline/data/samples/Реализации_2026-06-08.xlsx
[2026-06-09T14:01:16.863+0000] {processor.py:208} INFO - Processing /opt/airflow/dags/cases/01-1c-excel-pipeline/data/samples/Реализации_2026-06-08.xlsx took 0.030 seconds
[2026-06-09T14:01:47.443+0000] {processor.py:186} INFO - Started process (PID=602) to work on /opt/airflow/dags/cases/01-1c-excel-pipeline/data/samples/Реализации_2026-06-08.xlsx
[2026-06-09T14:01:47.445+0000] {processor.py:914} INFO - Processing file /opt/airflow/dags/cases/01-1c-excel-pipeline/data/samples/Реализации_2026-06-08.xlsx for tasks to queue
[2026-06-09T14:01:47.448+0000] {logging_mixin.py:190} INFO - [2026-06-09T14:01:47.448+0000] {dagbag.py:588} INFO - Filling up the DagBag from /opt/airflow/dags/cases/01-1c-excel-pipeline/data/samples/Реализации_2026-06-08.xlsx
[2026-06-09T14:01:47.450+0000] {processor.py:927} WARNING - No viable dags retrieved from /opt/airflow/dags/cases/01-1c-excel-pipeline/data/samples/Реализации_2026-06-08.xlsx
[2026-06-09T14:01:47.464+0000] {processor.py:208} INFO - Processing /opt/airflow/dags/cases/01-1c-excel-pipeline/data/samples/Реализации_2026-06-08.xlsx took 0.032 seconds
[2026-06-09T14:02:17.987+0000] {processor.py:186} INFO - Started process (PID=606) to work on /opt/airflow/dags/cases/01-1c-excel-pipeline/data/samples/Реализации_2026-06-08.xlsx
[2026-06-09T14:02:17.988+0000] {processor.py:914} INFO - Processing file /opt/airflow/dags/cases/01-1c-excel-pipeline/data/samples/Реализации_2026-06-08.xlsx for tasks to queue
[2026-06-09T14:02:17.990+0000] {logging_mixin.py:190} INFO - [2026-06-09T14:02:17.990+0000] {dagbag.py:588} INFO - Filling up the DagBag from /opt/airflow/dags/cases/01-1c-excel-pipeline/data/samples/Реализации_2026-06-08.xlsx
[2026-06-09T14:02:17.992+0000] {processor.py:927} WARNING - No viable dags retrieved from /opt/airflow/dags/cases/01-1c-excel-pipeline/data/samples/Реализации_2026-06-08.xlsx
[2026-06-09T14:02:18.003+0000] {processor.py:208} INFO - Processing /opt/airflow/dags/cases/01-1c-excel-pipeline/data/samples/Реализации_2026-06-08.xlsx took 0.022 seconds
[2026-06-09T14:02:48.493+0000] {processor.py:186} INFO - Started process (PID=610) to work on /opt/airflow/dags/cases/01-1c-excel-pipeline/data/samples/Реализации_2026-06-08.xlsx
[2026-06-09T14:02:48.494+0000] {processor.py:914} INFO - Processing file /opt/airflow/dags/cases/01-1c-excel-pipeline/data/samples/Реализации_2026-06-08.xlsx for tasks to queue
[2026-06-09T14:02:48.497+0000] {logging_mixin.py:190} INFO - [2026-06-09T14:02:48.496+0000] {dagbag.py:588} INFO - Filling up the DagBag from /opt/airflow/dags/cases/01-1c-excel-pipeline/data/samples/Реализации_2026-06-08.xlsx
[2026-06-09T14:02:48.498+0000] {processor.py:927} WARNING - No viable dags retrieved from /opt/airflow/dags/cases/01-1c-excel-pipeline/data/samples/Реализации_2026-06-08.xlsx
[2026-06-09T14:02:48.513+0000] {processor.py:208} INFO - Processing /opt/airflow/dags/cases/01-1c-excel-pipeline/data/samples/Реализации_2026-06-08.xlsx took 0.027 seconds
[2026-06-09T14:03:19.054+0000] {processor.py:186} INFO - Started process (PID=614) to work on /opt/airflow/dags/cases/01-1c-excel-pipeline/data/samples/Реализации_2026-06-08.xlsx
[2026-06-09T14:03:19.055+0000] {processor.py:914} INFO - Processing file /opt/airflow/dags/cases/01-1c-excel-pipeline/data/samples/Реализации_2026-06-08.xlsx for tasks to queue
[2026-06-09T14:03:19.059+0000] {logging_mixin.py:190} INFO - [2026-06-09T14:03:19.059+0000] {dagbag.py:588} INFO - Filling up the DagBag from /opt/airflow/dags/cases/01-1c-excel-pipeline/data/samples/Реализации_2026-06-08.xlsx
[2026-06-09T14:03:19.062+0000] {processor.py:927} WARNING - No viable dags retrieved from /opt/airflow/dags/cases/01-1c-excel-pipeline/data/samples/Реализации_2026-06-08.xlsx
[2026-06-09T14:03:19.077+0000] {processor.py:208} INFO - Processing /opt/airflow/dags/cases/01-1c-excel-pipeline/data/samples/Реализации_2026-06-08.xlsx took 0.032 seconds
[2026-06-09T14:03:49.616+0000] {processor.py:186} INFO - Started process (PID=618) to work on /opt/airflow/dags/cases/01-1c-excel-pipeline/data/samples/Реализации_2026-06-08.xlsx
[2026-06-09T14:03:49.617+0000] {processor.py:914} INFO - Processing file /opt/airflow/dags/cases/01-1c-excel-pipeline/data/samples/Реализации_2026-06-08.xlsx for tasks to queue
[2026-06-09T14:03:49.620+0000] {logging_mixin.py:190} INFO - [2026-06-09T14:03:49.619+0000] {dagbag.py:588} INFO - Filling up the DagBag from /opt/airflow/dags/cases/01-1c-excel-pipeline/data/samples/Реализации_2026-06-08.xlsx
[2026-06-09T14:03:49.622+0000] {processor.py:927} WARNING - No viable dags retrieved from /opt/airflow/dags/cases/01-1c-excel-pipeline/data/samples/Реализации_2026-06-08.xlsx
[2026-06-09T14:03:49.642+0000] {processor.py:208} INFO - Processing /opt/airflow/dags/cases/01-1c-excel-pipeline/data/samples/Реализации_2026-06-08.xlsx took 0.033 seconds
[2026-06-09T14:04:20.149+0000] {processor.py:186} INFO - Started process (PID=622) to work on /opt/airflow/dags/cases/01-1c-excel-pipeline/data/samples/Реализации_2026-06-08.xlsx
[2026-06-09T14:04:20.151+0000] {processor.py:914} INFO - Processing file /opt/airflow/dags/cases/01-1c-excel-pipeline/data/samples/Реализации_2026-06-08.xlsx for tasks to queue
[2026-06-09T14:04:20.153+0000] {logging_mixin.py:190} INFO - [2026-06-09T14:04:20.153+0000] {dagbag.py:588} INFO - Filling up the DagBag from /opt/airflow/dags/cases/01-1c-excel-pipeline/data/samples/Реализации_2026-06-08.xlsx
[2026-06-09T14:04:20.155+0000] {processor.py:927} WARNING - No viable dags retrieved from /opt/airflow/dags/cases/01-1c-excel-pipeline/data/samples/Реализации_2026-06-08.xlsx
[2026-06-09T14:04:20.169+0000] {processor.py:208} INFO - Processing /opt/airflow/dags/cases/01-1c-excel-pipeline/data/samples/Реализации_2026-06-08.xlsx took 0.027 seconds
[2026-06-09T14:04:50.687+0000] {processor.py:186} INFO - Started process (PID=626) to work on /opt/airflow/dags/cases/01-1c-excel-pipeline/data/samples/Реализации_2026-06-08.xlsx
[2026-06-09T14:04:50.689+0000] {processor.py:914} INFO - Processing file /opt/airflow/dags/cases/01-1c-excel-pipeline/data/samples/Реализации_2026-06-08.xlsx for tasks to queue
[2026-06-09T14:04:50.692+0000] {logging_mixin.py:190} INFO - [2026-06-09T14:04:50.692+0000] {dagbag.py:588} INFO - Filling up the DagBag from /opt/airflow/dags/cases/01-1c-excel-pipeline/data/samples/Реализации_2026-06-08.xlsx
[2026-06-09T14:04:50.695+0000] {processor.py:927} WARNING - No viable dags retrieved from /opt/airflow/dags/cases/01-1c-excel-pipeline/data/samples/Реализации_2026-06-08.xlsx
[2026-06-09T14:04:50.713+0000] {processor.py:208} INFO - Processing /opt/airflow/dags/cases/01-1c-excel-pipeline/data/samples/Реализации_2026-06-08.xlsx took 0.035 seconds
[2026-06-09T14:05:21.208+0000] {processor.py:186} INFO - Started process (PID=630) to work on /opt/airflow/dags/cases/01-1c-excel-pipeline/data/samples/Реализации_2026-06-08.xlsx
[2026-06-09T14:05:21.209+0000] {processor.py:914} INFO - Processing file /opt/airflow/dags/cases/01-1c-excel-pipeline/data/samples/Реализации_2026-06-08.xlsx for tasks to queue
[2026-06-09T14:05:21.212+0000] {logging_mixin.py:190} INFO - [2026-06-09T14:05:21.212+0000] {dagbag.py:588} INFO - Filling up the DagBag from /opt/airflow/dags/cases/01-1c-excel-pipeline/data/samples/Реализации_2026-06-08.xlsx
[2026-06-09T14:05:21.214+0000] {processor.py:927} WARNING - No viable dags retrieved from /opt/airflow/dags/cases/01-1c-excel-pipeline/data/samples/Реализации_2026-06-08.xlsx
[2026-06-09T14:05:21.227+0000] {processor.py:208} INFO - Processing /opt/airflow/dags/cases/01-1c-excel-pipeline/data/samples/Реализации_2026-06-08.xlsx took 0.027 seconds
[2026-06-09T14:05:51.809+0000] {processor.py:186} INFO - Started process (PID=634) to work on /opt/airflow/dags/cases/01-1c-excel-pipeline/data/samples/Реализации_2026-06-08.xlsx
[2026-06-09T14:05:51.811+0000] {processor.py:914} INFO - Processing file /opt/airflow/dags/cases/01-1c-excel-pipeline/data/samples/Реализации_2026-06-08.xlsx for tasks to queue
[2026-06-09T14:05:51.815+0000] {logging_mixin.py:190} INFO - [2026-06-09T14:05:51.814+0000] {dagbag.py:588} INFO - Filling up the DagBag from /opt/airflow/dags/cases/01-1c-excel-pipeline/data/samples/Реализации_2026-06-08.xlsx
[2026-06-09T14:05:51.817+0000] {processor.py:927} WARNING - No viable dags retrieved from /opt/airflow/dags/cases/01-1c-excel-pipeline/data/samples/Реализации_2026-06-08.xlsx
[2026-06-09T14:05:51.832+0000] {processor.py:208} INFO - Processing /opt/airflow/dags/cases/01-1c-excel-pipeline/data/samples/Реализации_2026-06-08.xlsx took 0.031 seconds
[2026-06-09T14:06:22.335+0000] {processor.py:186} INFO - Started process (PID=638) to work on /opt/airflow/dags/cases/01-1c-excel-pipeline/data/samples/Реализации_2026-06-08.xlsx
[2026-06-09T14:06:22.335+0000] {processor.py:914} INFO - Processing file /opt/airflow/dags/cases/01-1c-excel-pipeline/data/samples/Реализации_2026-06-08.xlsx for tasks to queue
[2026-06-09T14:06:22.337+0000] {logging_mixin.py:190} INFO - [2026-06-09T14:06:22.337+0000] {dagbag.py:588} INFO - Filling up the DagBag from /opt/airflow/dags/cases/01-1c-excel-pipeline/data/samples/Реализации_2026-06-08.xlsx
[2026-06-09T14:06:22.338+0000] {processor.py:927} WARNING - No viable dags retrieved from /opt/airflow/dags/cases/01-1c-excel-pipeline/data/samples/Реализации_2026-06-08.xlsx
[2026-06-09T14:06:22.345+0000] {processor.py:208} INFO - Processing /opt/airflow/dags/cases/01-1c-excel-pipeline/data/samples/Реализации_2026-06-08.xlsx took 0.014 seconds
[2026-06-09T14:06:52.765+0000] {processor.py:186} INFO - Started process (PID=642) to work on /opt/airflow/dags/cases/01-1c-excel-pipeline/data/samples/Реализации_2026-06-08.xlsx
[2026-06-09T14:06:52.766+0000] {processor.py:914} INFO - Processing file /opt/airflow/dags/cases/01-1c-excel-pipeline/data/samples/Реализации_2026-06-08.xlsx for tasks to queue
[2026-06-09T14:06:52.768+0000] {logging_mixin.py:190} INFO - [2026-06-09T14:06:52.768+0000] {dagbag.py:588} INFO - Filling up the DagBag from /opt/airflow/dags/cases/01-1c-excel-pipeline/data/samples/Реализации_2026-06-08.xlsx
[2026-06-09T14:06:52.770+0000] {processor.py:927} WARNING - No viable dags retrieved from /opt/airflow/dags/cases/01-1c-excel-pipeline/data/samples/Реализации_2026-06-08.xlsx
[2026-06-09T14:06:52.780+0000] {processor.py:208} INFO - Processing /opt/airflow/dags/cases/01-1c-excel-pipeline/data/samples/Реализации_2026-06-08.xlsx took 0.020 seconds
[2026-06-09T14:07:23.264+0000] {processor.py:186} INFO - Started process (PID=646) to work on /opt/airflow/dags/cases/01-1c-excel-pipeline/data/samples/Реализации_2026-06-08.xlsx
[2026-06-09T14:07:23.265+0000] {processor.py:914} INFO - Processing file /opt/airflow/dags/cases/01-1c-excel-pipeline/data/samples/Реализации_2026-06-08.xlsx for tasks to queue
[2026-06-09T14:07:23.267+0000] {logging_mixin.py:190} INFO - [2026-06-09T14:07:23.267+0000] {dagbag.py:588} INFO - Filling up the DagBag from /opt/airflow/dags/cases/01-1c-excel-pipeline/data/samples/Реализации_2026-06-08.xlsx
[2026-06-09T14:07:23.269+0000] {processor.py:927} WARNING - No viable dags retrieved from /opt/airflow/dags/cases/01-1c-excel-pipeline/data/samples/Реализации_2026-06-08.xlsx
[2026-06-09T14:07:23.282+0000] {processor.py:208} INFO - Processing /opt/airflow/dags/cases/01-1c-excel-pipeline/data/samples/Реализации_2026-06-08.xlsx took 0.023 seconds
[2026-06-09T14:07:53.796+0000] {processor.py:186} INFO - Started process (PID=650) to work on /opt/airflow/dags/cases/01-1c-excel-pipeline/data/samples/Реализации_2026-06-08.xlsx
[2026-06-09T14:07:53.797+0000] {processor.py:914} INFO - Processing file /opt/airflow/dags/cases/01-1c-excel-pipeline/data/samples/Реализации_2026-06-08.xlsx for tasks to queue
[2026-06-09T14:07:53.799+0000] {logging_mixin.py:190} INFO - [2026-06-09T14:07:53.799+0000] {dagbag.py:588} INFO - Filling up the DagBag from /opt/airflow/dags/cases/01-1c-excel-pipeline/data/samples/Реализации_2026-06-08.xlsx
[2026-06-09T14:07:53.801+0000] {processor.py:927} WARNING - No viable dags retrieved from /opt/airflow/dags/cases/01-1c-excel-pipeline/data/samples/Реализации_2026-06-08.xlsx
[2026-06-09T14:07:53.814+0000] {processor.py:208} INFO - Processing /opt/airflow/dags/cases/01-1c-excel-pipeline/data/samples/Реализации_2026-06-08.xlsx took 0.026 seconds
[2026-06-09T14:08:24.328+0000] {processor.py:186} INFO - Started process (PID=654) to work on /opt/airflow/dags/cases/01-1c-excel-pipeline/data/samples/Реализации_2026-06-08.xlsx
[2026-06-09T14:08:24.329+0000] {processor.py:914} INFO - Processing file /opt/airflow/dags/cases/01-1c-excel-pipeline/data/samples/Реализации_2026-06-08.xlsx for tasks to queue
[2026-06-09T14:08:24.332+0000] {logging_mixin.py:190} INFO - [2026-06-09T14:08:24.332+0000] {dagbag.py:588} INFO - Filling up the DagBag from /opt/airflow/dags/cases/01-1c-excel-pipeline/data/samples/Реализации_2026-06-08.xlsx
[2026-06-09T14:08:24.334+0000] {processor.py:927} WARNING - No viable dags retrieved from /opt/airflow/dags/cases/01-1c-excel-pipeline/data/samples/Реализации_2026-06-08.xlsx
[2026-06-09T14:08:24.347+0000] {processor.py:208} INFO - Processing /opt/airflow/dags/cases/01-1c-excel-pipeline/data/samples/Реализации_2026-06-08.xlsx took 0.026 seconds
[2026-06-09T14:08:54.840+0000] {processor.py:186} INFO - Started process (PID=658) to work on /opt/airflow/dags/cases/01-1c-excel-pipeline/data/samples/Реализации_2026-06-08.xlsx
[2026-06-09T14:08:54.842+0000] {processor.py:914} INFO - Processing file /opt/airflow/dags/cases/01-1c-excel-pipeline/data/samples/Реализации_2026-06-08.xlsx for tasks to queue
[2026-06-09T14:08:54.844+0000] {logging_mixin.py:190} INFO - [2026-06-09T14:08:54.844+0000] {dagbag.py:588} INFO - Filling up the DagBag from /opt/airflow/dags/cases/01-1c-excel-pipeline/data/samples/Реализации_2026-06-08.xlsx
[2026-06-09T14:08:54.846+0000] {processor.py:927} WARNING - No viable dags retrieved from /opt/airflow/dags/cases/01-1c-excel-pipeline/data/samples/Реализации_2026-06-08.xlsx
[2026-06-09T14:08:54.859+0000] {processor.py:208} INFO - Processing /opt/airflow/dags/cases/01-1c-excel-pipeline/data/samples/Реализации_2026-06-08.xlsx took 0.028 seconds
[2026-06-09T14:09:25.344+0000] {processor.py:186} INFO - Started process (PID=662) to work on /opt/airflow/dags/cases/01-1c-excel-pipeline/data/samples/Реализации_2026-06-08.xlsx
[2026-06-09T14:09:25.346+0000] {processor.py:914} INFO - Processing file /opt/airflow/dags/cases/01-1c-excel-pipeline/data/samples/Реализации_2026-06-08.xlsx for tasks to queue
[2026-06-09T14:09:25.353+0000] {logging_mixin.py:190} INFO - [2026-06-09T14:09:25.353+0000] {dagbag.py:588} INFO - Filling up the DagBag from /opt/airflow/dags/cases/01-1c-excel-pipeline/data/samples/Реализации_2026-06-08.xlsx
[2026-06-09T14:09:25.356+0000] {processor.py:927} WARNING - No viable dags retrieved from /opt/airflow/dags/cases/01-1c-excel-pipeline/data/samples/Реализации_2026-06-08.xlsx
[2026-06-09T14:09:25.368+0000] {processor.py:208} INFO - Processing /opt/airflow/dags/cases/01-1c-excel-pipeline/data/samples/Реализации_2026-06-08.xlsx took 0.033 seconds
[2026-06-09T14:09:55.854+0000] {processor.py:186} INFO - Started process (PID=666) to work on /opt/airflow/dags/cases/01-1c-excel-pipeline/data/samples/Реализации_2026-06-08.xlsx
[2026-06-09T14:09:55.855+0000] {processor.py:914} INFO - Processing file /opt/airflow/dags/cases/01-1c-excel-pipeline/data/samples/Реализации_2026-06-08.xlsx for tasks to queue
[2026-06-09T14:09:55.858+0000] {logging_mixin.py:190} INFO - [2026-06-09T14:09:55.858+0000] {dagbag.py:588} INFO - Filling up the DagBag from /opt/airflow/dags/cases/01-1c-excel-pipeline/data/samples/Реализации_2026-06-08.xlsx
[2026-06-09T14:09:55.860+0000] {processor.py:927} WARNING - No viable dags retrieved from /opt/airflow/dags/cases/01-1c-excel-pipeline/data/samples/Реализации_2026-06-08.xlsx
[2026-06-09T14:09:55.875+0000] {processor.py:208} INFO - Processing /opt/airflow/dags/cases/01-1c-excel-pipeline/data/samples/Реализации_2026-06-08.xlsx took 0.029 seconds
[2026-06-09T14:10:26.458+0000] {processor.py:186} INFO - Started process (PID=670) to work on /opt/airflow/dags/cases/01-1c-excel-pipeline/data/samples/Реализации_2026-06-08.xlsx
[2026-06-09T14:10:26.461+0000] {processor.py:914} INFO - Processing file /opt/airflow/dags/cases/01-1c-excel-pipeline/data/samples/Реализации_2026-06-08.xlsx for tasks to queue
[2026-06-09T14:10:26.465+0000] {logging_mixin.py:190} INFO - [2026-06-09T14:10:26.465+0000] {dagbag.py:588} INFO - Filling up the DagBag from /opt/airflow/dags/cases/01-1c-excel-pipeline/data/samples/Реализации_2026-06-08.xlsx
[2026-06-09T14:10:26.468+0000] {processor.py:927} WARNING - No viable dags retrieved from /opt/airflow/dags/cases/01-1c-excel-pipeline/data/samples/Реализации_2026-06-08.xlsx
[2026-06-09T14:10:26.485+0000] {processor.py:208} INFO - Processing /opt/airflow/dags/cases/01-1c-excel-pipeline/data/samples/Реализации_2026-06-08.xlsx took 0.040 seconds
[2026-06-09T14:10:57.035+0000] {processor.py:186} INFO - Started process (PID=674) to work on /opt/airflow/dags/cases/01-1c-excel-pipeline/data/samples/Реализации_2026-06-08.xlsx
[2026-06-09T14:10:57.037+0000] {processor.py:914} INFO - Processing file /opt/airflow/dags/cases/01-1c-excel-pipeline/data/samples/Реализации_2026-06-08.xlsx for tasks to queue
[2026-06-09T14:10:57.043+0000] {logging_mixin.py:190} INFO - [2026-06-09T14:10:57.042+0000] {dagbag.py:588} INFO - Filling up the DagBag from /opt/airflow/dags/cases/01-1c-excel-pipeline/data/samples/Реализации_2026-06-08.xlsx
[2026-06-09T14:10:57.046+0000] {processor.py:927} WARNING - No viable dags retrieved from /opt/airflow/dags/cases/01-1c-excel-pipeline/data/samples/Реализации_2026-06-08.xlsx
[2026-06-09T14:10:57.065+0000] {processor.py:208} INFO - Processing /opt/airflow/dags/cases/01-1c-excel-pipeline/data/samples/Реализации_2026-06-08.xlsx took 0.040 seconds
[2026-06-09T14:11:27.622+0000] {processor.py:186} INFO - Started process (PID=678) to work on /opt/airflow/dags/cases/01-1c-excel-pipeline/data/samples/Реализации_2026-06-08.xlsx
[2026-06-09T14:11:27.623+0000] {processor.py:914} INFO - Processing file /opt/airflow/dags/cases/01-1c-excel-pipeline/data/samples/Реализации_2026-06-08.xlsx for tasks to queue
[2026-06-09T14:11:27.626+0000] {logging_mixin.py:190} INFO - [2026-06-09T14:11:27.626+0000] {dagbag.py:588} INFO - Filling up the DagBag from /opt/airflow/dags/cases/01-1c-excel-pipeline/data/samples/Реализации_2026-06-08.xlsx
[2026-06-09T14:11:27.628+0000] {processor.py:927} WARNING - No viable dags retrieved from /opt/airflow/dags/cases/01-1c-excel-pipeline/data/samples/Реализации_2026-06-08.xlsx
[2026-06-09T14:11:27.644+0000] {processor.py:208} INFO - Processing /opt/airflow/dags/cases/01-1c-excel-pipeline/data/samples/Реализации_2026-06-08.xlsx took 0.034 seconds
[2026-06-09T14:11:58.210+0000] {processor.py:186} INFO - Started process (PID=682) to work on /opt/airflow/dags/cases/01-1c-excel-pipeline/data/samples/Реализации_2026-06-08.xlsx
[2026-06-09T14:11:58.212+0000] {processor.py:914} INFO - Processing file /opt/airflow/dags/cases/01-1c-excel-pipeline/data/samples/Реализации_2026-06-08.xlsx for tasks to queue
[2026-06-09T14:11:58.215+0000] {logging_mixin.py:190} INFO - [2026-06-09T14:11:58.214+0000] {dagbag.py:588} INFO - Filling up the DagBag from /opt/airflow/dags/cases/01-1c-excel-pipeline/data/samples/Реализации_2026-06-08.xlsx
[2026-06-09T14:11:58.217+0000] {processor.py:927} WARNING - No viable dags retrieved from /opt/airflow/dags/cases/01-1c-excel-pipeline/data/samples/Реализации_2026-06-08.xlsx
[2026-06-09T14:11:58.233+0000] {processor.py:208} INFO - Processing /opt/airflow/dags/cases/01-1c-excel-pipeline/data/samples/Реализации_2026-06-08.xlsx took 0.030 seconds
[2026-06-09T14:12:28.760+0000] {processor.py:186} INFO - Started process (PID=686) to work on /opt/airflow/dags/cases/01-1c-excel-pipeline/data/samples/Реализации_2026-06-08.xlsx
[2026-06-09T14:12:28.762+0000] {processor.py:914} INFO - Processing file /opt/airflow/dags/cases/01-1c-excel-pipeline/data/samples/Реализации_2026-06-08.xlsx for tasks to queue
[2026-06-09T14:12:28.765+0000] {logging_mixin.py:190} INFO - [2026-06-09T14:12:28.764+0000] {dagbag.py:588} INFO - Filling up the DagBag from /opt/airflow/dags/cases/01-1c-excel-pipeline/data/samples/Реализации_2026-06-08.xlsx
[2026-06-09T14:12:28.767+0000] {processor.py:927} WARNING - No viable dags retrieved from /opt/airflow/dags/cases/01-1c-excel-pipeline/data/samples/Реализации_2026-06-08.xlsx
[2026-06-09T14:12:28.788+0000] {processor.py:208} INFO - Processing /opt/airflow/dags/cases/01-1c-excel-pipeline/data/samples/Реализации_2026-06-08.xlsx took 0.038 seconds
[2026-06-09T14:12:59.243+0000] {processor.py:186} INFO - Started process (PID=690) to work on /opt/airflow/dags/cases/01-1c-excel-pipeline/data/samples/Реализации_2026-06-08.xlsx
[2026-06-09T14:12:59.245+0000] {processor.py:914} INFO - Processing file /opt/airflow/dags/cases/01-1c-excel-pipeline/data/samples/Реализации_2026-06-08.xlsx for tasks to queue
[2026-06-09T14:12:59.248+0000] {logging_mixin.py:190} INFO - [2026-06-09T14:12:59.248+0000] {dagbag.py:588} INFO - Filling up the DagBag from /opt/airflow/dags/cases/01-1c-excel-pipeline/data/samples/Реализации_2026-06-08.xlsx
[2026-06-09T14:12:59.251+0000] {processor.py:927} WARNING - No viable dags retrieved from /opt/airflow/dags/cases/01-1c-excel-pipeline/data/samples/Реализации_2026-06-08.xlsx
[2026-06-09T14:12:59.267+0000] {processor.py:208} INFO - Processing /opt/airflow/dags/cases/01-1c-excel-pipeline/data/samples/Реализации_2026-06-08.xlsx took 0.032 seconds
[2026-06-09T14:13:29.767+0000] {processor.py:186} INFO - Started process (PID=694) to work on /opt/airflow/dags/cases/01-1c-excel-pipeline/data/samples/Реализации_2026-06-08.xlsx
[2026-06-09T14:13:29.768+0000] {processor.py:914} INFO - Processing file /opt/airflow/dags/cases/01-1c-excel-pipeline/data/samples/Реализации_2026-06-08.xlsx for tasks to queue
[2026-06-09T14:13:29.771+0000] {logging_mixin.py:190} INFO - [2026-06-09T14:13:29.771+0000] {dagbag.py:588} INFO - Filling up the DagBag from /opt/airflow/dags/cases/01-1c-excel-pipeline/data/samples/Реализации_2026-06-08.xlsx
[2026-06-09T14:13:29.773+0000] {processor.py:927} WARNING - No viable dags retrieved from /opt/airflow/dags/cases/01-1c-excel-pipeline/data/samples/Реализации_2026-06-08.xlsx
[2026-06-09T14:13:29.789+0000] {processor.py:208} INFO - Processing /opt/airflow/dags/cases/01-1c-excel-pipeline/data/samples/Реализации_2026-06-08.xlsx took 0.030 seconds
[2026-06-09T14:14:00.364+0000] {processor.py:186} INFO - Started process (PID=698) to work on /opt/airflow/dags/cases/01-1c-excel-pipeline/data/samples/Реализации_2026-06-08.xlsx
[2026-06-09T14:14:00.366+0000] {processor.py:914} INFO - Processing file /opt/airflow/dags/cases/01-1c-excel-pipeline/data/samples/Реализации_2026-06-08.xlsx for tasks to queue
[2026-06-09T14:14:00.368+0000] {logging_mixin.py:190} INFO - [2026-06-09T14:14:00.368+0000] {dagbag.py:588} INFO - Filling up the DagBag from /opt/airflow/dags/cases/01-1c-excel-pipeline/data/samples/Реализации_2026-06-08.xlsx
[2026-06-09T14:14:00.370+0000] {processor.py:927} WARNING - No viable dags retrieved from /opt/airflow/dags/cases/01-1c-excel-pipeline/data/samples/Реализации_2026-06-08.xlsx
[2026-06-09T14:14:00.385+0000] {processor.py:208} INFO - Processing /opt/airflow/dags/cases/01-1c-excel-pipeline/data/samples/Реализации_2026-06-08.xlsx took 0.028 seconds
[2026-06-09T14:14:30.895+0000] {processor.py:186} INFO - Started process (PID=702) to work on /opt/airflow/dags/cases/01-1c-excel-pipeline/data/samples/Реализации_2026-06-08.xlsx
[2026-06-09T14:14:30.897+0000] {processor.py:914} INFO - Processing file /opt/airflow/dags/cases/01-1c-excel-pipeline/data/samples/Реализации_2026-06-08.xlsx for tasks to queue
[2026-06-09T14:14:30.900+0000] {logging_mixin.py:190} INFO - [2026-06-09T14:14:30.900+0000] {dagbag.py:588} INFO - Filling up the DagBag from /opt/airflow/dags/cases/01-1c-excel-pipeline/data/samples/Реализации_2026-06-08.xlsx
[2026-06-09T14:14:30.902+0000] {processor.py:927} WARNING - No viable dags retrieved from /opt/airflow/dags/cases/01-1c-excel-pipeline/data/samples/Реализации_2026-06-08.xlsx
[2026-06-09T14:14:30.917+0000] {processor.py:208} INFO - Processing /opt/airflow/dags/cases/01-1c-excel-pipeline/data/samples/Реализации_2026-06-08.xlsx took 0.032 seconds
[2026-06-09T14:15:01.436+0000] {processor.py:186} INFO - Started process (PID=706) to work on /opt/airflow/dags/cases/01-1c-excel-pipeline/data/samples/Реализации_2026-06-08.xlsx
[2026-06-09T14:15:01.437+0000] {processor.py:914} INFO - Processing file /opt/airflow/dags/cases/01-1c-excel-pipeline/data/samples/Реализации_2026-06-08.xlsx for tasks to queue
[2026-06-09T14:15:01.440+0000] {logging_mixin.py:190} INFO - [2026-06-09T14:15:01.440+0000] {dagbag.py:588} INFO - Filling up the DagBag from /opt/airflow/dags/cases/01-1c-excel-pipeline/data/samples/Реализации_2026-06-08.xlsx
[2026-06-09T14:15:01.442+0000] {processor.py:927} WARNING - No viable dags retrieved from /opt/airflow/dags/cases/01-1c-excel-pipeline/data/samples/Реализации_2026-06-08.xlsx
[2026-06-09T14:15:01.455+0000] {processor.py:208} INFO - Processing /opt/airflow/dags/cases/01-1c-excel-pipeline/data/samples/Реализации_2026-06-08.xlsx took 0.025 seconds
[2026-06-09T14:15:31.929+0000] {processor.py:186} INFO - Started process (PID=710) to work on /opt/airflow/dags/cases/01-1c-excel-pipeline/data/samples/Реализации_2026-06-08.xlsx
[2026-06-09T14:15:31.930+0000] {processor.py:914} INFO - Processing file /opt/airflow/dags/cases/01-1c-excel-pipeline/data/samples/Реализации_2026-06-08.xlsx for tasks to queue
[2026-06-09T14:15:31.935+0000] {logging_mixin.py:190} INFO - [2026-06-09T14:15:31.935+0000] {dagbag.py:588} INFO - Filling up the DagBag from /opt/airflow/dags/cases/01-1c-excel-pipeline/data/samples/Реализации_2026-06-08.xlsx
[2026-06-09T14:15:31.938+0000] {processor.py:927} WARNING - No viable dags retrieved from /opt/airflow/dags/cases/01-1c-excel-pipeline/data/samples/Реализации_2026-06-08.xlsx
[2026-06-09T14:15:31.960+0000] {processor.py:208} INFO - Processing /opt/airflow/dags/cases/01-1c-excel-pipeline/data/samples/Реализации_2026-06-08.xlsx took 0.047 seconds
[2026-06-09T14:16:02.471+0000] {processor.py:186} INFO - Started process (PID=714) to work on /opt/airflow/dags/cases/01-1c-excel-pipeline/data/samples/Реализации_2026-06-08.xlsx
[2026-06-09T14:16:02.473+0000] {processor.py:914} INFO - Processing file /opt/airflow/dags/cases/01-1c-excel-pipeline/data/samples/Реализации_2026-06-08.xlsx for tasks to queue
[2026-06-09T14:16:02.476+0000] {logging_mixin.py:190} INFO - [2026-06-09T14:16:02.476+0000] {dagbag.py:588} INFO - Filling up the DagBag from /opt/airflow/dags/cases/01-1c-excel-pipeline/data/samples/Реализации_2026-06-08.xlsx
[2026-06-09T14:16:02.480+0000] {processor.py:927} WARNING - No viable dags retrieved from /opt/airflow/dags/cases/01-1c-excel-pipeline/data/samples/Реализации_2026-06-08.xlsx
[2026-06-09T14:16:02.497+0000] {processor.py:208} INFO - Processing /opt/airflow/dags/cases/01-1c-excel-pipeline/data/samples/Реализации_2026-06-08.xlsx took 0.035 seconds
[2026-06-09T14:16:33.085+0000] {processor.py:186} INFO - Started process (PID=718) to work on /opt/airflow/dags/cases/01-1c-excel-pipeline/data/samples/Реализации_2026-06-08.xlsx
[2026-06-09T14:16:33.088+0000] {processor.py:914} INFO - Processing file /opt/airflow/dags/cases/01-1c-excel-pipeline/data/samples/Реализации_2026-06-08.xlsx for tasks to queue
[2026-06-09T14:16:33.097+0000] {logging_mixin.py:190} INFO - [2026-06-09T14:16:33.096+0000] {dagbag.py:588} INFO - Filling up the DagBag from /opt/airflow/dags/cases/01-1c-excel-pipeline/data/samples/Реализации_2026-06-08.xlsx
[2026-06-09T14:16:33.102+0000] {processor.py:927} WARNING - No viable dags retrieved from /opt/airflow/dags/cases/01-1c-excel-pipeline/data/samples/Реализации_2026-06-08.xlsx
[2026-06-09T14:16:33.126+0000] {processor.py:208} INFO - Processing /opt/airflow/dags/cases/01-1c-excel-pipeline/data/samples/Реализации_2026-06-08.xlsx took 0.055 seconds
[2026-06-09T14:17:03.722+0000] {processor.py:186} INFO - Started process (PID=722) to work on /opt/airflow/dags/cases/01-1c-excel-pipeline/data/samples/Реализации_2026-06-08.xlsx
[2026-06-09T14:17:03.723+0000] {processor.py:914} INFO - Processing file /opt/airflow/dags/cases/01-1c-excel-pipeline/data/samples/Реализации_2026-06-08.xlsx for tasks to queue
[2026-06-09T14:17:03.725+0000] {logging_mixin.py:190} INFO - [2026-06-09T14:17:03.725+0000] {dagbag.py:588} INFO - Filling up the DagBag from /opt/airflow/dags/cases/01-1c-excel-pipeline/data/samples/Реализации_2026-06-08.xlsx
[2026-06-09T14:17:03.728+0000] {processor.py:927} WARNING - No viable dags retrieved from /opt/airflow/dags/cases/01-1c-excel-pipeline/data/samples/Реализации_2026-06-08.xlsx
[2026-06-09T14:17:03.747+0000] {processor.py:208} INFO - Processing /opt/airflow/dags/cases/01-1c-excel-pipeline/data/samples/Реализации_2026-06-08.xlsx took 0.031 seconds
[2026-06-09T14:17:34.229+0000] {processor.py:186} INFO - Started process (PID=726) to work on /opt/airflow/dags/cases/01-1c-excel-pipeline/data/samples/Реализации_2026-06-08.xlsx
[2026-06-09T14:17:34.230+0000] {processor.py:914} INFO - Processing file /opt/airflow/dags/cases/01-1c-excel-pipeline/data/samples/Реализации_2026-06-08.xlsx for tasks to queue
[2026-06-09T14:17:34.234+0000] {logging_mixin.py:190} INFO - [2026-06-09T14:17:34.233+0000] {dagbag.py:588} INFO - Filling up the DagBag from /opt/airflow/dags/cases/01-1c-excel-pipeline/data/samples/Реализации_2026-06-08.xlsx
[2026-06-09T14:17:34.237+0000] {processor.py:927} WARNING - No viable dags retrieved from /opt/airflow/dags/cases/01-1c-excel-pipeline/data/samples/Реализации_2026-06-08.xlsx
[2026-06-09T14:17:34.252+0000] {processor.py:208} INFO - Processing /opt/airflow/dags/cases/01-1c-excel-pipeline/data/samples/Реализации_2026-06-08.xlsx took 0.031 seconds
[2026-06-09T14:18:04.760+0000] {processor.py:186} INFO - Started process (PID=730) to work on /opt/airflow/dags/cases/01-1c-excel-pipeline/data/samples/Реализации_2026-06-08.xlsx
[2026-06-09T14:18:04.762+0000] {processor.py:914} INFO - Processing file /opt/airflow/dags/cases/01-1c-excel-pipeline/data/samples/Реализации_2026-06-08.xlsx for tasks to queue
[2026-06-09T14:18:04.765+0000] {logging_mixin.py:190} INFO - [2026-06-09T14:18:04.765+0000] {dagbag.py:588} INFO - Filling up the DagBag from /opt/airflow/dags/cases/01-1c-excel-pipeline/data/samples/Реализации_2026-06-08.xlsx
[2026-06-09T14:18:04.767+0000] {processor.py:927} WARNING - No viable dags retrieved from /opt/airflow/dags/cases/01-1c-excel-pipeline/data/samples/Реализации_2026-06-08.xlsx
[2026-06-09T14:18:04.783+0000] {processor.py:208} INFO - Processing /opt/airflow/dags/cases/01-1c-excel-pipeline/data/samples/Реализации_2026-06-08.xlsx took 0.030 seconds
[2026-06-09T14:18:35.317+0000] {processor.py:186} INFO - Started process (PID=734) to work on /opt/airflow/dags/cases/01-1c-excel-pipeline/data/samples/Реализации_2026-06-08.xlsx
[2026-06-09T14:18:35.318+0000] {processor.py:914} INFO - Processing file /opt/airflow/dags/cases/01-1c-excel-pipeline/data/samples/Реализации_2026-06-08.xlsx for tasks to queue
[2026-06-09T14:18:35.321+0000] {logging_mixin.py:190} INFO - [2026-06-09T14:18:35.320+0000] {dagbag.py:588} INFO - Filling up the DagBag from /opt/airflow/dags/cases/01-1c-excel-pipeline/data/samples/Реализации_2026-06-08.xlsx
[2026-06-09T14:18:35.323+0000] {processor.py:927} WARNING - No viable dags retrieved from /opt/airflow/dags/cases/01-1c-excel-pipeline/data/samples/Реализации_2026-06-08.xlsx
[2026-06-09T14:18:35.339+0000] {processor.py:208} INFO - Processing /opt/airflow/dags/cases/01-1c-excel-pipeline/data/samples/Реализации_2026-06-08.xlsx took 0.029 seconds
[2026-06-09T14:19:05.845+0000] {processor.py:186} INFO - Started process (PID=738) to work on /opt/airflow/dags/cases/01-1c-excel-pipeline/data/samples/Реализации_2026-06-08.xlsx
[2026-06-09T14:19:05.847+0000] {processor.py:914} INFO - Processing file /opt/airflow/dags/cases/01-1c-excel-pipeline/data/samples/Реализации_2026-06-08.xlsx for tasks to queue
[2026-06-09T14:19:05.849+0000] {logging_mixin.py:190} INFO - [2026-06-09T14:19:05.849+0000] {dagbag.py:588} INFO - Filling up the DagBag from /opt/airflow/dags/cases/01-1c-excel-pipeline/data/samples/Реализации_2026-06-08.xlsx
[2026-06-09T14:19:05.851+0000] {processor.py:927} WARNING - No viable dags retrieved from /opt/airflow/dags/cases/01-1c-excel-pipeline/data/samples/Реализации_2026-06-08.xlsx
[2026-06-09T14:19:05.864+0000] {processor.py:208} INFO - Processing /opt/airflow/dags/cases/01-1c-excel-pipeline/data/samples/Реализации_2026-06-08.xlsx took 0.027 seconds
[2026-06-09T14:19:36.415+0000] {processor.py:186} INFO - Started process (PID=742) to work on /opt/airflow/dags/cases/01-1c-excel-pipeline/data/samples/Реализации_2026-06-08.xlsx
[2026-06-09T14:19:36.416+0000] {processor.py:914} INFO - Processing file /opt/airflow/dags/cases/01-1c-excel-pipeline/data/samples/Реализации_2026-06-08.xlsx for tasks to queue
[2026-06-09T14:19:36.419+0000] {logging_mixin.py:190} INFO - [2026-06-09T14:19:36.419+0000] {dagbag.py:588} INFO - Filling up the DagBag from /opt/airflow/dags/cases/01-1c-excel-pipeline/data/samples/Реализации_2026-06-08.xlsx
[2026-06-09T14:19:36.421+0000] {processor.py:927} WARNING - No viable dags retrieved from /opt/airflow/dags/cases/01-1c-excel-pipeline/data/samples/Реализации_2026-06-08.xlsx
[2026-06-09T14:19:36.435+0000] {processor.py:208} INFO - Processing /opt/airflow/dags/cases/01-1c-excel-pipeline/data/samples/Реализации_2026-06-08.xlsx took 0.028 seconds
[2026-06-09T14:20:06.947+0000] {processor.py:186} INFO - Started process (PID=746) to work on /opt/airflow/dags/cases/01-1c-excel-pipeline/data/samples/Реализации_2026-06-08.xlsx
[2026-06-09T14:20:06.949+0000] {processor.py:914} INFO - Processing file /opt/airflow/dags/cases/01-1c-excel-pipeline/data/samples/Реализации_2026-06-08.xlsx for tasks to queue
[2026-06-09T14:20:06.951+0000] {logging_mixin.py:190} INFO - [2026-06-09T14:20:06.951+0000] {dagbag.py:588} INFO - Filling up the DagBag from /opt/airflow/dags/cases/01-1c-excel-pipeline/data/samples/Реализации_2026-06-08.xlsx
[2026-06-09T14:20:06.954+0000] {processor.py:927} WARNING - No viable dags retrieved from /opt/airflow/dags/cases/01-1c-excel-pipeline/data/samples/Реализации_2026-06-08.xlsx
[2026-06-09T14:20:06.970+0000] {processor.py:208} INFO - Processing /opt/airflow/dags/cases/01-1c-excel-pipeline/data/samples/Реализации_2026-06-08.xlsx took 0.031 seconds
[2026-06-09T14:20:37.421+0000] {processor.py:186} INFO - Started process (PID=750) to work on /opt/airflow/dags/cases/01-1c-excel-pipeline/data/samples/Реализации_2026-06-08.xlsx
[2026-06-09T14:20:37.423+0000] {processor.py:914} INFO - Processing file /opt/airflow/dags/cases/01-1c-excel-pipeline/data/samples/Реализации_2026-06-08.xlsx for tasks to queue
[2026-06-09T14:20:37.426+0000] {logging_mixin.py:190} INFO - [2026-06-09T14:20:37.426+0000] {dagbag.py:588} INFO - Filling up the DagBag from /opt/airflow/dags/cases/01-1c-excel-pipeline/data/samples/Реализации_2026-06-08.xlsx
[2026-06-09T14:20:37.428+0000] {processor.py:927} WARNING - No viable dags retrieved from /opt/airflow/dags/cases/01-1c-excel-pipeline/data/samples/Реализации_2026-06-08.xlsx
[2026-06-09T14:20:37.438+0000] {processor.py:208} INFO - Processing /opt/airflow/dags/cases/01-1c-excel-pipeline/data/samples/Реализации_2026-06-08.xlsx took 0.023 seconds
[2026-06-09T14:21:07.899+0000] {processor.py:186} INFO - Started process (PID=754) to work on /opt/airflow/dags/cases/01-1c-excel-pipeline/data/samples/Реализации_2026-06-08.xlsx
[2026-06-09T14:21:07.900+0000] {processor.py:914} INFO - Processing file /opt/airflow/dags/cases/01-1c-excel-pipeline/data/samples/Реализации_2026-06-08.xlsx for tasks to queue
[2026-06-09T14:21:07.902+0000] {logging_mixin.py:190} INFO - [2026-06-09T14:21:07.901+0000] {dagbag.py:588} INFO - Filling up the DagBag from /opt/airflow/dags/cases/01-1c-excel-pipeline/data/samples/Реализации_2026-06-08.xlsx
[2026-06-09T14:21:07.904+0000] {processor.py:927} WARNING - No viable dags retrieved from /opt/airflow/dags/cases/01-1c-excel-pipeline/data/samples/Реализации_2026-06-08.xlsx
[2026-06-09T14:21:07.914+0000] {processor.py:208} INFO - Processing /opt/airflow/dags/cases/01-1c-excel-pipeline/data/samples/Реализации_2026-06-08.xlsx took 0.020 seconds
[2026-06-09T14:21:38.380+0000] {processor.py:186} INFO - Started process (PID=758) to work on /opt/airflow/dags/cases/01-1c-excel-pipeline/data/samples/Реализации_2026-06-08.xlsx
[2026-06-09T14:21:38.382+0000] {processor.py:914} INFO - Processing file /opt/airflow/dags/cases/01-1c-excel-pipeline/data/samples/Реализации_2026-06-08.xlsx for tasks to queue
[2026-06-09T14:21:38.390+0000] {logging_mixin.py:190} INFO - [2026-06-09T14:21:38.389+0000] {dagbag.py:588} INFO - Filling up the DagBag from /opt/airflow/dags/cases/01-1c-excel-pipeline/data/samples/Реализации_2026-06-08.xlsx
[2026-06-09T14:21:38.394+0000] {processor.py:927} WARNING - No viable dags retrieved from /opt/airflow/dags/cases/01-1c-excel-pipeline/data/samples/Реализации_2026-06-08.xlsx
[2026-06-09T14:21:38.410+0000] {processor.py:208} INFO - Processing /opt/airflow/dags/cases/01-1c-excel-pipeline/data/samples/Реализации_2026-06-08.xlsx took 0.042 seconds
[2026-06-09T14:22:08.940+0000] {processor.py:186} INFO - Started process (PID=762) to work on /opt/airflow/dags/cases/01-1c-excel-pipeline/data/samples/Реализации_2026-06-08.xlsx
[2026-06-09T14:22:08.943+0000] {processor.py:914} INFO - Processing file /opt/airflow/dags/cases/01-1c-excel-pipeline/data/samples/Реализации_2026-06-08.xlsx for tasks to queue
[2026-06-09T14:22:08.947+0000] {logging_mixin.py:190} INFO - [2026-06-09T14:22:08.946+0000] {dagbag.py:588} INFO - Filling up the DagBag from /opt/airflow/dags/cases/01-1c-excel-pipeline/data/samples/Реализации_2026-06-08.xlsx
[2026-06-09T14:22:08.950+0000] {processor.py:927} WARNING - No viable dags retrieved from /opt/airflow/dags/cases/01-1c-excel-pipeline/data/samples/Реализации_2026-06-08.xlsx
[2026-06-09T14:22:08.969+0000] {processor.py:208} INFO - Processing /opt/airflow/dags/cases/01-1c-excel-pipeline/data/samples/Реализации_2026-06-08.xlsx took 0.047 seconds
[2026-06-09T14:22:39.430+0000] {processor.py:186} INFO - Started process (PID=766) to work on /opt/airflow/dags/cases/01-1c-excel-pipeline/data/samples/Реализации_2026-06-08.xlsx
[2026-06-09T14:22:39.431+0000] {processor.py:914} INFO - Processing file /opt/airflow/dags/cases/01-1c-excel-pipeline/data/samples/Реализации_2026-06-08.xlsx for tasks to queue
[2026-06-09T14:22:39.438+0000] {logging_mixin.py:190} INFO - [2026-06-09T14:22:39.437+0000] {dagbag.py:588} INFO - Filling up the DagBag from /opt/airflow/dags/cases/01-1c-excel-pipeline/data/samples/Реализации_2026-06-08.xlsx
[2026-06-09T14:22:39.443+0000] {processor.py:927} WARNING - No viable dags retrieved from /opt/airflow/dags/cases/01-1c-excel-pipeline/data/samples/Реализации_2026-06-08.xlsx
[2026-06-09T14:22:39.457+0000] {processor.py:208} INFO - Processing /opt/airflow/dags/cases/01-1c-excel-pipeline/data/samples/Реализации_2026-06-08.xlsx took 0.044 seconds
[2026-06-09T14:23:09.940+0000] {processor.py:186} INFO - Started process (PID=771) to work on /opt/airflow/dags/cases/01-1c-excel-pipeline/data/samples/Реализации_2026-06-08.xlsx
[2026-06-09T14:23:09.941+0000] {processor.py:914} INFO - Processing file /opt/airflow/dags/cases/01-1c-excel-pipeline/data/samples/Реализации_2026-06-08.xlsx for tasks to queue
[2026-06-09T14:23:09.943+0000] {logging_mixin.py:190} INFO - [2026-06-09T14:23:09.943+0000] {dagbag.py:588} INFO - Filling up the DagBag from /opt/airflow/dags/cases/01-1c-excel-pipeline/data/samples/Реализации_2026-06-08.xlsx
[2026-06-09T14:23:09.944+0000] {processor.py:927} WARNING - No viable dags retrieved from /opt/airflow/dags/cases/01-1c-excel-pipeline/data/samples/Реализации_2026-06-08.xlsx
[2026-06-09T14:23:09.956+0000] {processor.py:208} INFO - Processing /opt/airflow/dags/cases/01-1c-excel-pipeline/data/samples/Реализации_2026-06-08.xlsx took 0.022 seconds
[2026-06-09T14:23:50.453+0000] {processor.py:186} INFO - Started process (PID=34) to work on /opt/airflow/dags/cases/01-1c-excel-pipeline/data/samples/Реализации_2026-06-08.xlsx
[2026-06-09T14:23:50.454+0000] {processor.py:914} INFO - Processing file /opt/airflow/dags/cases/01-1c-excel-pipeline/data/samples/Реализации_2026-06-08.xlsx for tasks to queue
[2026-06-09T14:23:50.456+0000] {logging_mixin.py:190} INFO - [2026-06-09T14:23:50.456+0000] {dagbag.py:588} INFO - Filling up the DagBag from /opt/airflow/dags/cases/01-1c-excel-pipeline/data/samples/Реализации_2026-06-08.xlsx
[2026-06-09T14:23:50.461+0000] {processor.py:927} WARNING - No viable dags retrieved from /opt/airflow/dags/cases/01-1c-excel-pipeline/data/samples/Реализации_2026-06-08.xlsx
[2026-06-09T14:23:50.475+0000] {processor.py:208} INFO - Processing /opt/airflow/dags/cases/01-1c-excel-pipeline/data/samples/Реализации_2026-06-08.xlsx took 0.025 seconds
[2026-06-09T14:24:06.784+0000] {processor.py:186} INFO - Started process (PID=37) to work on /opt/airflow/dags/cases/01-1c-excel-pipeline/data/samples/Реализации_2026-06-08.xlsx
[2026-06-09T14:24:06.786+0000] {processor.py:914} INFO - Processing file /opt/airflow/dags/cases/01-1c-excel-pipeline/data/samples/Реализации_2026-06-08.xlsx for tasks to queue
[2026-06-09T14:24:06.789+0000] {logging_mixin.py:190} INFO - [2026-06-09T14:24:06.789+0000] {dagbag.py:588} INFO - Filling up the DagBag from /opt/airflow/dags/cases/01-1c-excel-pipeline/data/samples/Реализации_2026-06-08.xlsx
[2026-06-09T14:24:06.792+0000] {processor.py:927} WARNING - No viable dags retrieved from /opt/airflow/dags/cases/01-1c-excel-pipeline/data/samples/Реализации_2026-06-08.xlsx
[2026-06-09T14:24:06.806+0000] {processor.py:208} INFO - Processing /opt/airflow/dags/cases/01-1c-excel-pipeline/data/samples/Реализации_2026-06-08.xlsx took 0.030 seconds
[2026-06-09T14:24:37.309+0000] {processor.py:186} INFO - Started process (PID=41) to work on /opt/airflow/dags/cases/01-1c-excel-pipeline/data/samples/Реализации_2026-06-08.xlsx
[2026-06-09T14:24:37.313+0000] {processor.py:914} INFO - Processing file /opt/airflow/dags/cases/01-1c-excel-pipeline/data/samples/Реализации_2026-06-08.xlsx for tasks to queue
[2026-06-09T14:24:37.320+0000] {logging_mixin.py:190} INFO - [2026-06-09T14:24:37.318+0000] {dagbag.py:588} INFO - Filling up the DagBag from /opt/airflow/dags/cases/01-1c-excel-pipeline/data/samples/Реализации_2026-06-08.xlsx
[2026-06-09T14:24:37.324+0000] {processor.py:927} WARNING - No viable dags retrieved from /opt/airflow/dags/cases/01-1c-excel-pipeline/data/samples/Реализации_2026-06-08.xlsx
[2026-06-09T14:24:37.349+0000] {processor.py:208} INFO - Processing /opt/airflow/dags/cases/01-1c-excel-pipeline/data/samples/Реализации_2026-06-08.xlsx took 0.052 seconds
[2026-06-09T14:25:07.856+0000] {processor.py:186} INFO - Started process (PID=45) to work on /opt/airflow/dags/cases/01-1c-excel-pipeline/data/samples/Реализации_2026-06-08.xlsx
[2026-06-09T14:25:07.859+0000] {processor.py:914} INFO - Processing file /opt/airflow/dags/cases/01-1c-excel-pipeline/data/samples/Реализации_2026-06-08.xlsx for tasks to queue
[2026-06-09T14:25:07.865+0000] {logging_mixin.py:190} INFO - [2026-06-09T14:25:07.864+0000] {dagbag.py:588} INFO - Filling up the DagBag from /opt/airflow/dags/cases/01-1c-excel-pipeline/data/samples/Реализации_2026-06-08.xlsx
[2026-06-09T14:25:07.868+0000] {processor.py:927} WARNING - No viable dags retrieved from /opt/airflow/dags/cases/01-1c-excel-pipeline/data/samples/Реализации_2026-06-08.xlsx
[2026-06-09T14:25:07.888+0000] {processor.py:208} INFO - Processing /opt/airflow/dags/cases/01-1c-excel-pipeline/data/samples/Реализации_2026-06-08.xlsx took 0.069 seconds
