[2026-06-09T12:30:01.732+0000] {manager.py:483} INFO - Processing files using up to 2 processes at a time 
[2026-06-09T12:30:01.733+0000] {manager.py:484} INFO - Process each file at most once every 30 seconds
[2026-06-09T12:30:01.733+0000] {manager.py:486} INFO - Checking for new files in /opt/airflow/dags every 300 seconds
[2026-06-09T12:30:01.733+0000] {manager.py:726} INFO - Searching for files in /opt/airflow/dags
[2026-06-09T12:30:01.737+0000] {manager.py:729} INFO - There are 1 files in /opt/airflow/dags
[2026-06-09T12:30:01.767+0000] {manager.py:851} INFO - 
================================================================================
DAG File Processing Stats

File Path                                                  PID  Runtime      # DAGs    # Errors  Last Runtime    Last Run
-------------------------------------------------------  -----  ---------  --------  ----------  --------------  ----------
/opt/airflow/dags/01-1c-excel-pipeline/dags/test_dag.py     35  0.01s             0           0
================================================================================
[2026-06-09T12:30:31.993+0000] {manager.py:851} INFO - 
================================================================================
DAG File Processing Stats

File Path                                                  PID  Runtime      # DAGs    # Errors  Last Runtime    Last Run
-------------------------------------------------------  -----  ---------  --------  ----------  --------------  -------------------
/opt/airflow/dags/01-1c-excel-pipeline/dags/test_dag.py     36  0.01s             1           0  0.07s           2026-06-09T12:30:01
================================================================================
[2026-06-09T12:31:02.273+0000] {manager.py:851} INFO - 
================================================================================
DAG File Processing Stats

File Path                                                  PID  Runtime      # DAGs    # Errors  Last Runtime    Last Run
-------------------------------------------------------  -----  ---------  --------  ----------  --------------  -------------------
/opt/airflow/dags/01-1c-excel-pipeline/dags/test_dag.py     37  0.00s             1           0  0.12s           2026-06-09T12:30:32
================================================================================
[2026-06-09T12:31:32.626+0000] {manager.py:851} INFO - 
================================================================================
DAG File Processing Stats

File Path                                                  PID  Runtime      # DAGs    # Errors  Last Runtime    Last Run
-------------------------------------------------------  -----  ---------  --------  ----------  --------------  -------------------
/opt/airflow/dags/01-1c-excel-pipeline/dags/test_dag.py     38  0.01s             1           0  0.10s           2026-06-09T12:31:02
================================================================================
[2026-06-09T12:32:02.890+0000] {manager.py:851} INFO - 
================================================================================
DAG File Processing Stats

File Path                                                  PID  Runtime      # DAGs    # Errors  Last Runtime    Last Run
-------------------------------------------------------  -----  ---------  --------  ----------  --------------  -------------------
/opt/airflow/dags/01-1c-excel-pipeline/dags/test_dag.py     39  0.00s             1           0  0.12s           2026-06-09T12:31:32
================================================================================
[2026-06-09T12:32:33.218+0000] {manager.py:851} INFO - 
================================================================================
DAG File Processing Stats

File Path                                                  PID  Runtime      # DAGs    # Errors  Last Runtime    Last Run
-------------------------------------------------------  -----  ---------  --------  ----------  --------------  -------------------
/opt/airflow/dags/01-1c-excel-pipeline/dags/test_dag.py     40  0.01s             1           0  0.09s           2026-06-09T12:32:02
================================================================================
[2026-06-09T12:33:03.540+0000] {manager.py:851} INFO - 
================================================================================
DAG File Processing Stats

File Path                                                  PID  Runtime      # DAGs    # Errors  Last Runtime    Last Run
-------------------------------------------------------  -----  ---------  --------  ----------  --------------  -------------------
/opt/airflow/dags/01-1c-excel-pipeline/dags/test_dag.py     41  0.00s             1           0  0.12s           2026-06-09T12:32:33
================================================================================
[2026-06-09T12:33:33.887+0000] {manager.py:851} INFO - 
================================================================================
DAG File Processing Stats

File Path                                                  PID  Runtime      # DAGs    # Errors  Last Runtime    Last Run
-------------------------------------------------------  -----  ---------  --------  ----------  --------------  -------------------
/opt/airflow/dags/01-1c-excel-pipeline/dags/test_dag.py     42  0.01s             1           0  0.09s           2026-06-09T12:33:03
================================================================================
[2026-06-09T12:34:04.248+0000] {manager.py:851} INFO - 
================================================================================
DAG File Processing Stats

File Path                                                  PID  Runtime      # DAGs    # Errors  Last Runtime    Last Run
-------------------------------------------------------  -----  ---------  --------  ----------  --------------  -------------------
/opt/airflow/dags/01-1c-excel-pipeline/dags/test_dag.py     43  0.01s             1           0  0.09s           2026-06-09T12:33:33
================================================================================
[2026-06-09T12:34:34.534+0000] {manager.py:851} INFO - 
================================================================================
DAG File Processing Stats

File Path                                                  PID  Runtime      # DAGs    # Errors  Last Runtime    Last Run
-------------------------------------------------------  -----  ---------  --------  ----------  --------------  -------------------
/opt/airflow/dags/01-1c-excel-pipeline/dags/test_dag.py     60  0.01s             1           0  0.14s           2026-06-09T12:34:04
================================================================================
[2026-06-09T12:35:01.818+0000] {manager.py:726} INFO - Searching for files in /opt/airflow/dags
[2026-06-09T12:35:01.826+0000] {manager.py:729} INFO - There are 2 files in /opt/airflow/dags
[2026-06-09T12:35:04.872+0000] {manager.py:851} INFO - 
================================================================================
DAG File Processing Stats

File Path                                                    PID  Runtime      # DAGs    # Errors  Last Runtime    Last Run
---------------------------------------------------------  -----  ---------  --------  ----------  --------------  -------------------
/opt/airflow/dags/01-1c-excel-pipeline/dags/test_dag.py       63  0.00s             1           0  0.13s           2026-06-09T12:34:34
/opt/airflow/dags/01-1c-excel-pipeline/dags/orders_etl.py                           1           0  0.24s           2026-06-09T12:35:02
================================================================================
[2026-06-09T12:35:35.180+0000] {manager.py:851} INFO - 
================================================================================
DAG File Processing Stats

File Path                                                    PID  Runtime      # DAGs    # Errors  Last Runtime    Last Run
---------------------------------------------------------  -----  ---------  --------  ----------  --------------  -------------------
/opt/airflow/dags/01-1c-excel-pipeline/dags/test_dag.py       66  0.01s             1           0  0.08s           2026-06-09T12:35:04
/opt/airflow/dags/01-1c-excel-pipeline/dags/orders_etl.py                           1           0  0.27s           2026-06-09T12:35:32
================================================================================
[2026-06-09T12:36:05.458+0000] {manager.py:851} INFO - 
================================================================================
DAG File Processing Stats

File Path                                                    PID  Runtime      # DAGs    # Errors  Last Runtime    Last Run
---------------------------------------------------------  -----  ---------  --------  ----------  --------------  -------------------
/opt/airflow/dags/01-1c-excel-pipeline/dags/test_dag.py       69  0.00s             1           0  0.08s           2026-06-09T12:35:35
/opt/airflow/dags/01-1c-excel-pipeline/dags/orders_etl.py                           1           0  0.19s           2026-06-09T12:36:02
================================================================================
[2026-06-09T12:36:35.807+0000] {manager.py:851} INFO - 
================================================================================
DAG File Processing Stats

File Path                                                    PID  Runtime      # DAGs    # Errors  Last Runtime    Last Run
---------------------------------------------------------  -----  ---------  --------  ----------  --------------  -------------------
/opt/airflow/dags/01-1c-excel-pipeline/dags/test_dag.py       72  0.00s             1           0  0.09s           2026-06-09T12:36:05
/opt/airflow/dags/01-1c-excel-pipeline/dags/orders_etl.py                           1           0  0.34s           2026-06-09T12:36:33
================================================================================
[2026-06-09T12:37:06.160+0000] {manager.py:851} INFO - 
================================================================================
DAG File Processing Stats

File Path                                                    PID  Runtime      # DAGs    # Errors  Last Runtime    Last Run
---------------------------------------------------------  -----  ---------  --------  ----------  --------------  -------------------
/opt/airflow/dags/01-1c-excel-pipeline/dags/test_dag.py       75  0.00s             1           0  0.09s           2026-06-09T12:36:35
/opt/airflow/dags/01-1c-excel-pipeline/dags/orders_etl.py                           1           0  0.32s           2026-06-09T12:37:03
================================================================================
[2026-06-09T12:37:36.551+0000] {manager.py:851} INFO - 
================================================================================
DAG File Processing Stats

File Path                                                    PID  Runtime      # DAGs    # Errors  Last Runtime    Last Run
---------------------------------------------------------  -----  ---------  --------  ----------  --------------  -------------------
/opt/airflow/dags/01-1c-excel-pipeline/dags/test_dag.py       78  0.01s             1           0  0.10s           2026-06-09T12:37:06
/opt/airflow/dags/01-1c-excel-pipeline/dags/orders_etl.py                           1           0  0.31s           2026-06-09T12:37:33
================================================================================
[2026-06-09T12:38:06.892+0000] {manager.py:851} INFO - 
================================================================================
DAG File Processing Stats

File Path                                                    PID  Runtime      # DAGs    # Errors  Last Runtime    Last Run
---------------------------------------------------------  -----  ---------  --------  ----------  --------------  -------------------
/opt/airflow/dags/01-1c-excel-pipeline/dags/test_dag.py       81  0.01s             1           0  0.10s           2026-06-09T12:37:36
/opt/airflow/dags/01-1c-excel-pipeline/dags/orders_etl.py                           1           0  0.32s           2026-06-09T12:38:04
================================================================================
[2026-06-09T12:38:37.291+0000] {manager.py:851} INFO - 
================================================================================
DAG File Processing Stats

File Path                                                    PID  Runtime      # DAGs    # Errors  Last Runtime    Last Run
---------------------------------------------------------  -----  ---------  --------  ----------  --------------  -------------------
/opt/airflow/dags/01-1c-excel-pipeline/dags/test_dag.py       84  0.02s             1           0  0.10s           2026-06-09T12:38:06
/opt/airflow/dags/01-1c-excel-pipeline/dags/orders_etl.py                           1           0  0.34s           2026-06-09T12:38:34
================================================================================
[2026-06-09T12:39:05.049+0000] {manager.py:465} INFO - Exiting gracefully upon receiving signal 15
[2026-06-09T12:45:36.331+0000] {manager.py:483} INFO - Processing files using up to 2 processes at a time 
[2026-06-09T12:45:36.332+0000] {manager.py:484} INFO - Process each file at most once every 30 seconds
[2026-06-09T12:45:36.332+0000] {manager.py:485} INFO - Checking for new files in /opt/airflow/dags every 300 seconds
[2026-06-09T12:45:36.332+0000] {manager.py:821} INFO - Searching for files in /opt/airflow/dags
[2026-06-09T12:45:36.337+0000] {manager.py:824} INFO - There are 2 files in /opt/airflow/dags
[2026-06-09T12:45:36.381+0000] {manager.py:997} INFO - 
================================================================================
DAG File Processing Stats

File Path                                                    PID  Runtime      # DAGs    # Errors  Last Runtime    Last Run      Last # of DB Queries
---------------------------------------------------------  -----  ---------  --------  ----------  --------------  ----------  ----------------------
/opt/airflow/dags/01-1c-excel-pipeline/dags/test_dag.py       33  0.01s             0           0                                                   0
/opt/airflow/dags/01-1c-excel-pipeline/dags/orders_etl.py     32  0.02s             0           0                                                   0
================================================================================
[2026-06-09T12:46:06.778+0000] {manager.py:997} INFO - 
================================================================================
DAG File Processing Stats

File Path                                                    PID  Runtime      # DAGs    # Errors  Last Runtime    Last Run               Last # of DB Queries
---------------------------------------------------------  -----  ---------  --------  ----------  --------------  -------------------  ----------------------
/opt/airflow/dags/01-1c-excel-pipeline/dags/orders_etl.py                           1           0  1.22s           2026-06-09T12:45:37                      11
/opt/airflow/dags/01-1c-excel-pipeline/dags/test_dag.py       34  0.01s             1           0  0.09s           2026-06-09T12:45:36                      11
================================================================================
[2026-06-09T12:46:37.388+0000] {manager.py:997} INFO - 
================================================================================
DAG File Processing Stats

File Path                                                    PID  Runtime      # DAGs    # Errors  Last Runtime    Last Run               Last # of DB Queries
---------------------------------------------------------  -----  ---------  --------  ----------  --------------  -------------------  ----------------------
/opt/airflow/dags/01-1c-excel-pipeline/dags/orders_etl.py                           1           0  0.44s           2026-06-09T12:46:08                      34
/opt/airflow/dags/01-1c-excel-pipeline/dags/test_dag.py       36  0.00s             1           0  0.25s           2026-06-09T12:46:07                      34
================================================================================
[2026-06-09T12:47:07.830+0000] {manager.py:997} INFO - 
================================================================================
DAG File Processing Stats

File Path                                                    PID  Runtime      # DAGs    # Errors  Last Runtime    Last Run               Last # of DB Queries
---------------------------------------------------------  -----  ---------  --------  ----------  --------------  -------------------  ----------------------
/opt/airflow/dags/01-1c-excel-pipeline/dags/orders_etl.py                           1           0  0.33s           2026-06-09T12:46:38                      12
/opt/airflow/dags/01-1c-excel-pipeline/dags/test_dag.py       38  0.02s             1           0  0.08s           2026-06-09T12:46:37                      12
================================================================================
[2026-06-09T12:47:38.333+0000] {manager.py:997} INFO - 
================================================================================
DAG File Processing Stats

File Path                                                    PID  Runtime      # DAGs    # Errors  Last Runtime    Last Run               Last # of DB Queries
---------------------------------------------------------  -----  ---------  --------  ----------  --------------  -------------------  ----------------------
/opt/airflow/dags/01-1c-excel-pipeline/dags/orders_etl.py                           1           0  0.44s           2026-06-09T12:47:09                      12
/opt/airflow/dags/01-1c-excel-pipeline/dags/test_dag.py       40  0.01s             1           0  0.14s           2026-06-09T12:47:07                      12
================================================================================
[2026-06-09T12:48:08.776+0000] {manager.py:997} INFO - 
================================================================================
DAG File Processing Stats

File Path                                                    PID  Runtime      # DAGs    # Errors  Last Runtime    Last Run               Last # of DB Queries
---------------------------------------------------------  -----  ---------  --------  ----------  --------------  -------------------  ----------------------
/opt/airflow/dags/01-1c-excel-pipeline/dags/orders_etl.py                           1           0  0.45s           2026-06-09T12:47:39                      12
/opt/airflow/dags/01-1c-excel-pipeline/dags/test_dag.py       42  0.01s             1           0  0.09s           2026-06-09T12:47:38                      12
================================================================================
[2026-06-09T12:48:39.263+0000] {manager.py:997} INFO - 
================================================================================
DAG File Processing Stats

File Path                                                    PID  Runtime      # DAGs    # Errors  Last Runtime    Last Run               Last # of DB Queries
---------------------------------------------------------  -----  ---------  --------  ----------  --------------  -------------------  ----------------------
/opt/airflow/dags/01-1c-excel-pipeline/dags/orders_etl.py                           1           0  0.46s           2026-06-09T12:48:10                      12
/opt/airflow/dags/01-1c-excel-pipeline/dags/test_dag.py       44  0.01s             1           0  0.10s           2026-06-09T12:48:08                      12
================================================================================
[2026-06-09T12:49:09.733+0000] {manager.py:997} INFO - 
================================================================================
DAG File Processing Stats

File Path                                                    PID  Runtime      # DAGs    # Errors  Last Runtime    Last Run               Last # of DB Queries
---------------------------------------------------------  -----  ---------  --------  ----------  --------------  -------------------  ----------------------
/opt/airflow/dags/01-1c-excel-pipeline/dags/orders_etl.py                           1           0  0.39s           2026-06-09T12:48:40                      12
/opt/airflow/dags/01-1c-excel-pipeline/dags/test_dag.py       46  0.00s             1           0  0.09s           2026-06-09T12:48:39                      12
================================================================================
[2026-06-09T12:49:40.223+0000] {manager.py:997} INFO - 
================================================================================
DAG File Processing Stats

File Path                                                    PID  Runtime      # DAGs    # Errors  Last Runtime    Last Run               Last # of DB Queries
---------------------------------------------------------  -----  ---------  --------  ----------  --------------  -------------------  ----------------------
/opt/airflow/dags/01-1c-excel-pipeline/dags/orders_etl.py                           1           0  0.33s           2026-06-09T12:49:11                      12
/opt/airflow/dags/01-1c-excel-pipeline/dags/test_dag.py       48  0.01s             1           0  0.08s           2026-06-09T12:49:09                      12
================================================================================
[2026-06-09T12:50:10.768+0000] {manager.py:997} INFO - 
================================================================================
DAG File Processing Stats

File Path                                                    PID  Runtime      # DAGs    # Errors  Last Runtime    Last Run               Last # of DB Queries
---------------------------------------------------------  -----  ---------  --------  ----------  --------------  -------------------  ----------------------
/opt/airflow/dags/01-1c-excel-pipeline/dags/orders_etl.py                           1           0  0.36s           2026-06-09T12:49:41                      12
/opt/airflow/dags/01-1c-excel-pipeline/dags/test_dag.py       50  0.00s             1           0  0.29s           2026-06-09T12:49:40                      12
================================================================================
[2026-06-09T12:50:36.631+0000] {manager.py:821} INFO - Searching for files in /opt/airflow/dags
[2026-06-09T12:50:36.649+0000] {manager.py:824} INFO - There are 3 files in /opt/airflow/dags
[2026-06-09T12:50:41.745+0000] {manager.py:997} INFO - 
================================================================================
DAG File Processing Stats

File Path                                                                               PID  Runtime      # DAGs    # Errors  Last Runtime    Last Run               Last # of DB Queries
------------------------------------------------------------------------------------  -----  ---------  --------  ----------  --------------  -------------------  ----------------------
/opt/airflow/dags/01-1c-excel-pipeline/dags/orders_etl.py                                                      1           0  0.56s           2026-06-09T12:50:12                      12
/opt/airflow/dags/01-1c-excel-pipeline/dags/test_dag.py                                  53  0.01s             1           0  0.56s           2026-06-09T12:50:11                      12
/opt/airflow/dags/cases/01-1c-excel-pipeline/data/samples/Реализации_2025-06-07.xlsx                           0           0  0.05s           2026-06-09T12:50:36                       3
================================================================================
[2026-06-09T12:51:12.215+0000] {manager.py:997} INFO - 
================================================================================
DAG File Processing Stats

File Path                                                                               PID  Runtime      # DAGs    # Errors  Last Runtime    Last Run               Last # of DB Queries
------------------------------------------------------------------------------------  -----  ---------  --------  ----------  --------------  -------------------  ----------------------
/opt/airflow/dags/01-1c-excel-pipeline/dags/orders_etl.py                                                      1           0  0.43s           2026-06-09T12:50:43                      12
/opt/airflow/dags/01-1c-excel-pipeline/dags/test_dag.py                                  56  0.00s             1           0  0.10s           2026-06-09T12:50:41                      12
/opt/airflow/dags/cases/01-1c-excel-pipeline/data/samples/Реализации_2025-06-07.xlsx                           0           0  0.04s           2026-06-09T12:51:07                       3
================================================================================
[2026-06-09T12:51:42.653+0000] {manager.py:997} INFO - 
================================================================================
DAG File Processing Stats

File Path                                                                               PID  Runtime      # DAGs    # Errors  Last Runtime    Last Run               Last # of DB Queries
------------------------------------------------------------------------------------  -----  ---------  --------  ----------  --------------  -------------------  ----------------------
/opt/airflow/dags/01-1c-excel-pipeline/dags/orders_etl.py                                                      1           0  0.31s           2026-06-09T12:51:13                      12
/opt/airflow/dags/01-1c-excel-pipeline/dags/test_dag.py                                  59  0.01s             1           0  0.08s           2026-06-09T12:51:12                      12
/opt/airflow/dags/cases/01-1c-excel-pipeline/data/samples/Реализации_2025-06-07.xlsx                           0           0  0.06s           2026-06-09T12:51:37                       3
================================================================================
[2026-06-09T12:52:13.367+0000] {manager.py:997} INFO - 
================================================================================
DAG File Processing Stats

File Path                                                                               PID  Runtime      # DAGs    # Errors  Last Runtime    Last Run               Last # of DB Queries
------------------------------------------------------------------------------------  -----  ---------  --------  ----------  --------------  -------------------  ----------------------
/opt/airflow/dags/01-1c-excel-pipeline/dags/orders_etl.py                                                      1           0  0.36s           2026-06-09T12:51:44                      12
/opt/airflow/dags/01-1c-excel-pipeline/dags/test_dag.py                                  62  0.00s             1           0  0.32s           2026-06-09T12:51:42                      12
/opt/airflow/dags/cases/01-1c-excel-pipeline/data/samples/Реализации_2025-06-07.xlsx                           0           0  0.06s           2026-06-09T12:52:08                       3
================================================================================
[2026-06-09T12:52:43.993+0000] {manager.py:997} INFO - 
================================================================================
DAG File Processing Stats

File Path                                                                               PID  Runtime      # DAGs    # Errors  Last Runtime    Last Run               Last # of DB Queries
------------------------------------------------------------------------------------  -----  ---------  --------  ----------  --------------  -------------------  ----------------------
/opt/airflow/dags/01-1c-excel-pipeline/dags/orders_etl.py                                                      1           0  0.34s           2026-06-09T12:52:14                      12
/opt/airflow/dags/01-1c-excel-pipeline/dags/test_dag.py                                  65  0.00s             1           0  0.25s           2026-06-09T12:52:13                      12
/opt/airflow/dags/cases/01-1c-excel-pipeline/data/samples/Реализации_2025-06-07.xlsx                           0           0  0.06s           2026-06-09T12:52:38                       3
================================================================================
[2026-06-09T12:53:14.449+0000] {manager.py:997} INFO - 
================================================================================
DAG File Processing Stats

File Path                                                                               PID  Runtime      # DAGs    # Errors  Last Runtime    Last Run               Last # of DB Queries
------------------------------------------------------------------------------------  -----  ---------  --------  ----------  --------------  -------------------  ----------------------
/opt/airflow/dags/01-1c-excel-pipeline/dags/orders_etl.py                                                      1           0  0.35s           2026-06-09T12:52:45                      12
/opt/airflow/dags/01-1c-excel-pipeline/dags/test_dag.py                                  68  0.01s             1           0  0.09s           2026-06-09T12:52:44                      12
/opt/airflow/dags/cases/01-1c-excel-pipeline/data/samples/Реализации_2025-06-07.xlsx                           0           0  0.06s           2026-06-09T12:53:09                       3
================================================================================
[2026-06-09T12:53:44.885+0000] {manager.py:997} INFO - 
================================================================================
DAG File Processing Stats

File Path                                                                               PID  Runtime      # DAGs    # Errors  Last Runtime    Last Run               Last # of DB Queries
------------------------------------------------------------------------------------  -----  ---------  --------  ----------  --------------  -------------------  ----------------------
/opt/airflow/dags/01-1c-excel-pipeline/dags/orders_etl.py                                                      1           0  0.41s           2026-06-09T12:53:15                      12
/opt/airflow/dags/01-1c-excel-pipeline/dags/test_dag.py                                  71  0.00s             1           0  0.10s           2026-06-09T12:53:14                      12
/opt/airflow/dags/cases/01-1c-excel-pipeline/data/samples/Реализации_2025-06-07.xlsx                           0           0  0.03s           2026-06-09T12:53:39                       3
================================================================================
[2026-06-09T12:54:15.410+0000] {manager.py:997} INFO - 
================================================================================
DAG File Processing Stats

File Path                                                                               PID  Runtime      # DAGs    # Errors  Last Runtime    Last Run               Last # of DB Queries
------------------------------------------------------------------------------------  -----  ---------  --------  ----------  --------------  -------------------  ----------------------
/opt/airflow/dags/01-1c-excel-pipeline/dags/orders_etl.py                                                      1           0  0.29s           2026-06-09T12:53:46                      12
/opt/airflow/dags/01-1c-excel-pipeline/dags/test_dag.py                                  74  0.00s             1           0  0.18s           2026-06-09T12:53:45                      12
/opt/airflow/dags/cases/01-1c-excel-pipeline/data/samples/Реализации_2025-06-07.xlsx                           0           0  0.03s           2026-06-09T12:54:10                       3
================================================================================
[2026-06-09T12:54:45.872+0000] {manager.py:997} INFO - 
================================================================================
DAG File Processing Stats

File Path                                                                               PID  Runtime      # DAGs    # Errors  Last Runtime    Last Run               Last # of DB Queries
------------------------------------------------------------------------------------  -----  ---------  --------  ----------  --------------  -------------------  ----------------------
/opt/airflow/dags/01-1c-excel-pipeline/dags/orders_etl.py                                                      1           0  0.29s           2026-06-09T12:54:16                      12
/opt/airflow/dags/01-1c-excel-pipeline/dags/test_dag.py                                  77  0.00s             1           0  0.14s           2026-06-09T12:54:15                      12
/opt/airflow/dags/cases/01-1c-excel-pipeline/data/samples/Реализации_2025-06-07.xlsx                           0           0  0.03s           2026-06-09T12:54:40                       3
================================================================================
[2026-06-09T12:55:16.308+0000] {manager.py:997} INFO - 
================================================================================
DAG File Processing Stats

File Path                                                                               PID  Runtime      # DAGs    # Errors  Last Runtime    Last Run               Last # of DB Queries
------------------------------------------------------------------------------------  -----  ---------  --------  ----------  --------------  -------------------  ----------------------
/opt/airflow/dags/01-1c-excel-pipeline/dags/orders_etl.py                                                      1           0  0.32s           2026-06-09T12:54:47                      12
/opt/airflow/dags/01-1c-excel-pipeline/dags/test_dag.py                                  80  0.00s             1           0  0.07s           2026-06-09T12:54:45                      12
/opt/airflow/dags/cases/01-1c-excel-pipeline/data/samples/Реализации_2025-06-07.xlsx                           0           0  0.04s           2026-06-09T12:55:11                       3
================================================================================
[2026-06-09T12:55:36.907+0000] {manager.py:821} INFO - Searching for files in /opt/airflow/dags
[2026-06-09T12:55:36.923+0000] {manager.py:824} INFO - There are 4 files in /opt/airflow/dags
[2026-06-09T12:55:47.096+0000] {manager.py:997} INFO - 
================================================================================
DAG File Processing Stats

File Path                                                                               PID  Runtime      # DAGs    # Errors  Last Runtime    Last Run               Last # of DB Queries
------------------------------------------------------------------------------------  -----  ---------  --------  ----------  --------------  -------------------  ----------------------
/opt/airflow/dags/01-1c-excel-pipeline/dags/orders_etl.py                                                      1           0  0.34s           2026-06-09T12:55:17                      12
/opt/airflow/dags/01-1c-excel-pipeline/dags/test_dag.py                                  84  0.00s             1           0  0.07s           2026-06-09T12:55:16                      12
/opt/airflow/dags/cases/01-1c-excel-pipeline/data/samples/Реализации_2025-06-07.xlsx                           0           0  0.04s           2026-06-09T12:55:42                       3
/opt/airflow/dags/cases/01-1c-excel-pipeline/data/samples/Реализации_2026-06-08.xlsx                           0           0  0.04s           2026-06-09T12:55:36                       3
================================================================================
[2026-06-09T12:56:17.575+0000] {manager.py:997} INFO - 
================================================================================
DAG File Processing Stats

File Path                                                                               PID  Runtime      # DAGs    # Errors  Last Runtime    Last Run               Last # of DB Queries
------------------------------------------------------------------------------------  -----  ---------  --------  ----------  --------------  -------------------  ----------------------
/opt/airflow/dags/01-1c-excel-pipeline/dags/orders_etl.py                                                      1           0  0.29s           2026-06-09T12:55:48                      12
/opt/airflow/dags/01-1c-excel-pipeline/dags/test_dag.py                                  88  0.00s             1           0  0.16s           2026-06-09T12:55:47                      12
/opt/airflow/dags/cases/01-1c-excel-pipeline/data/samples/Реализации_2026-06-08.xlsx                           0           0  0.05s           2026-06-09T12:56:07                       3
/opt/airflow/dags/cases/01-1c-excel-pipeline/data/samples/Реализации_2025-06-07.xlsx                           0           0  0.03s           2026-06-09T12:56:12                       3
================================================================================
[2026-06-09T12:56:48.123+0000] {manager.py:997} INFO - 
================================================================================
DAG File Processing Stats

File Path                                                                               PID  Runtime      # DAGs    # Errors  Last Runtime    Last Run               Last # of DB Queries
------------------------------------------------------------------------------------  -----  ---------  --------  ----------  --------------  -------------------  ----------------------
/opt/airflow/dags/01-1c-excel-pipeline/dags/orders_etl.py                                                      1           0  0.30s           2026-06-09T12:56:18                      12
/opt/airflow/dags/01-1c-excel-pipeline/dags/test_dag.py                                  92  0.00s             1           0  0.18s           2026-06-09T12:56:17                      12
/opt/airflow/dags/cases/01-1c-excel-pipeline/data/samples/Реализации_2025-06-07.xlsx                           0           0  0.05s           2026-06-09T12:56:43                       3
/opt/airflow/dags/cases/01-1c-excel-pipeline/data/samples/Реализации_2026-06-08.xlsx                           0           0  0.04s           2026-06-09T12:56:38                       3
================================================================================
[2026-06-09T12:57:18.647+0000] {manager.py:997} INFO - 
================================================================================
DAG File Processing Stats

File Path                                                                               PID  Runtime      # DAGs    # Errors  Last Runtime    Last Run               Last # of DB Queries
------------------------------------------------------------------------------------  -----  ---------  --------  ----------  --------------  -------------------  ----------------------
/opt/airflow/dags/01-1c-excel-pipeline/dags/orders_etl.py                                                      1           0  0.36s           2026-06-09T12:56:49                      12
/opt/airflow/dags/01-1c-excel-pipeline/dags/test_dag.py                                  96  0.01s             1           0  0.09s           2026-06-09T12:56:48                      12
/opt/airflow/dags/cases/01-1c-excel-pipeline/data/samples/Реализации_2025-06-07.xlsx                           0           0  0.05s           2026-06-09T12:57:13                       3
/opt/airflow/dags/cases/01-1c-excel-pipeline/data/samples/Реализации_2026-06-08.xlsx                           0           0  0.04s           2026-06-09T12:57:08                       3
================================================================================
[2026-06-09T12:57:49.226+0000] {manager.py:997} INFO - 
================================================================================
DAG File Processing Stats

File Path                                                                               PID  Runtime      # DAGs    # Errors  Last Runtime    Last Run               Last # of DB Queries
------------------------------------------------------------------------------------  -----  ---------  --------  ----------  --------------  -------------------  ----------------------
/opt/airflow/dags/01-1c-excel-pipeline/dags/orders_etl.py                                                      1           0  0.42s           2026-06-09T12:57:20                      12
/opt/airflow/dags/01-1c-excel-pipeline/dags/test_dag.py                                 100  0.00s             1           0  0.08s           2026-06-09T12:57:18                      12
/opt/airflow/dags/cases/01-1c-excel-pipeline/data/samples/Реализации_2025-06-07.xlsx                           0           0  0.05s           2026-06-09T12:57:44                       3
/opt/airflow/dags/cases/01-1c-excel-pipeline/data/samples/Реализации_2026-06-08.xlsx                           0           0  0.04s           2026-06-09T12:57:39                       3
================================================================================
[2026-06-09T12:58:19.723+0000] {manager.py:997} INFO - 
================================================================================
DAG File Processing Stats

File Path                                                                               PID  Runtime      # DAGs    # Errors  Last Runtime    Last Run               Last # of DB Queries
------------------------------------------------------------------------------------  -----  ---------  --------  ----------  --------------  -------------------  ----------------------
/opt/airflow/dags/01-1c-excel-pipeline/dags/orders_etl.py                                                      1           0  0.31s           2026-06-09T12:57:50                      12
/opt/airflow/dags/01-1c-excel-pipeline/dags/test_dag.py                                 104  0.01s             1           0  0.17s           2026-06-09T12:57:49                      12
/opt/airflow/dags/cases/01-1c-excel-pipeline/data/samples/Реализации_2026-06-08.xlsx                           0           0  0.05s           2026-06-09T12:58:09                       3
/opt/airflow/dags/cases/01-1c-excel-pipeline/data/samples/Реализации_2025-06-07.xlsx                           0           0  0.05s           2026-06-09T12:58:14                       3
================================================================================
[2026-06-09T12:58:50.565+0000] {manager.py:997} INFO - 
================================================================================
DAG File Processing Stats

File Path                                                                               PID  Runtime      # DAGs    # Errors  Last Runtime    Last Run               Last # of DB Queries
------------------------------------------------------------------------------------  -----  ---------  --------  ----------  --------------  -------------------  ----------------------
/opt/airflow/dags/01-1c-excel-pipeline/dags/test_dag.py                                 108  0.01s             1           0  0.36s           2026-06-09T12:58:20                      12
/opt/airflow/dags/01-1c-excel-pipeline/dags/orders_etl.py                                                      1           0  0.35s           2026-06-09T12:58:21                      12
/opt/airflow/dags/cases/01-1c-excel-pipeline/data/samples/Реализации_2026-06-08.xlsx                           0           0  0.04s           2026-06-09T12:58:40                       3
/opt/airflow/dags/cases/01-1c-excel-pipeline/data/samples/Реализации_2025-06-07.xlsx                           0           0  0.04s           2026-06-09T12:58:45                       3
================================================================================
[2026-06-09T12:59:21.084+0000] {manager.py:997} INFO - 
================================================================================
DAG File Processing Stats

File Path                                                                               PID  Runtime      # DAGs    # Errors  Last Runtime    Last Run               Last # of DB Queries
------------------------------------------------------------------------------------  -----  ---------  --------  ----------  --------------  -------------------  ----------------------
/opt/airflow/dags/01-1c-excel-pipeline/dags/orders_etl.py                                                      1           0  0.29s           2026-06-09T12:58:51                      12
/opt/airflow/dags/01-1c-excel-pipeline/dags/test_dag.py                                 112  0.00s             1           0  0.08s           2026-06-09T12:58:50                      12
/opt/airflow/dags/cases/01-1c-excel-pipeline/data/samples/Реализации_2026-06-08.xlsx                           0           0  0.05s           2026-06-09T12:59:10                       3
/opt/airflow/dags/cases/01-1c-excel-pipeline/data/samples/Реализации_2025-06-07.xlsx                           0           0  0.04s           2026-06-09T12:59:16                       3
================================================================================
[2026-06-09T12:59:51.638+0000] {manager.py:997} INFO - 
================================================================================
DAG File Processing Stats

File Path                                                                               PID  Runtime      # DAGs    # Errors  Last Runtime    Last Run               Last # of DB Queries
------------------------------------------------------------------------------------  -----  ---------  --------  ----------  --------------  -------------------  ----------------------
/opt/airflow/dags/01-1c-excel-pipeline/dags/orders_etl.py                                                      1           0  0.31s           2026-06-09T12:59:22                      12
/opt/airflow/dags/01-1c-excel-pipeline/dags/test_dag.py                                 116  0.01s             1           0  0.07s           2026-06-09T12:59:21                      12
/opt/airflow/dags/cases/01-1c-excel-pipeline/data/samples/Реализации_2025-06-07.xlsx                           0           0  0.05s           2026-06-09T12:59:46                       3
/opt/airflow/dags/cases/01-1c-excel-pipeline/data/samples/Реализации_2026-06-08.xlsx                           0           0  0.05s           2026-06-09T12:59:41                       3
================================================================================
[2026-06-09T13:00:22.345+0000] {manager.py:997} INFO - 
================================================================================
DAG File Processing Stats

File Path                                                                               PID  Runtime      # DAGs    # Errors  Last Runtime    Last Run               Last # of DB Queries
------------------------------------------------------------------------------------  -----  ---------  --------  ----------  --------------  -------------------  ----------------------
/opt/airflow/dags/01-1c-excel-pipeline/dags/orders_etl.py                                                      1           0  0.31s           2026-06-09T12:59:52                      12
/opt/airflow/dags/01-1c-excel-pipeline/dags/test_dag.py                                 120  0.01s             1           0  0.24s           2026-06-09T12:59:51                      12
/opt/airflow/dags/cases/01-1c-excel-pipeline/data/samples/Реализации_2026-06-08.xlsx                           0           0  0.06s           2026-06-09T13:00:12                       3
/opt/airflow/dags/cases/01-1c-excel-pipeline/data/samples/Реализации_2025-06-07.xlsx                           0           0  0.05s           2026-06-09T13:00:17                       3
================================================================================
[2026-06-09T13:00:37.711+0000] {manager.py:821} INFO - Searching for files in /opt/airflow/dags
[2026-06-09T13:00:37.728+0000] {manager.py:824} INFO - There are 4 files in /opt/airflow/dags
[2026-06-09T13:00:53.004+0000] {manager.py:997} INFO - 
================================================================================
DAG File Processing Stats

File Path                                                                               PID  Runtime      # DAGs    # Errors  Last Runtime    Last Run               Last # of DB Queries
------------------------------------------------------------------------------------  -----  ---------  --------  ----------  --------------  -------------------  ----------------------
/opt/airflow/dags/01-1c-excel-pipeline/dags/orders_etl.py                                                      1           0  0.29s           2026-06-09T13:00:23                      12
/opt/airflow/dags/01-1c-excel-pipeline/dags/test_dag.py                                 124  0.00s             1           0  0.18s           2026-06-09T13:00:22                      12
/opt/airflow/dags/cases/01-1c-excel-pipeline/data/samples/Реализации_2026-06-08.xlsx                           0           0  0.05s           2026-06-09T13:00:42                       3
/opt/airflow/dags/cases/01-1c-excel-pipeline/data/samples/Реализации_2025-06-07.xlsx                           0           0  0.04s           2026-06-09T13:00:47                       3
================================================================================
[2026-06-09T13:01:23.503+0000] {manager.py:997} INFO - 
================================================================================
DAG File Processing Stats

File Path                                                                               PID  Runtime      # DAGs    # Errors  Last Runtime    Last Run               Last # of DB Queries
------------------------------------------------------------------------------------  -----  ---------  --------  ----------  --------------  -------------------  ----------------------
/opt/airflow/dags/01-1c-excel-pipeline/dags/orders_etl.py                                                      1           0  0.34s           2026-06-09T13:00:54                      12
/opt/airflow/dags/01-1c-excel-pipeline/dags/test_dag.py                                 128  0.00s             1           0  0.09s           2026-06-09T13:00:53                      12
/opt/airflow/dags/cases/01-1c-excel-pipeline/data/samples/Реализации_2025-06-07.xlsx                           0           0  0.04s           2026-06-09T13:01:18                       3
/opt/airflow/dags/cases/01-1c-excel-pipeline/data/samples/Реализации_2026-06-08.xlsx                           0           0  0.02s           2026-06-09T13:01:13                       3
================================================================================
[2026-06-09T13:01:54.039+0000] {manager.py:997} INFO - 
================================================================================
DAG File Processing Stats

File Path                                                                               PID  Runtime      # DAGs    # Errors  Last Runtime    Last Run               Last # of DB Queries
------------------------------------------------------------------------------------  -----  ---------  --------  ----------  --------------  -------------------  ----------------------
/opt/airflow/dags/01-1c-excel-pipeline/dags/orders_etl.py                                                      1           0  0.30s           2026-06-09T13:01:24                      12
/opt/airflow/dags/01-1c-excel-pipeline/dags/test_dag.py                                 132  0.00s             1           0  0.08s           2026-06-09T13:01:23                      12
/opt/airflow/dags/cases/01-1c-excel-pipeline/data/samples/Реализации_2026-06-08.xlsx                           0           0  0.04s           2026-06-09T13:01:43                       3
/opt/airflow/dags/cases/01-1c-excel-pipeline/data/samples/Реализации_2025-06-07.xlsx                           0           0  0.04s           2026-06-09T13:01:49                       3
================================================================================
[2026-06-09T13:02:24.641+0000] {manager.py:997} INFO - 
================================================================================
DAG File Processing Stats

File Path                                                                               PID  Runtime      # DAGs    # Errors  Last Runtime    Last Run               Last # of DB Queries
------------------------------------------------------------------------------------  -----  ---------  --------  ----------  --------------  -------------------  ----------------------
/opt/airflow/dags/01-1c-excel-pipeline/dags/orders_etl.py                                                      1           0  0.34s           2026-06-09T13:01:55                      12
/opt/airflow/dags/01-1c-excel-pipeline/dags/test_dag.py                                 136  0.00s             1           0  0.19s           2026-06-09T13:01:54                      12
/opt/airflow/dags/cases/01-1c-excel-pipeline/data/samples/Реализации_2026-06-08.xlsx                           0           0  0.05s           2026-06-09T13:02:14                       3
/opt/airflow/dags/cases/01-1c-excel-pipeline/data/samples/Реализации_2025-06-07.xlsx                           0           0  0.05s           2026-06-09T13:02:19                       3
================================================================================
[2026-06-09T13:02:55.376+0000] {manager.py:997} INFO - 
================================================================================
DAG File Processing Stats

File Path                                                                               PID  Runtime      # DAGs    # Errors  Last Runtime    Last Run               Last # of DB Queries
------------------------------------------------------------------------------------  -----  ---------  --------  ----------  --------------  -------------------  ----------------------
/opt/airflow/dags/01-1c-excel-pipeline/dags/orders_etl.py                                                      1           0  0.31s           2026-06-09T13:02:25                      12
/opt/airflow/dags/01-1c-excel-pipeline/dags/test_dag.py                                 140  0.00s             1           0  0.22s           2026-06-09T13:02:24                      12
/opt/airflow/dags/cases/01-1c-excel-pipeline/data/samples/Реализации_2026-06-08.xlsx                           0           0  0.04s           2026-06-09T13:02:45                       3
/opt/airflow/dags/cases/01-1c-excel-pipeline/data/samples/Реализации_2025-06-07.xlsx                           0           0  0.03s           2026-06-09T13:02:50                       3
================================================================================
[2026-06-09T13:03:25.881+0000] {manager.py:997} INFO - 
================================================================================
DAG File Processing Stats

File Path                                                                               PID  Runtime      # DAGs    # Errors  Last Runtime    Last Run               Last # of DB Queries
------------------------------------------------------------------------------------  -----  ---------  --------  ----------  --------------  -------------------  ----------------------
/opt/airflow/dags/01-1c-excel-pipeline/dags/orders_etl.py                                                      1           0  0.32s           2026-06-09T13:02:56                      12
/opt/airflow/dags/01-1c-excel-pipeline/dags/test_dag.py                                 144  0.00s             1           0  0.08s           2026-06-09T13:02:55                      12
/opt/airflow/dags/cases/01-1c-excel-pipeline/data/samples/Реализации_2025-06-07.xlsx                           0           0  0.05s           2026-06-09T13:03:20                       3
/opt/airflow/dags/cases/01-1c-excel-pipeline/data/samples/Реализации_2026-06-08.xlsx                           0           0  0.04s           2026-06-09T13:03:15                       3
================================================================================
[2026-06-09T13:03:56.274+0000] {manager.py:997} INFO - 
================================================================================
DAG File Processing Stats

File Path                                                                               PID  Runtime      # DAGs    # Errors  Last Runtime    Last Run               Last # of DB Queries
------------------------------------------------------------------------------------  -----  ---------  --------  ----------  --------------  -------------------  ----------------------
/opt/airflow/dags/01-1c-excel-pipeline/dags/orders_etl.py                                                      1           0  0.35s           2026-06-09T13:03:27                      12
/opt/airflow/dags/01-1c-excel-pipeline/dags/test_dag.py                                 148  0.00s             1           0  0.07s           2026-06-09T13:03:25                      12
/opt/airflow/dags/cases/01-1c-excel-pipeline/data/samples/Реализации_2025-06-07.xlsx                           0           0  0.04s           2026-06-09T13:03:51                       3
/opt/airflow/dags/cases/01-1c-excel-pipeline/data/samples/Реализации_2026-06-08.xlsx                           0           0  0.04s           2026-06-09T13:03:46                       3
================================================================================
[2026-06-09T13:04:26.947+0000] {manager.py:997} INFO - 
================================================================================
DAG File Processing Stats

File Path                                                                               PID  Runtime      # DAGs    # Errors  Last Runtime    Last Run               Last # of DB Queries
------------------------------------------------------------------------------------  -----  ---------  --------  ----------  --------------  -------------------  ----------------------
/opt/airflow/dags/01-1c-excel-pipeline/dags/orders_etl.py                                                      1           0  0.29s           2026-06-09T13:03:57                      12
/opt/airflow/dags/01-1c-excel-pipeline/dags/test_dag.py                                 152  0.00s             1           0  0.19s           2026-06-09T13:03:56                      12
/opt/airflow/dags/cases/01-1c-excel-pipeline/data/samples/Реализации_2026-06-08.xlsx                           0           0  0.06s           2026-06-09T13:04:16                       3
/opt/airflow/dags/cases/01-1c-excel-pipeline/data/samples/Реализации_2025-06-07.xlsx                           0           0  0.05s           2026-06-09T13:04:21                       3
================================================================================
[2026-06-09T13:04:57.665+0000] {manager.py:997} INFO - 
================================================================================
DAG File Processing Stats

File Path                                                                               PID  Runtime      # DAGs    # Errors  Last Runtime    Last Run               Last # of DB Queries
------------------------------------------------------------------------------------  -----  ---------  --------  ----------  --------------  -------------------  ----------------------
/opt/airflow/dags/01-1c-excel-pipeline/dags/orders_etl.py                                                      1           0  0.34s           2026-06-09T13:04:28                      12
/opt/airflow/dags/01-1c-excel-pipeline/dags/test_dag.py                                 156  0.00s             1           0  0.31s           2026-06-09T13:04:27                      12
/opt/airflow/dags/cases/01-1c-excel-pipeline/data/samples/Реализации_2025-06-07.xlsx                           0           0  0.05s           2026-06-09T13:04:52                       3
/opt/airflow/dags/cases/01-1c-excel-pipeline/data/samples/Реализации_2026-06-08.xlsx                           0           0  0.04s           2026-06-09T13:04:47                       3
================================================================================
[2026-06-09T13:05:28.148+0000] {manager.py:997} INFO - 
================================================================================
DAG File Processing Stats

File Path                                                                               PID  Runtime      # DAGs    # Errors  Last Runtime    Last Run               Last # of DB Queries
------------------------------------------------------------------------------------  -----  ---------  --------  ----------  --------------  -------------------  ----------------------
/opt/airflow/dags/01-1c-excel-pipeline/dags/orders_etl.py                                                      1           0  0.31s           2026-06-09T13:04:59                      12
/opt/airflow/dags/01-1c-excel-pipeline/dags/test_dag.py                                 160  0.00s             1           0  0.08s           2026-06-09T13:04:57                      12
/opt/airflow/dags/cases/01-1c-excel-pipeline/data/samples/Реализации_2026-06-08.xlsx                           0           0  0.03s           2026-06-09T13:05:18                       3
/opt/airflow/dags/cases/01-1c-excel-pipeline/data/samples/Реализации_2025-06-07.xlsx                           0           0  0.02s           2026-06-09T13:05:23                       3
================================================================================
[2026-06-09T13:05:38.354+0000] {manager.py:821} INFO - Searching for files in /opt/airflow/dags
[2026-06-09T13:05:38.365+0000] {manager.py:824} INFO - There are 4 files in /opt/airflow/dags
[2026-06-09T13:05:58.703+0000] {manager.py:997} INFO - 
================================================================================
DAG File Processing Stats

File Path                                                                               PID  Runtime      # DAGs    # Errors  Last Runtime    Last Run               Last # of DB Queries
------------------------------------------------------------------------------------  -----  ---------  --------  ----------  --------------  -------------------  ----------------------
/opt/airflow/dags/01-1c-excel-pipeline/dags/orders_etl.py                                                      1           0  0.36s           2026-06-09T13:05:29                      12
/opt/airflow/dags/01-1c-excel-pipeline/dags/test_dag.py                                 164  0.00s             1           0  0.07s           2026-06-09T13:05:28                      12
/opt/airflow/dags/cases/01-1c-excel-pipeline/data/samples/Реализации_2026-06-08.xlsx                           0           0  0.05s           2026-06-09T13:05:48                       3
/opt/airflow/dags/cases/01-1c-excel-pipeline/data/samples/Реализации_2025-06-07.xlsx                           0           0  0.04s           2026-06-09T13:05:53                       3
================================================================================
[2026-06-09T13:06:29.357+0000] {manager.py:997} INFO - 
================================================================================
DAG File Processing Stats

File Path                                                                               PID  Runtime      # DAGs    # Errors  Last Runtime    Last Run               Last # of DB Queries
------------------------------------------------------------------------------------  -----  ---------  --------  ----------  --------------  -------------------  ----------------------
/opt/airflow/dags/01-1c-excel-pipeline/dags/orders_etl.py                                                      1           0  0.30s           2026-06-09T13:06:00                      12
/opt/airflow/dags/01-1c-excel-pipeline/dags/test_dag.py                                 168  0.00s             1           0  0.18s           2026-06-09T13:05:58                      12
/opt/airflow/dags/cases/01-1c-excel-pipeline/data/samples/Реализации_2026-06-08.xlsx                           0           0  0.04s           2026-06-09T13:06:19                       3
/opt/airflow/dags/cases/01-1c-excel-pipeline/data/samples/Реализации_2025-06-07.xlsx                           0           0  0.04s           2026-06-09T13:06:24                       3
================================================================================
[2026-06-09T13:06:59.978+0000] {manager.py:997} INFO - 
================================================================================
DAG File Processing Stats

File Path                                                                               PID  Runtime      # DAGs    # Errors  Last Runtime    Last Run               Last # of DB Queries
------------------------------------------------------------------------------------  -----  ---------  --------  ----------  --------------  -------------------  ----------------------
/opt/airflow/dags/01-1c-excel-pipeline/dags/orders_etl.py                                                      1           0  0.32s           2026-06-09T13:06:30                      12
/opt/airflow/dags/01-1c-excel-pipeline/dags/test_dag.py                                 172  0.00s             1           0  0.21s           2026-06-09T13:06:29                      12
/opt/airflow/dags/cases/01-1c-excel-pipeline/data/samples/Реализации_2025-06-07.xlsx                           0           0  0.04s           2026-06-09T13:06:54                       3
/opt/airflow/dags/cases/01-1c-excel-pipeline/data/samples/Реализации_2026-06-08.xlsx                           0           0  0.04s           2026-06-09T13:06:49                       3
================================================================================
[2026-06-09T13:07:30.527+0000] {manager.py:997} INFO - 
================================================================================
DAG File Processing Stats

File Path                                                                               PID  Runtime      # DAGs    # Errors  Last Runtime    Last Run               Last # of DB Queries
------------------------------------------------------------------------------------  -----  ---------  --------  ----------  --------------  -------------------  ----------------------
/opt/airflow/dags/01-1c-excel-pipeline/dags/orders_etl.py                                                      1           0  0.29s           2026-06-09T13:07:01                      12
/opt/airflow/dags/01-1c-excel-pipeline/dags/test_dag.py                                 176  0.00s             1           0  0.08s           2026-06-09T13:07:00                      12
/opt/airflow/dags/cases/01-1c-excel-pipeline/data/samples/Реализации_2025-06-07.xlsx                           0           0  0.04s           2026-06-09T13:07:25                       3
/opt/airflow/dags/cases/01-1c-excel-pipeline/data/samples/Реализации_2026-06-08.xlsx                           0           0  0.04s           2026-06-09T13:07:20                       3
================================================================================
[2026-06-09T13:08:01.041+0000] {manager.py:997} INFO - 
================================================================================
DAG File Processing Stats

File Path                                                                               PID  Runtime      # DAGs    # Errors  Last Runtime    Last Run               Last # of DB Queries
------------------------------------------------------------------------------------  -----  ---------  --------  ----------  --------------  -------------------  ----------------------
/opt/airflow/dags/01-1c-excel-pipeline/dags/orders_etl.py                                                      1           0  0.33s           2026-06-09T13:07:31                      12
/opt/airflow/dags/01-1c-excel-pipeline/dags/test_dag.py                                 180  0.01s             1           0  0.08s           2026-06-09T13:07:30                      12
/opt/airflow/dags/cases/01-1c-excel-pipeline/data/samples/Реализации_2025-06-07.xlsx                           0           0  0.05s           2026-06-09T13:07:56                       3
/opt/airflow/dags/cases/01-1c-excel-pipeline/data/samples/Реализации_2026-06-08.xlsx                           0           0  0.04s           2026-06-09T13:07:50                       3
================================================================================
[2026-06-09T13:08:31.653+0000] {manager.py:997} INFO - 
================================================================================
DAG File Processing Stats

File Path                                                                               PID  Runtime      # DAGs    # Errors  Last Runtime    Last Run               Last # of DB Queries
------------------------------------------------------------------------------------  -----  ---------  --------  ----------  --------------  -------------------  ----------------------
/opt/airflow/dags/01-1c-excel-pipeline/dags/orders_etl.py                                                      1           0  0.34s           2026-06-09T13:08:02                      12
/opt/airflow/dags/01-1c-excel-pipeline/dags/test_dag.py                                 184  0.01s             1           0  0.19s           2026-06-09T13:08:01                      12
/opt/airflow/dags/cases/01-1c-excel-pipeline/data/samples/Реализации_2025-06-07.xlsx                           0           0  0.04s           2026-06-09T13:08:26                       3
/opt/airflow/dags/cases/01-1c-excel-pipeline/data/samples/Реализации_2026-06-08.xlsx                           0           0  0.04s           2026-06-09T13:08:21                       3
================================================================================
[2026-06-09T13:09:02.239+0000] {manager.py:997} INFO - 
================================================================================
DAG File Processing Stats

File Path                                                                               PID  Runtime      # DAGs    # Errors  Last Runtime    Last Run               Last # of DB Queries
------------------------------------------------------------------------------------  -----  ---------  --------  ----------  --------------  -------------------  ----------------------
/opt/airflow/dags/01-1c-excel-pipeline/dags/orders_etl.py                                                      1           0  0.29s           2026-06-09T13:08:32                      12
/opt/airflow/dags/01-1c-excel-pipeline/dags/test_dag.py                                 188  0.00s             1           0  0.17s           2026-06-09T13:08:31                      12
/opt/airflow/dags/cases/01-1c-excel-pipeline/data/samples/Реализации_2026-06-08.xlsx                           0           0  0.07s           2026-06-09T13:08:52                       3
/opt/airflow/dags/cases/01-1c-excel-pipeline/data/samples/Реализации_2025-06-07.xlsx                           0           0  0.05s           2026-06-09T13:08:57                       3
================================================================================
[2026-06-09T13:09:32.825+0000] {manager.py:997} INFO - 
================================================================================
DAG File Processing Stats

File Path                                                                               PID  Runtime      # DAGs    # Errors  Last Runtime    Last Run               Last # of DB Queries
------------------------------------------------------------------------------------  -----  ---------  --------  ----------  --------------  -------------------  ----------------------
/opt/airflow/dags/01-1c-excel-pipeline/dags/orders_etl.py                                                      1           0  0.39s           2026-06-09T13:09:03                      12
/opt/airflow/dags/01-1c-excel-pipeline/dags/test_dag.py                                 192  0.00s             1           0  0.13s           2026-06-09T13:09:02                      12
/opt/airflow/dags/cases/01-1c-excel-pipeline/data/samples/Реализации_2025-06-07.xlsx                           0           0  0.04s           2026-06-09T13:09:27                       3
/opt/airflow/dags/cases/01-1c-excel-pipeline/data/samples/Реализации_2026-06-08.xlsx                           0           0  0.04s           2026-06-09T13:09:22                       3
================================================================================
[2026-06-09T13:10:03.414+0000] {manager.py:997} INFO - 
================================================================================
DAG File Processing Stats

File Path                                                                               PID  Runtime      # DAGs    # Errors  Last Runtime    Last Run               Last # of DB Queries
------------------------------------------------------------------------------------  -----  ---------  --------  ----------  --------------  -------------------  ----------------------
/opt/airflow/dags/01-1c-excel-pipeline/dags/orders_etl.py                                                      1           0  0.30s           2026-06-09T13:09:34                      12
/opt/airflow/dags/01-1c-excel-pipeline/dags/test_dag.py                                 196  0.01s             1           0  0.09s           2026-06-09T13:09:32                      12
/opt/airflow/dags/cases/01-1c-excel-pipeline/data/samples/Реализации_2026-06-08.xlsx                           0           0  0.05s           2026-06-09T13:09:53                       3
/opt/airflow/dags/cases/01-1c-excel-pipeline/data/samples/Реализации_2025-06-07.xlsx                           0           0  0.04s           2026-06-09T13:09:58                       3
================================================================================
[2026-06-09T13:10:33.973+0000] {manager.py:997} INFO - 
================================================================================
DAG File Processing Stats

File Path                                                                               PID  Runtime      # DAGs    # Errors  Last Runtime    Last Run               Last # of DB Queries
------------------------------------------------------------------------------------  -----  ---------  --------  ----------  --------------  -------------------  ----------------------
/opt/airflow/dags/01-1c-excel-pipeline/dags/orders_etl.py                                                      1           0  0.31s           2026-06-09T13:10:04                      12
/opt/airflow/dags/01-1c-excel-pipeline/dags/test_dag.py                                 200  0.01s             1           0  0.21s           2026-06-09T13:10:03                      12
/opt/airflow/dags/cases/01-1c-excel-pipeline/data/samples/Реализации_2026-06-08.xlsx                           0           0  0.06s           2026-06-09T13:10:23                       3
/opt/airflow/dags/cases/01-1c-excel-pipeline/data/samples/Реализации_2025-06-07.xlsx                           0           0  0.04s           2026-06-09T13:10:28                       3
================================================================================
[2026-06-09T13:10:38.377+0000] {manager.py:821} INFO - Searching for files in /opt/airflow/dags
[2026-06-09T13:10:38.391+0000] {manager.py:824} INFO - There are 4 files in /opt/airflow/dags
[2026-06-09T13:11:04.627+0000] {manager.py:997} INFO - 
================================================================================
DAG File Processing Stats

File Path                                                                               PID  Runtime      # DAGs    # Errors  Last Runtime    Last Run               Last # of DB Queries
------------------------------------------------------------------------------------  -----  ---------  --------  ----------  --------------  -------------------  ----------------------
/opt/airflow/dags/01-1c-excel-pipeline/dags/orders_etl.py                                                      1           0  0.32s           2026-06-09T13:10:35                      12
/opt/airflow/dags/01-1c-excel-pipeline/dags/test_dag.py                                 204  0.01s             1           0  0.22s           2026-06-09T13:10:34                      12
/opt/airflow/dags/cases/01-1c-excel-pipeline/data/samples/Реализации_2026-06-08.xlsx                           0           0  0.05s           2026-06-09T13:10:54                       3
/opt/airflow/dags/cases/01-1c-excel-pipeline/data/samples/Реализации_2025-06-07.xlsx                           0           0  0.04s           2026-06-09T13:10:59                       3
================================================================================
[2026-06-09T13:11:35.235+0000] {manager.py:997} INFO - 
================================================================================
DAG File Processing Stats

File Path                                                                               PID  Runtime      # DAGs    # Errors  Last Runtime    Last Run               Last # of DB Queries
------------------------------------------------------------------------------------  -----  ---------  --------  ----------  --------------  -------------------  ----------------------
/opt/airflow/dags/01-1c-excel-pipeline/dags/orders_etl.py                                                      1           0  0.33s           2026-06-09T13:11:05                      12
/opt/airflow/dags/01-1c-excel-pipeline/dags/test_dag.py                                 208  0.01s             1           0  0.11s           2026-06-09T13:11:04                      12
/opt/airflow/dags/cases/01-1c-excel-pipeline/data/samples/Реализации_2025-06-07.xlsx                           0           0  0.05s           2026-06-09T13:11:30                       3
/opt/airflow/dags/cases/01-1c-excel-pipeline/data/samples/Реализации_2026-06-08.xlsx                           0           0  0.04s           2026-06-09T13:11:25                       3
================================================================================
[2026-06-09T13:12:05.690+0000] {manager.py:997} INFO - 
================================================================================
DAG File Processing Stats

File Path                                                                               PID  Runtime      # DAGs    # Errors  Last Runtime    Last Run               Last # of DB Queries
------------------------------------------------------------------------------------  -----  ---------  --------  ----------  --------------  -------------------  ----------------------
/opt/airflow/dags/01-1c-excel-pipeline/dags/orders_etl.py                                                      1           0  0.42s           2026-06-09T13:11:36                      12
/opt/airflow/dags/01-1c-excel-pipeline/dags/test_dag.py                                 212  0.00s             1           0  0.09s           2026-06-09T13:11:35                      12
/opt/airflow/dags/cases/01-1c-excel-pipeline/data/samples/Реализации_2026-06-08.xlsx                           0           0  0.05s           2026-06-09T13:11:55                       3
/opt/airflow/dags/cases/01-1c-excel-pipeline/data/samples/Реализации_2025-06-07.xlsx                           0           0  0.03s           2026-06-09T13:12:00                       3
================================================================================
[2026-06-09T13:12:36.367+0000] {manager.py:997} INFO - 
================================================================================
DAG File Processing Stats

File Path                                                                               PID  Runtime      # DAGs    # Errors  Last Runtime    Last Run               Last # of DB Queries
------------------------------------------------------------------------------------  -----  ---------  --------  ----------  --------------  -------------------  ----------------------
/opt/airflow/dags/01-1c-excel-pipeline/dags/orders_etl.py                                                      1           0  0.31s           2026-06-09T13:12:07                      12
/opt/airflow/dags/01-1c-excel-pipeline/dags/test_dag.py                                 216  0.01s             1           0  0.21s           2026-06-09T13:12:05                      12
/opt/airflow/dags/cases/01-1c-excel-pipeline/data/samples/Реализации_2025-06-07.xlsx                           0           0  0.04s           2026-06-09T13:12:31                       3
/opt/airflow/dags/cases/01-1c-excel-pipeline/data/samples/Реализации_2026-06-08.xlsx                           0           0  0.04s           2026-06-09T13:12:26                       3
================================================================================
[2026-06-09T13:13:07.055+0000] {manager.py:997} INFO - 
================================================================================
DAG File Processing Stats

File Path                                                                               PID  Runtime      # DAGs    # Errors  Last Runtime    Last Run               Last # of DB Queries
------------------------------------------------------------------------------------  -----  ---------  --------  ----------  --------------  -------------------  ----------------------
/opt/airflow/dags/01-1c-excel-pipeline/dags/orders_etl.py                                                      1           0  0.31s           2026-06-09T13:12:37                      12
/opt/airflow/dags/01-1c-excel-pipeline/dags/test_dag.py                                 220  0.00s             1           0  0.23s           2026-06-09T13:12:36                      12
/opt/airflow/dags/cases/01-1c-excel-pipeline/data/samples/Реализации_2026-06-08.xlsx                           0           0  0.05s           2026-06-09T13:12:56                       3
/opt/airflow/dags/cases/01-1c-excel-pipeline/data/samples/Реализации_2025-06-07.xlsx                           0           0  0.04s           2026-06-09T13:13:01                       3
================================================================================
[2026-06-09T13:13:37.659+0000] {manager.py:997} INFO - 
================================================================================
DAG File Processing Stats

File Path                                                                               PID  Runtime      # DAGs    # Errors  Last Runtime    Last Run               Last # of DB Queries
------------------------------------------------------------------------------------  -----  ---------  --------  ----------  --------------  -------------------  ----------------------
/opt/airflow/dags/01-1c-excel-pipeline/dags/test_dag.py                                 224  0.01s             1           0  0.23s           2026-06-09T13:13:07                      12
/opt/airflow/dags/01-1c-excel-pipeline/dags/orders_etl.py                                                      1           0  0.20s           2026-06-09T13:13:08                      12
/opt/airflow/dags/cases/01-1c-excel-pipeline/data/samples/Реализации_2026-06-08.xlsx                           0           0  0.05s           2026-06-09T13:13:27                       3
/opt/airflow/dags/cases/01-1c-excel-pipeline/data/samples/Реализации_2025-06-07.xlsx                           0           0  0.05s           2026-06-09T13:13:32                       3
================================================================================
[2026-06-09T13:14:08.196+0000] {manager.py:997} INFO - 
================================================================================
DAG File Processing Stats

File Path                                                                               PID  Runtime      # DAGs    # Errors  Last Runtime    Last Run               Last # of DB Queries
------------------------------------------------------------------------------------  -----  ---------  --------  ----------  --------------  -------------------  ----------------------
/opt/airflow/dags/01-1c-excel-pipeline/dags/orders_etl.py                                                      1           0  0.25s           2026-06-09T13:13:38                      12
/opt/airflow/dags/01-1c-excel-pipeline/dags/test_dag.py                                 228  0.00s             1           0  0.10s           2026-06-09T13:13:37                      12
/opt/airflow/dags/cases/01-1c-excel-pipeline/data/samples/Реализации_2025-06-07.xlsx                           0           0  0.05s           2026-06-09T13:14:03                       3
/opt/airflow/dags/cases/01-1c-excel-pipeline/data/samples/Реализации_2026-06-08.xlsx                           0           0  0.04s           2026-06-09T13:13:58                       3
================================================================================
[2026-06-09T13:14:38.809+0000] {manager.py:997} INFO - 
================================================================================
DAG File Processing Stats

File Path                                                                               PID  Runtime      # DAGs    # Errors  Last Runtime    Last Run               Last # of DB Queries
------------------------------------------------------------------------------------  -----  ---------  --------  ----------  --------------  -------------------  ----------------------
/opt/airflow/dags/01-1c-excel-pipeline/dags/orders_etl.py                                                      1           0  0.24s           2026-06-09T13:14:09                      12
/opt/airflow/dags/01-1c-excel-pipeline/dags/test_dag.py                                 232  0.01s             1           0  0.09s           2026-06-09T13:14:08                      12
/opt/airflow/dags/cases/01-1c-excel-pipeline/data/samples/Реализации_2026-06-08.xlsx                           0           0  0.06s           2026-06-09T13:14:28                       3
/opt/airflow/dags/cases/01-1c-excel-pipeline/data/samples/Реализации_2025-06-07.xlsx                           0           0  0.05s           2026-06-09T13:14:33                       3
================================================================================
[2026-06-09T13:15:09.425+0000] {manager.py:997} INFO - 
================================================================================
DAG File Processing Stats

File Path                                                                               PID  Runtime      # DAGs    # Errors  Last Runtime    Last Run               Last # of DB Queries
------------------------------------------------------------------------------------  -----  ---------  --------  ----------  --------------  -------------------  ----------------------
/opt/airflow/dags/01-1c-excel-pipeline/dags/orders_etl.py                                                      1           0  0.26s           2026-06-09T13:14:40                      12
/opt/airflow/dags/01-1c-excel-pipeline/dags/test_dag.py                                 236  0.00s             1           0  0.10s           2026-06-09T13:14:38                      12
/opt/airflow/dags/cases/01-1c-excel-pipeline/data/samples/Реализации_2026-06-08.xlsx                           0           0  0.06s           2026-06-09T13:14:59                       3
/opt/airflow/dags/cases/01-1c-excel-pipeline/data/samples/Реализации_2025-06-07.xlsx                           0           0  0.06s           2026-06-09T13:15:04                       3
================================================================================
[2026-06-09T13:15:38.984+0000] {manager.py:821} INFO - Searching for files in /opt/airflow/dags
[2026-06-09T13:15:39.001+0000] {manager.py:824} INFO - There are 4 files in /opt/airflow/dags
[2026-06-09T13:15:40.036+0000] {manager.py:997} INFO - 
================================================================================
DAG File Processing Stats

File Path                                                                               PID  Runtime      # DAGs    # Errors  Last Runtime    Last Run               Last # of DB Queries
------------------------------------------------------------------------------------  -----  ---------  --------  ----------  --------------  -------------------  ----------------------
/opt/airflow/dags/01-1c-excel-pipeline/dags/orders_etl.py                                                      1           0  0.35s           2026-06-09T13:15:10                      12
/opt/airflow/dags/01-1c-excel-pipeline/dags/test_dag.py                                 240  0.00s             1           0  0.09s           2026-06-09T13:15:09                      12
/opt/airflow/dags/cases/01-1c-excel-pipeline/data/samples/Реализации_2026-06-08.xlsx                           0           0  0.05s           2026-06-09T13:15:29                       3
/opt/airflow/dags/cases/01-1c-excel-pipeline/data/samples/Реализации_2025-06-07.xlsx                           0           0  0.05s           2026-06-09T13:15:34                       3
================================================================================
[2026-06-09T13:16:10.524+0000] {manager.py:997} INFO - 
================================================================================
DAG File Processing Stats

File Path                                                                               PID  Runtime      # DAGs    # Errors  Last Runtime    Last Run               Last # of DB Queries
------------------------------------------------------------------------------------  -----  ---------  --------  ----------  --------------  -------------------  ----------------------
/opt/airflow/dags/01-1c-excel-pipeline/dags/orders_etl.py                                                      1           0  0.25s           2026-06-09T13:15:41                      12
/opt/airflow/dags/01-1c-excel-pipeline/dags/test_dag.py                                 244  0.00s             1           0  0.09s           2026-06-09T13:15:40                      12
/opt/airflow/dags/cases/01-1c-excel-pipeline/data/samples/Реализации_2025-06-07.xlsx                           0           0  0.03s           2026-06-09T13:16:05                       3
/opt/airflow/dags/cases/01-1c-excel-pipeline/data/samples/Реализации_2026-06-08.xlsx                           0           0  0.03s           2026-06-09T13:16:00                       3
================================================================================
[2026-06-09T13:16:41.079+0000] {manager.py:997} INFO - 
================================================================================
DAG File Processing Stats

File Path                                                                               PID  Runtime      # DAGs    # Errors  Last Runtime    Last Run               Last # of DB Queries
------------------------------------------------------------------------------------  -----  ---------  --------  ----------  --------------  -------------------  ----------------------
/opt/airflow/dags/01-1c-excel-pipeline/dags/orders_etl.py                                                      1           0  0.22s           2026-06-09T13:16:11                      12
/opt/airflow/dags/01-1c-excel-pipeline/dags/test_dag.py                                 248  0.00s             1           0  0.17s           2026-06-09T13:16:10                      12
/opt/airflow/dags/cases/01-1c-excel-pipeline/data/samples/Реализации_2026-06-08.xlsx                           0           0  0.03s           2026-06-09T13:16:30                       3
/opt/airflow/dags/cases/01-1c-excel-pipeline/data/samples/Реализации_2025-06-07.xlsx                           0           0  0.02s           2026-06-09T13:16:36                       3
================================================================================
[2026-06-09T13:17:11.573+0000] {manager.py:997} INFO - 
================================================================================
DAG File Processing Stats

File Path                                                                               PID  Runtime      # DAGs    # Errors  Last Runtime    Last Run               Last # of DB Queries
------------------------------------------------------------------------------------  -----  ---------  --------  ----------  --------------  -------------------  ----------------------
/opt/airflow/dags/01-1c-excel-pipeline/dags/orders_etl.py                                                      1           0  0.23s           2026-06-09T13:16:42                      12
/opt/airflow/dags/01-1c-excel-pipeline/dags/test_dag.py                                 252  0.00s             1           0  0.06s           2026-06-09T13:16:41                      12
/opt/airflow/dags/cases/01-1c-excel-pipeline/data/samples/Реализации_2025-06-07.xlsx                           0           0  0.04s           2026-06-09T13:17:06                       3
/opt/airflow/dags/cases/01-1c-excel-pipeline/data/samples/Реализации_2026-06-08.xlsx                           0           0  0.03s           2026-06-09T13:17:01                       3
================================================================================
[2026-06-09T13:17:42.006+0000] {manager.py:997} INFO - 
================================================================================
DAG File Processing Stats

File Path                                                                               PID  Runtime      # DAGs    # Errors  Last Runtime    Last Run               Last # of DB Queries
------------------------------------------------------------------------------------  -----  ---------  --------  ----------  --------------  -------------------  ----------------------
/opt/airflow/dags/01-1c-excel-pipeline/dags/orders_etl.py                                                      1           0  0.23s           2026-06-09T13:17:12                      12
/opt/airflow/dags/01-1c-excel-pipeline/dags/test_dag.py                                 256  0.00s             1           0  0.07s           2026-06-09T13:17:11                      12
/opt/airflow/dags/cases/01-1c-excel-pipeline/data/samples/Реализации_2026-06-08.xlsx                           0           0  0.04s           2026-06-09T13:17:31                       3
/opt/airflow/dags/cases/01-1c-excel-pipeline/data/samples/Реализации_2025-06-07.xlsx                           0           0  0.04s           2026-06-09T13:17:36                       3
================================================================================
[2026-06-09T13:18:12.558+0000] {manager.py:997} INFO - 
================================================================================
DAG File Processing Stats

File Path                                                                               PID  Runtime      # DAGs    # Errors  Last Runtime    Last Run               Last # of DB Queries
------------------------------------------------------------------------------------  -----  ---------  --------  ----------  --------------  -------------------  ----------------------
/opt/airflow/dags/01-1c-excel-pipeline/dags/orders_etl.py                                                      1           0  0.24s           2026-06-09T13:17:43                      12
/opt/airflow/dags/01-1c-excel-pipeline/dags/test_dag.py                                 260  0.01s             1           0  0.08s           2026-06-09T13:17:42                      12
/opt/airflow/dags/cases/01-1c-excel-pipeline/data/samples/Реализации_2026-06-08.xlsx                           0           0  0.05s           2026-06-09T13:18:02                       3
/opt/airflow/dags/cases/01-1c-excel-pipeline/data/samples/Реализации_2025-06-07.xlsx                           0           0  0.04s           2026-06-09T13:18:07                       3
================================================================================
[2026-06-09T13:18:43.152+0000] {manager.py:997} INFO - 
================================================================================
DAG File Processing Stats

File Path                                                                               PID  Runtime      # DAGs    # Errors  Last Runtime    Last Run               Last # of DB Queries
------------------------------------------------------------------------------------  -----  ---------  --------  ----------  --------------  -------------------  ----------------------
/opt/airflow/dags/01-1c-excel-pipeline/dags/orders_etl.py                                                      1           0  0.24s           2026-06-09T13:18:13                      12
/opt/airflow/dags/01-1c-excel-pipeline/dags/test_dag.py                                 264  0.00s             1           0  0.08s           2026-06-09T13:18:12                      12
/opt/airflow/dags/cases/01-1c-excel-pipeline/data/samples/Реализации_2026-06-08.xlsx                           0           0  0.05s           2026-06-09T13:18:32                       3
/opt/airflow/dags/cases/01-1c-excel-pipeline/data/samples/Реализации_2025-06-07.xlsx                           0           0  0.05s           2026-06-09T13:18:38                       3
================================================================================
[2026-06-09T13:19:13.736+0000] {manager.py:997} INFO - 
================================================================================
DAG File Processing Stats

File Path                                                                               PID  Runtime      # DAGs    # Errors  Last Runtime    Last Run               Last # of DB Queries
------------------------------------------------------------------------------------  -----  ---------  --------  ----------  --------------  -------------------  ----------------------
/opt/airflow/dags/01-1c-excel-pipeline/dags/orders_etl.py                                                      1           0  0.21s           2026-06-09T13:18:44                      12
/opt/airflow/dags/01-1c-excel-pipeline/dags/test_dag.py                                 268  0.01s             1           0  0.09s           2026-06-09T13:18:43                      12
/opt/airflow/dags/cases/01-1c-excel-pipeline/data/samples/Реализации_2025-06-07.xlsx                           0           0  0.04s           2026-06-09T13:19:08                       3
/opt/airflow/dags/cases/01-1c-excel-pipeline/data/samples/Реализации_2026-06-08.xlsx                           0           0  0.04s           2026-06-09T13:19:03                       3
================================================================================
[2026-06-09T13:19:44.274+0000] {manager.py:997} INFO - 
================================================================================
DAG File Processing Stats

File Path                                                                               PID  Runtime      # DAGs    # Errors  Last Runtime    Last Run               Last # of DB Queries
------------------------------------------------------------------------------------  -----  ---------  --------  ----------  --------------  -------------------  ----------------------
/opt/airflow/dags/01-1c-excel-pipeline/dags/orders_etl.py                                                      1           0  0.31s           2026-06-09T13:19:15                      12
/opt/airflow/dags/01-1c-excel-pipeline/dags/test_dag.py                                 272  0.00s             1           0  0.11s           2026-06-09T13:19:13                      12
/opt/airflow/dags/cases/01-1c-excel-pipeline/data/samples/Реализации_2026-06-08.xlsx                           0           0  0.05s           2026-06-09T13:19:34                       3
/opt/airflow/dags/cases/01-1c-excel-pipeline/data/samples/Реализации_2025-06-07.xlsx                           0           0  0.05s           2026-06-09T13:19:39                       3
================================================================================
[2026-06-09T13:20:14.795+0000] {manager.py:997} INFO - 
================================================================================
DAG File Processing Stats

File Path                                                                               PID  Runtime      # DAGs    # Errors  Last Runtime    Last Run               Last # of DB Queries
------------------------------------------------------------------------------------  -----  ---------  --------  ----------  --------------  -------------------  ----------------------
/opt/airflow/dags/01-1c-excel-pipeline/dags/orders_etl.py                                                      1           0  0.21s           2026-06-09T13:19:45                      12
/opt/airflow/dags/01-1c-excel-pipeline/dags/test_dag.py                                 276  0.00s             1           0  0.08s           2026-06-09T13:19:44                      12
/opt/airflow/dags/cases/01-1c-excel-pipeline/data/samples/Реализации_2026-06-08.xlsx                           0           0  0.05s           2026-06-09T13:20:04                       3
/opt/airflow/dags/cases/01-1c-excel-pipeline/data/samples/Реализации_2025-06-07.xlsx                           0           0  0.05s           2026-06-09T13:20:09                       3
================================================================================
[2026-06-09T13:20:39.261+0000] {manager.py:821} INFO - Searching for files in /opt/airflow/dags
[2026-06-09T13:20:39.279+0000] {manager.py:824} INFO - There are 4 files in /opt/airflow/dags
[2026-06-09T13:20:45.405+0000] {manager.py:997} INFO - 
================================================================================
DAG File Processing Stats

File Path                                                                               PID  Runtime      # DAGs    # Errors  Last Runtime    Last Run               Last # of DB Queries
------------------------------------------------------------------------------------  -----  ---------  --------  ----------  --------------  -------------------  ----------------------
/opt/airflow/dags/01-1c-excel-pipeline/dags/orders_etl.py                                                      1           0  0.22s           2026-06-09T13:20:16                      12
/opt/airflow/dags/01-1c-excel-pipeline/dags/test_dag.py                                 280  0.01s             1           0  0.13s           2026-06-09T13:20:14                      12
/opt/airflow/dags/cases/01-1c-excel-pipeline/data/samples/Реализации_2025-06-07.xlsx                           0           0  0.05s           2026-06-09T13:20:40                       3
/opt/airflow/dags/cases/01-1c-excel-pipeline/data/samples/Реализации_2026-06-08.xlsx                           0           0  0.05s           2026-06-09T13:20:35                       3
================================================================================
[2026-06-09T13:21:15.966+0000] {manager.py:997} INFO - 
================================================================================
DAG File Processing Stats

File Path                                                                               PID  Runtime      # DAGs    # Errors  Last Runtime    Last Run               Last # of DB Queries
------------------------------------------------------------------------------------  -----  ---------  --------  ----------  --------------  -------------------  ----------------------
/opt/airflow/dags/01-1c-excel-pipeline/dags/orders_etl.py                                                      1           0  0.23s           2026-06-09T13:20:46                      12
/opt/airflow/dags/01-1c-excel-pipeline/dags/test_dag.py                                 284  0.01s             1           0  0.08s           2026-06-09T13:20:45                      12
/opt/airflow/dags/cases/01-1c-excel-pipeline/data/samples/Реализации_2025-06-07.xlsx                           0           0  0.08s           2026-06-09T13:21:10                       3
/opt/airflow/dags/cases/01-1c-excel-pipeline/data/samples/Реализации_2026-06-08.xlsx                           0           0  0.04s           2026-06-09T13:21:05                       3
================================================================================
[2026-06-09T13:21:46.479+0000] {manager.py:997} INFO - 
================================================================================
DAG File Processing Stats

File Path                                                                               PID  Runtime      # DAGs    # Errors  Last Runtime    Last Run               Last # of DB Queries
------------------------------------------------------------------------------------  -----  ---------  --------  ----------  --------------  -------------------  ----------------------
/opt/airflow/dags/01-1c-excel-pipeline/dags/orders_etl.py                                                      1           0  0.30s           2026-06-09T13:21:17                      12
/opt/airflow/dags/01-1c-excel-pipeline/dags/test_dag.py                                 288  0.01s             1           0  0.09s           2026-06-09T13:21:16                      12
/opt/airflow/dags/cases/01-1c-excel-pipeline/data/samples/Реализации_2026-06-08.xlsx                           0           0  0.05s           2026-06-09T13:21:36                       3
/opt/airflow/dags/cases/01-1c-excel-pipeline/data/samples/Реализации_2025-06-07.xlsx                           0           0  0.04s           2026-06-09T13:21:41                       3
================================================================================
[2026-06-09T13:22:17.011+0000] {manager.py:997} INFO - 
================================================================================
DAG File Processing Stats

File Path                                                                               PID  Runtime      # DAGs    # Errors  Last Runtime    Last Run               Last # of DB Queries
------------------------------------------------------------------------------------  -----  ---------  --------  ----------  --------------  -------------------  ----------------------
/opt/airflow/dags/01-1c-excel-pipeline/dags/orders_etl.py                                                      1           0  0.23s           2026-06-09T13:21:47                      12
/opt/airflow/dags/01-1c-excel-pipeline/dags/test_dag.py                                 292  0.01s             1           0  0.11s           2026-06-09T13:21:46                      12
/opt/airflow/dags/cases/01-1c-excel-pipeline/data/samples/Реализации_2025-06-07.xlsx                           0           0  0.05s           2026-06-09T13:22:11                       3
/opt/airflow/dags/cases/01-1c-excel-pipeline/data/samples/Реализации_2026-06-08.xlsx                           0           0  0.04s           2026-06-09T13:22:06                       3
================================================================================
[2026-06-09T13:22:47.552+0000] {manager.py:997} INFO - 
================================================================================
DAG File Processing Stats

File Path                                                                               PID  Runtime      # DAGs    # Errors  Last Runtime    Last Run               Last # of DB Queries
------------------------------------------------------------------------------------  -----  ---------  --------  ----------  --------------  -------------------  ----------------------
/opt/airflow/dags/01-1c-excel-pipeline/dags/orders_etl.py                                                      1           0  0.23s           2026-06-09T13:22:18                      12
/opt/airflow/dags/01-1c-excel-pipeline/dags/test_dag.py                                 296  0.01s             1           0  0.09s           2026-06-09T13:22:17                      12
/opt/airflow/dags/cases/01-1c-excel-pipeline/data/samples/Реализации_2025-06-07.xlsx                           0           0  0.05s           2026-06-09T13:22:42                       3
/opt/airflow/dags/cases/01-1c-excel-pipeline/data/samples/Реализации_2026-06-08.xlsx                           0           0  0.05s           2026-06-09T13:22:37                       3
================================================================================
[2026-06-09T13:23:18.055+0000] {manager.py:997} INFO - 
================================================================================
DAG File Processing Stats

File Path                                                                               PID  Runtime      # DAGs    # Errors  Last Runtime    Last Run               Last # of DB Queries
------------------------------------------------------------------------------------  -----  ---------  --------  ----------  --------------  -------------------  ----------------------
/opt/airflow/dags/01-1c-excel-pipeline/dags/orders_etl.py                                                      1           0  0.26s           2026-06-09T13:22:48                      12
/opt/airflow/dags/01-1c-excel-pipeline/dags/test_dag.py                                 300  0.01s             1           0  0.10s           2026-06-09T13:22:47                      12
/opt/airflow/dags/cases/01-1c-excel-pipeline/data/samples/Реализации_2026-06-08.xlsx                           0           0  0.05s           2026-06-09T13:23:07                       3
/opt/airflow/dags/cases/01-1c-excel-pipeline/data/samples/Реализации_2025-06-07.xlsx                           0           0  0.05s           2026-06-09T13:23:13                       3
================================================================================
[2026-06-09T13:23:48.570+0000] {manager.py:997} INFO - 
================================================================================
DAG File Processing Stats

File Path                                                                               PID  Runtime      # DAGs    # Errors  Last Runtime    Last Run               Last # of DB Queries
------------------------------------------------------------------------------------  -----  ---------  --------  ----------  --------------  -------------------  ----------------------
/opt/airflow/dags/01-1c-excel-pipeline/dags/orders_etl.py                                                      1           0  0.26s           2026-06-09T13:23:19                      12
/opt/airflow/dags/01-1c-excel-pipeline/dags/test_dag.py                                 304  0.01s             1           0  0.10s           2026-06-09T13:23:18                      12
/opt/airflow/dags/cases/01-1c-excel-pipeline/data/samples/Реализации_2026-06-08.xlsx                           0           0  0.05s           2026-06-09T13:23:38                       3
/opt/airflow/dags/cases/01-1c-excel-pipeline/data/samples/Реализации_2025-06-07.xlsx                           0           0  0.04s           2026-06-09T13:23:43                       3
================================================================================
[2026-06-09T13:24:19.014+0000] {manager.py:997} INFO - 
================================================================================
DAG File Processing Stats

File Path                                                                               PID  Runtime      # DAGs    # Errors  Last Runtime    Last Run               Last # of DB Queries
------------------------------------------------------------------------------------  -----  ---------  --------  ----------  --------------  -------------------  ----------------------
/opt/airflow/dags/01-1c-excel-pipeline/dags/orders_etl.py                                                      1           0  0.25s           2026-06-09T13:23:49                      12
/opt/airflow/dags/01-1c-excel-pipeline/dags/test_dag.py                                 308  0.01s             1           0  0.09s           2026-06-09T13:23:48                      12
/opt/airflow/dags/cases/01-1c-excel-pipeline/data/samples/Реализации_2026-06-08.xlsx                           0           0  0.05s           2026-06-09T13:24:08                       3
/opt/airflow/dags/cases/01-1c-excel-pipeline/data/samples/Реализации_2025-06-07.xlsx                           0           0  0.03s           2026-06-09T13:24:13                       3
================================================================================
[2026-06-09T13:24:49.540+0000] {manager.py:997} INFO - 
================================================================================
DAG File Processing Stats

File Path                                                                               PID  Runtime      # DAGs    # Errors  Last Runtime    Last Run               Last # of DB Queries
------------------------------------------------------------------------------------  -----  ---------  --------  ----------  --------------  -------------------  ----------------------
/opt/airflow/dags/01-1c-excel-pipeline/dags/orders_etl.py                                                      1           0  0.24s           2026-06-09T13:24:20                      12
/opt/airflow/dags/01-1c-excel-pipeline/dags/test_dag.py                                 312  0.01s             1           0  0.11s           2026-06-09T13:24:19                      12
/opt/airflow/dags/cases/01-1c-excel-pipeline/data/samples/Реализации_2026-06-08.xlsx                           0           0  0.05s           2026-06-09T13:24:39                       3
/opt/airflow/dags/cases/01-1c-excel-pipeline/data/samples/Реализации_2025-06-07.xlsx                           0           0  0.05s           2026-06-09T13:24:44                       3
================================================================================
[2026-06-09T13:25:20.044+0000] {manager.py:997} INFO - 
================================================================================
DAG File Processing Stats

File Path                                                                               PID  Runtime      # DAGs    # Errors  Last Runtime    Last Run               Last # of DB Queries
------------------------------------------------------------------------------------  -----  ---------  --------  ----------  --------------  -------------------  ----------------------
/opt/airflow/dags/01-1c-excel-pipeline/dags/orders_etl.py                                                      1           0  0.24s           2026-06-09T13:24:50                      12
/opt/airflow/dags/01-1c-excel-pipeline/dags/test_dag.py                                 316  0.01s             1           0  0.09s           2026-06-09T13:24:49                      12
/opt/airflow/dags/cases/01-1c-excel-pipeline/data/samples/Реализации_2026-06-08.xlsx                           0           0  0.05s           2026-06-09T13:25:09                       3
/opt/airflow/dags/cases/01-1c-excel-pipeline/data/samples/Реализации_2025-06-07.xlsx                           0           0  0.04s           2026-06-09T13:25:14                       3
================================================================================
[2026-06-09T13:25:39.330+0000] {manager.py:821} INFO - Searching for files in /opt/airflow/dags
[2026-06-09T13:25:39.342+0000] {manager.py:824} INFO - There are 4 files in /opt/airflow/dags
[2026-06-09T13:25:50.554+0000] {manager.py:997} INFO - 
================================================================================
DAG File Processing Stats

File Path                                                                               PID  Runtime      # DAGs    # Errors  Last Runtime    Last Run               Last # of DB Queries
------------------------------------------------------------------------------------  -----  ---------  --------  ----------  --------------  -------------------  ----------------------
/opt/airflow/dags/01-1c-excel-pipeline/dags/orders_etl.py                                                      1           0  0.26s           2026-06-09T13:25:21                      12
/opt/airflow/dags/01-1c-excel-pipeline/dags/test_dag.py                                 320  0.01s             1           0  0.09s           2026-06-09T13:25:20                      12
/opt/airflow/dags/cases/01-1c-excel-pipeline/data/samples/Реализации_2026-06-08.xlsx                           0           0  0.06s           2026-06-09T13:25:40                       3
/opt/airflow/dags/cases/01-1c-excel-pipeline/data/samples/Реализации_2025-06-07.xlsx                           0           0  0.05s           2026-06-09T13:25:45                       3
================================================================================
[2026-06-09T13:26:21.026+0000] {manager.py:997} INFO - 
================================================================================
DAG File Processing Stats

File Path                                                                               PID  Runtime      # DAGs    # Errors  Last Runtime    Last Run               Last # of DB Queries
------------------------------------------------------------------------------------  -----  ---------  --------  ----------  --------------  -------------------  ----------------------
/opt/airflow/dags/01-1c-excel-pipeline/dags/orders_etl.py                                                      1           0  0.25s           2026-06-09T13:25:51                      12
/opt/airflow/dags/01-1c-excel-pipeline/dags/test_dag.py                                 324  0.00s             1           0  0.09s           2026-06-09T13:25:50                      12
/opt/airflow/dags/cases/01-1c-excel-pipeline/data/samples/Реализации_2025-06-07.xlsx                           0           0  0.05s           2026-06-09T13:26:15                       3
/opt/airflow/dags/cases/01-1c-excel-pipeline/data/samples/Реализации_2026-06-08.xlsx                           0           0  0.04s           2026-06-09T13:26:10                       3
================================================================================
[2026-06-09T13:26:51.583+0000] {manager.py:997} INFO - 
================================================================================
DAG File Processing Stats

File Path                                                                               PID  Runtime      # DAGs    # Errors  Last Runtime    Last Run               Last # of DB Queries
------------------------------------------------------------------------------------  -----  ---------  --------  ----------  --------------  -------------------  ----------------------
/opt/airflow/dags/01-1c-excel-pipeline/dags/orders_etl.py                                                      1           0  0.23s           2026-06-09T13:26:22                      12
/opt/airflow/dags/01-1c-excel-pipeline/dags/test_dag.py                                 328  0.01s             1           0  0.14s           2026-06-09T13:26:21                      12
/opt/airflow/dags/cases/01-1c-excel-pipeline/data/samples/Реализации_2025-06-07.xlsx                           0           0  0.05s           2026-06-09T13:26:46                       3
/opt/airflow/dags/cases/01-1c-excel-pipeline/data/samples/Реализации_2026-06-08.xlsx                           0           0  0.03s           2026-06-09T13:26:41                       3
================================================================================
[2026-06-09T13:27:22.028+0000] {manager.py:997} INFO - 
================================================================================
DAG File Processing Stats

File Path                                                                               PID  Runtime      # DAGs    # Errors  Last Runtime    Last Run               Last # of DB Queries
------------------------------------------------------------------------------------  -----  ---------  --------  ----------  --------------  -------------------  ----------------------
/opt/airflow/dags/01-1c-excel-pipeline/dags/orders_etl.py                                                      1           0  0.23s           2026-06-09T13:26:52                      12
/opt/airflow/dags/01-1c-excel-pipeline/dags/test_dag.py                                 332  0.01s             1           0  0.09s           2026-06-09T13:26:51                      12
/opt/airflow/dags/cases/01-1c-excel-pipeline/data/samples/Реализации_2026-06-08.xlsx                           0           0  0.06s           2026-06-09T13:27:11                       3
/opt/airflow/dags/cases/01-1c-excel-pipeline/data/samples/Реализации_2025-06-07.xlsx                           0           0  0.05s           2026-06-09T13:27:16                       3
================================================================================
[2026-06-09T13:27:52.566+0000] {manager.py:997} INFO - 
================================================================================
DAG File Processing Stats

File Path                                                                               PID  Runtime      # DAGs    # Errors  Last Runtime    Last Run               Last # of DB Queries
------------------------------------------------------------------------------------  -----  ---------  --------  ----------  --------------  -------------------  ----------------------
/opt/airflow/dags/01-1c-excel-pipeline/dags/orders_etl.py                                                      1           0  0.25s           2026-06-09T13:27:23                      12
/opt/airflow/dags/01-1c-excel-pipeline/dags/test_dag.py                                 336  0.01s             1           0  0.10s           2026-06-09T13:27:22                      12
/opt/airflow/dags/cases/01-1c-excel-pipeline/data/samples/Реализации_2026-06-08.xlsx                           0           0  0.05s           2026-06-09T13:27:42                       3
/opt/airflow/dags/cases/01-1c-excel-pipeline/data/samples/Реализации_2025-06-07.xlsx                           0           0  0.05s           2026-06-09T13:27:47                       3
================================================================================
[2026-06-09T13:28:23.114+0000] {manager.py:997} INFO - 
================================================================================
DAG File Processing Stats

File Path                                                                               PID  Runtime      # DAGs    # Errors  Last Runtime    Last Run               Last # of DB Queries
------------------------------------------------------------------------------------  -----  ---------  --------  ----------  --------------  -------------------  ----------------------
/opt/airflow/dags/01-1c-excel-pipeline/dags/orders_etl.py                                                      1           0  0.24s           2026-06-09T13:27:53                      12
/opt/airflow/dags/01-1c-excel-pipeline/dags/test_dag.py                                 340  0.01s             1           0  0.11s           2026-06-09T13:27:52                      12
/opt/airflow/dags/cases/01-1c-excel-pipeline/data/samples/Реализации_2026-06-08.xlsx                           0           0  0.06s           2026-06-09T13:28:12                       3
/opt/airflow/dags/cases/01-1c-excel-pipeline/data/samples/Реализации_2025-06-07.xlsx                           0           0  0.06s           2026-06-09T13:28:18                       3
================================================================================
[2026-06-09T13:28:53.622+0000] {manager.py:997} INFO - 
================================================================================
DAG File Processing Stats

File Path                                                                               PID  Runtime      # DAGs    # Errors  Last Runtime    Last Run               Last # of DB Queries
------------------------------------------------------------------------------------  -----  ---------  --------  ----------  --------------  -------------------  ----------------------
/opt/airflow/dags/01-1c-excel-pipeline/dags/orders_etl.py                                                      1           0  0.28s           2026-06-09T13:28:24                      12
/opt/airflow/dags/01-1c-excel-pipeline/dags/test_dag.py                                 344  0.01s             1           0  0.11s           2026-06-09T13:28:23                      12
/opt/airflow/dags/cases/01-1c-excel-pipeline/data/samples/Реализации_2026-06-08.xlsx                           0           0  0.05s           2026-06-09T13:28:43                       3
/opt/airflow/dags/cases/01-1c-excel-pipeline/data/samples/Реализации_2025-06-07.xlsx                           0           0  0.04s           2026-06-09T13:28:48                       3
================================================================================
[2026-06-09T13:29:24.154+0000] {manager.py:997} INFO - 
================================================================================
DAG File Processing Stats

File Path                                                                               PID  Runtime      # DAGs    # Errors  Last Runtime    Last Run               Last # of DB Queries
------------------------------------------------------------------------------------  -----  ---------  --------  ----------  --------------  -------------------  ----------------------
/opt/airflow/dags/01-1c-excel-pipeline/dags/orders_etl.py                                                      1           0  0.22s           2026-06-09T13:28:54                      12
/opt/airflow/dags/01-1c-excel-pipeline/dags/test_dag.py                                 348  0.01s             1           0  0.09s           2026-06-09T13:28:53                      12
/opt/airflow/dags/cases/01-1c-excel-pipeline/data/samples/Реализации_2026-06-08.xlsx                           0           0  0.05s           2026-06-09T13:29:14                       3
/opt/airflow/dags/cases/01-1c-excel-pipeline/data/samples/Реализации_2025-06-07.xlsx                           0           0  0.05s           2026-06-09T13:29:19                       3
================================================================================
[2026-06-09T13:29:54.719+0000] {manager.py:997} INFO - 
================================================================================
DAG File Processing Stats

File Path                                                                               PID  Runtime      # DAGs    # Errors  Last Runtime    Last Run               Last # of DB Queries
------------------------------------------------------------------------------------  -----  ---------  --------  ----------  --------------  -------------------  ----------------------
/opt/airflow/dags/01-1c-excel-pipeline/dags/orders_etl.py                                                      1           0  0.26s           2026-06-09T13:29:25                      12
/opt/airflow/dags/01-1c-excel-pipeline/dags/test_dag.py                                 352  0.01s             1           0  0.10s           2026-06-09T13:29:24                      12
/opt/airflow/dags/cases/01-1c-excel-pipeline/data/samples/Реализации_2026-06-08.xlsx                           0           0  0.06s           2026-06-09T13:29:44                       3
/opt/airflow/dags/cases/01-1c-excel-pipeline/data/samples/Реализации_2025-06-07.xlsx                           0           0  0.06s           2026-06-09T13:29:49                       3
================================================================================
[2026-06-09T13:30:25.244+0000] {manager.py:997} INFO - 
================================================================================
DAG File Processing Stats

File Path                                                                               PID  Runtime      # DAGs    # Errors  Last Runtime    Last Run               Last # of DB Queries
------------------------------------------------------------------------------------  -----  ---------  --------  ----------  --------------  -------------------  ----------------------
/opt/airflow/dags/01-1c-excel-pipeline/dags/orders_etl.py                                                      1           0  0.25s           2026-06-09T13:29:56                      12
/opt/airflow/dags/01-1c-excel-pipeline/dags/test_dag.py                                 356  0.00s             1           0  0.10s           2026-06-09T13:29:54                      12
/opt/airflow/dags/cases/01-1c-excel-pipeline/data/samples/Реализации_2025-06-07.xlsx                           0           0  0.05s           2026-06-09T13:30:20                       3
/opt/airflow/dags/cases/01-1c-excel-pipeline/data/samples/Реализации_2026-06-08.xlsx                           0           0  0.04s           2026-06-09T13:30:15                       3
================================================================================
[2026-06-09T13:30:39.489+0000] {manager.py:821} INFO - Searching for files in /opt/airflow/dags
[2026-06-09T13:30:39.498+0000] {manager.py:824} INFO - There are 4 files in /opt/airflow/dags
[2026-06-09T13:30:55.721+0000] {manager.py:997} INFO - 
================================================================================
DAG File Processing Stats

File Path                                                                               PID  Runtime      # DAGs    # Errors  Last Runtime    Last Run               Last # of DB Queries
------------------------------------------------------------------------------------  -----  ---------  --------  ----------  --------------  -------------------  ----------------------
/opt/airflow/dags/01-1c-excel-pipeline/dags/orders_etl.py                                                      1           0  0.26s           2026-06-09T13:30:26                      12
/opt/airflow/dags/01-1c-excel-pipeline/dags/test_dag.py                                 360  0.01s             1           0  0.08s           2026-06-09T13:30:25                      12
/opt/airflow/dags/cases/01-1c-excel-pipeline/data/samples/Реализации_2026-06-08.xlsx                           0           0  0.05s           2026-06-09T13:30:45                       3
/opt/airflow/dags/cases/01-1c-excel-pipeline/data/samples/Реализации_2025-06-07.xlsx                           0           0  0.04s           2026-06-09T13:30:50                       3
================================================================================
[2026-06-09T13:31:26.199+0000] {manager.py:997} INFO - 
================================================================================
DAG File Processing Stats

File Path                                                                               PID  Runtime      # DAGs    # Errors  Last Runtime    Last Run               Last # of DB Queries
------------------------------------------------------------------------------------  -----  ---------  --------  ----------  --------------  -------------------  ----------------------
/opt/airflow/dags/01-1c-excel-pipeline/dags/orders_etl.py                                                      1           0  0.20s           2026-06-09T13:30:56                      12
/opt/airflow/dags/01-1c-excel-pipeline/dags/test_dag.py                                 364  0.01s             1           0  0.08s           2026-06-09T13:30:55                      12
/opt/airflow/dags/cases/01-1c-excel-pipeline/data/samples/Реализации_2025-06-07.xlsx                           0           0  0.05s           2026-06-09T13:31:21                       3
/opt/airflow/dags/cases/01-1c-excel-pipeline/data/samples/Реализации_2026-06-08.xlsx                           0           0  0.03s           2026-06-09T13:31:16                       3
================================================================================
[2026-06-09T13:31:56.665+0000] {manager.py:997} INFO - 
================================================================================
DAG File Processing Stats

File Path                                                                               PID  Runtime      # DAGs    # Errors  Last Runtime    Last Run               Last # of DB Queries
------------------------------------------------------------------------------------  -----  ---------  --------  ----------  --------------  -------------------  ----------------------
/opt/airflow/dags/01-1c-excel-pipeline/dags/orders_etl.py                                                      1           0  0.23s           2026-06-09T13:31:27                      12
/opt/airflow/dags/01-1c-excel-pipeline/dags/test_dag.py                                 368  0.00s             1           0  0.09s           2026-06-09T13:31:26                      12
/opt/airflow/dags/cases/01-1c-excel-pipeline/data/samples/Реализации_2026-06-08.xlsx                           0           0  0.04s           2026-06-09T13:31:46                       3
/opt/airflow/dags/cases/01-1c-excel-pipeline/data/samples/Реализации_2025-06-07.xlsx                           0           0  0.03s           2026-06-09T13:31:51                       3
================================================================================
[2026-06-09T13:32:27.193+0000] {manager.py:997} INFO - 
================================================================================
DAG File Processing Stats

File Path                                                                               PID  Runtime      # DAGs    # Errors  Last Runtime    Last Run               Last # of DB Queries
------------------------------------------------------------------------------------  -----  ---------  --------  ----------  --------------  -------------------  ----------------------
/opt/airflow/dags/01-1c-excel-pipeline/dags/orders_etl.py                                                      1           0  0.24s           2026-06-09T13:31:57                      12
/opt/airflow/dags/01-1c-excel-pipeline/dags/test_dag.py                                 372  0.01s             1           0  0.09s           2026-06-09T13:31:56                      12
/opt/airflow/dags/cases/01-1c-excel-pipeline/data/samples/Реализации_2025-06-07.xlsx                           0           0  0.06s           2026-06-09T13:32:22                       3
/opt/airflow/dags/cases/01-1c-excel-pipeline/data/samples/Реализации_2026-06-08.xlsx                           0           0  0.04s           2026-06-09T13:32:17                       3
================================================================================
[2026-06-09T13:32:57.667+0000] {manager.py:997} INFO - 
================================================================================
DAG File Processing Stats

File Path                                                                               PID  Runtime      # DAGs    # Errors  Last Runtime    Last Run               Last # of DB Queries
------------------------------------------------------------------------------------  -----  ---------  --------  ----------  --------------  -------------------  ----------------------
/opt/airflow/dags/01-1c-excel-pipeline/dags/orders_etl.py                                                      1           0  0.23s           2026-06-09T13:32:28                      12
/opt/airflow/dags/01-1c-excel-pipeline/dags/test_dag.py                                 376  0.01s             1           0  0.08s           2026-06-09T13:32:27                      12
/opt/airflow/dags/cases/01-1c-excel-pipeline/data/samples/Реализации_2025-06-07.xlsx                           0           0  0.04s           2026-06-09T13:32:52                       3
/opt/airflow/dags/cases/01-1c-excel-pipeline/data/samples/Реализации_2026-06-08.xlsx                           0           0  0.04s           2026-06-09T13:32:47                       3
================================================================================
[2026-06-09T13:33:28.154+0000] {manager.py:997} INFO - 
================================================================================
DAG File Processing Stats

File Path                                                                               PID  Runtime      # DAGs    # Errors  Last Runtime    Last Run               Last # of DB Queries
------------------------------------------------------------------------------------  -----  ---------  --------  ----------  --------------  -------------------  ----------------------
/opt/airflow/dags/01-1c-excel-pipeline/dags/orders_etl.py                                                      1           0  0.21s           2026-06-09T13:32:58                      12
/opt/airflow/dags/01-1c-excel-pipeline/dags/test_dag.py                                 380  0.00s             1           0  0.08s           2026-06-09T13:32:57                      12
/opt/airflow/dags/cases/01-1c-excel-pipeline/data/samples/Реализации_2025-06-07.xlsx                           0           0  0.05s           2026-06-09T13:33:23                       3
/opt/airflow/dags/cases/01-1c-excel-pipeline/data/samples/Реализации_2026-06-08.xlsx                           0           0  0.05s           2026-06-09T13:33:18                       3
================================================================================
[2026-06-09T13:33:58.671+0000] {manager.py:997} INFO - 
================================================================================
DAG File Processing Stats

File Path                                                                               PID  Runtime      # DAGs    # Errors  Last Runtime    Last Run               Last # of DB Queries
------------------------------------------------------------------------------------  -----  ---------  --------  ----------  --------------  -------------------  ----------------------
/opt/airflow/dags/01-1c-excel-pipeline/dags/orders_etl.py                                                      1           0  0.22s           2026-06-09T13:33:29                      12
/opt/airflow/dags/01-1c-excel-pipeline/dags/test_dag.py                                 384  0.00s             1           0  0.08s           2026-06-09T13:33:28                      12
/opt/airflow/dags/cases/01-1c-excel-pipeline/data/samples/Реализации_2026-06-08.xlsx                           0           0  0.05s           2026-06-09T13:33:48                       3
/opt/airflow/dags/cases/01-1c-excel-pipeline/data/samples/Реализации_2025-06-07.xlsx                           0           0  0.05s           2026-06-09T13:33:53                       3
================================================================================
[2026-06-09T13:34:29.204+0000] {manager.py:997} INFO - 
================================================================================
DAG File Processing Stats

File Path                                                                               PID  Runtime      # DAGs    # Errors  Last Runtime    Last Run               Last # of DB Queries
------------------------------------------------------------------------------------  -----  ---------  --------  ----------  --------------  -------------------  ----------------------
/opt/airflow/dags/01-1c-excel-pipeline/dags/orders_etl.py                                                      1           0  0.24s           2026-06-09T13:33:59                      12
/opt/airflow/dags/01-1c-excel-pipeline/dags/test_dag.py                                 388  0.01s             1           0  0.09s           2026-06-09T13:33:58                      12
/opt/airflow/dags/cases/01-1c-excel-pipeline/data/samples/Реализации_2025-06-07.xlsx                           0           0  0.05s           2026-06-09T13:34:24                       3
/opt/airflow/dags/cases/01-1c-excel-pipeline/data/samples/Реализации_2026-06-08.xlsx                           0           0  0.04s           2026-06-09T13:34:19                       3
================================================================================
[2026-06-09T13:34:59.705+0000] {manager.py:997} INFO - 
================================================================================
DAG File Processing Stats

File Path                                                                               PID  Runtime      # DAGs    # Errors  Last Runtime    Last Run               Last # of DB Queries
------------------------------------------------------------------------------------  -----  ---------  --------  ----------  --------------  -------------------  ----------------------
/opt/airflow/dags/01-1c-excel-pipeline/dags/orders_etl.py                                                      1           0  0.23s           2026-06-09T13:34:30                      12
/opt/airflow/dags/01-1c-excel-pipeline/dags/test_dag.py                                 392  0.01s             1           0  0.09s           2026-06-09T13:34:29                      12
/opt/airflow/dags/cases/01-1c-excel-pipeline/data/samples/Реализации_2026-06-08.xlsx                           0           0  0.04s           2026-06-09T13:34:49                       3
/opt/airflow/dags/cases/01-1c-excel-pipeline/data/samples/Реализации_2025-06-07.xlsx                           0           0  0.03s           2026-06-09T13:34:54                       3
================================================================================
[2026-06-09T13:35:30.149+0000] {manager.py:997} INFO - 
================================================================================
DAG File Processing Stats

File Path                                                                               PID  Runtime      # DAGs    # Errors  Last Runtime    Last Run               Last # of DB Queries
------------------------------------------------------------------------------------  -----  ---------  --------  ----------  --------------  -------------------  ----------------------
/opt/airflow/dags/01-1c-excel-pipeline/dags/orders_etl.py                                                      1           0  0.23s           2026-06-09T13:35:00                      12
/opt/airflow/dags/01-1c-excel-pipeline/dags/test_dag.py                                 396  0.00s             1           0  0.07s           2026-06-09T13:34:59                      12
/opt/airflow/dags/cases/01-1c-excel-pipeline/data/samples/Реализации_2026-06-08.xlsx                           0           0  0.03s           2026-06-09T13:35:20                       3
/opt/airflow/dags/cases/01-1c-excel-pipeline/data/samples/Реализации_2025-06-07.xlsx                           0           0  0.03s           2026-06-09T13:35:25                       3
================================================================================
[2026-06-09T13:35:39.526+0000] {manager.py:821} INFO - Searching for files in /opt/airflow/dags
[2026-06-09T13:35:39.539+0000] {manager.py:824} INFO - There are 4 files in /opt/airflow/dags
[2026-06-09T13:36:00.626+0000] {manager.py:997} INFO - 
================================================================================
DAG File Processing Stats

File Path                                                                               PID  Runtime      # DAGs    # Errors  Last Runtime    Last Run               Last # of DB Queries
------------------------------------------------------------------------------------  -----  ---------  --------  ----------  --------------  -------------------  ----------------------
/opt/airflow/dags/01-1c-excel-pipeline/dags/orders_etl.py                                                      1           0  0.25s           2026-06-09T13:35:31                      12
/opt/airflow/dags/01-1c-excel-pipeline/dags/test_dag.py                                 400  0.01s             1           0  0.07s           2026-06-09T13:35:30                      12
/opt/airflow/dags/cases/01-1c-excel-pipeline/data/samples/Реализации_2025-06-07.xlsx                           0           0  0.05s           2026-06-09T13:35:55                       3
/opt/airflow/dags/cases/01-1c-excel-pipeline/data/samples/Реализации_2026-06-08.xlsx                           0           0  0.04s           2026-06-09T13:35:50                       3
================================================================================
[2026-06-09T13:36:31.115+0000] {manager.py:997} INFO - 
================================================================================
DAG File Processing Stats

File Path                                                                               PID  Runtime      # DAGs    # Errors  Last Runtime    Last Run               Last # of DB Queries
------------------------------------------------------------------------------------  -----  ---------  --------  ----------  --------------  -------------------  ----------------------
/opt/airflow/dags/01-1c-excel-pipeline/dags/orders_etl.py                                                      1           0  0.25s           2026-06-09T13:36:01                      12
/opt/airflow/dags/01-1c-excel-pipeline/dags/test_dag.py                                 404  0.01s             1           0  0.08s           2026-06-09T13:36:00                      12
/opt/airflow/dags/cases/01-1c-excel-pipeline/data/samples/Реализации_2025-06-07.xlsx                           0           0  0.05s           2026-06-09T13:36:26                       3
/opt/airflow/dags/cases/01-1c-excel-pipeline/data/samples/Реализации_2026-06-08.xlsx                           0           0  0.04s           2026-06-09T13:36:20                       3
================================================================================
[2026-06-09T13:37:01.664+0000] {manager.py:997} INFO - 
================================================================================
DAG File Processing Stats

File Path                                                                               PID  Runtime      # DAGs    # Errors  Last Runtime    Last Run               Last # of DB Queries
------------------------------------------------------------------------------------  -----  ---------  --------  ----------  --------------  -------------------  ----------------------
/opt/airflow/dags/01-1c-excel-pipeline/dags/orders_etl.py                                                      1           0  0.24s           2026-06-09T13:36:32                      12
/opt/airflow/dags/01-1c-excel-pipeline/dags/test_dag.py                                 408  0.00s             1           0  0.09s           2026-06-09T13:36:31                      12
/opt/airflow/dags/cases/01-1c-excel-pipeline/data/samples/Реализации_2026-06-08.xlsx                           0           0  0.06s           2026-06-09T13:36:51                       3
/opt/airflow/dags/cases/01-1c-excel-pipeline/data/samples/Реализации_2025-06-07.xlsx                           0           0  0.06s           2026-06-09T13:36:56                       3
================================================================================
[2026-06-09T13:37:32.245+0000] {manager.py:997} INFO - 
================================================================================
DAG File Processing Stats

File Path                                                                               PID  Runtime      # DAGs    # Errors  Last Runtime    Last Run               Last # of DB Queries
------------------------------------------------------------------------------------  -----  ---------  --------  ----------  --------------  -------------------  ----------------------
/opt/airflow/dags/01-1c-excel-pipeline/dags/orders_etl.py                                                      1           0  0.27s           2026-06-09T13:37:02                      12
/opt/airflow/dags/01-1c-excel-pipeline/dags/test_dag.py                                 412  0.01s             1           0  0.13s           2026-06-09T13:37:01                      12
/opt/airflow/dags/cases/01-1c-excel-pipeline/data/samples/Реализации_2026-06-08.xlsx                           0           0  0.05s           2026-06-09T13:37:22                       3
/opt/airflow/dags/cases/01-1c-excel-pipeline/data/samples/Реализации_2025-06-07.xlsx                           0           0  0.04s           2026-06-09T13:37:27                       3
================================================================================
[2026-06-09T13:38:02.743+0000] {manager.py:997} INFO - 
================================================================================
DAG File Processing Stats

File Path                                                                               PID  Runtime      # DAGs    # Errors  Last Runtime    Last Run               Last # of DB Queries
------------------------------------------------------------------------------------  -----  ---------  --------  ----------  --------------  -------------------  ----------------------
/opt/airflow/dags/01-1c-excel-pipeline/dags/orders_etl.py                                                      1           0  0.23s           2026-06-09T13:37:33                      12
/opt/airflow/dags/01-1c-excel-pipeline/dags/test_dag.py                                 416  0.00s             1           0  0.08s           2026-06-09T13:37:32                      12
/opt/airflow/dags/cases/01-1c-excel-pipeline/data/samples/Реализации_2026-06-08.xlsx                           0           0  0.06s           2026-06-09T13:37:52                       3
/opt/airflow/dags/cases/01-1c-excel-pipeline/data/samples/Реализации_2025-06-07.xlsx                           0           0  0.04s           2026-06-09T13:37:57                       3
================================================================================
[2026-06-09T13:38:33.311+0000] {manager.py:997} INFO - 
================================================================================
DAG File Processing Stats

File Path                                                                               PID  Runtime      # DAGs    # Errors  Last Runtime    Last Run               Last # of DB Queries
------------------------------------------------------------------------------------  -----  ---------  --------  ----------  --------------  -------------------  ----------------------
/opt/airflow/dags/01-1c-excel-pipeline/dags/orders_etl.py                                                      1           0  0.25s           2026-06-09T13:38:04                      12
/opt/airflow/dags/01-1c-excel-pipeline/dags/test_dag.py                                 420  0.01s             1           0  0.09s           2026-06-09T13:38:02                      12
/opt/airflow/dags/cases/01-1c-excel-pipeline/data/samples/Реализации_2026-06-08.xlsx                           0           0  0.05s           2026-06-09T13:38:23                       3
/opt/airflow/dags/cases/01-1c-excel-pipeline/data/samples/Реализации_2025-06-07.xlsx                           0           0  0.04s           2026-06-09T13:38:28                       3
================================================================================
[2026-06-09T13:39:03.852+0000] {manager.py:997} INFO - 
================================================================================
DAG File Processing Stats

File Path                                                                               PID  Runtime      # DAGs    # Errors  Last Runtime    Last Run               Last # of DB Queries
------------------------------------------------------------------------------------  -----  ---------  --------  ----------  --------------  -------------------  ----------------------
/opt/airflow/dags/01-1c-excel-pipeline/dags/orders_etl.py                                                      1           0  0.22s           2026-06-09T13:38:34                      12
/opt/airflow/dags/01-1c-excel-pipeline/dags/test_dag.py                                 424  0.01s             1           0  0.09s           2026-06-09T13:38:33                      12
/opt/airflow/dags/cases/01-1c-excel-pipeline/data/samples/Реализации_2026-06-08.xlsx                           0           0  0.04s           2026-06-09T13:38:53                       3
/opt/airflow/dags/cases/01-1c-excel-pipeline/data/samples/Реализации_2025-06-07.xlsx                           0           0  0.03s           2026-06-09T13:38:58                       3
================================================================================
[2026-06-09T13:39:34.362+0000] {manager.py:997} INFO - 
================================================================================
DAG File Processing Stats

File Path                                                                               PID  Runtime      # DAGs    # Errors  Last Runtime    Last Run               Last # of DB Queries
------------------------------------------------------------------------------------  -----  ---------  --------  ----------  --------------  -------------------  ----------------------
/opt/airflow/dags/01-1c-excel-pipeline/dags/orders_etl.py                                                      1           0  0.22s           2026-06-09T13:39:05                      12
/opt/airflow/dags/01-1c-excel-pipeline/dags/test_dag.py                                 428  0.01s             1           0  0.09s           2026-06-09T13:39:03                      12
/opt/airflow/dags/cases/01-1c-excel-pipeline/data/samples/Реализации_2026-06-08.xlsx                           0           0  0.05s           2026-06-09T13:39:24                       3
/opt/airflow/dags/cases/01-1c-excel-pipeline/data/samples/Реализации_2025-06-07.xlsx                           0           0  0.04s           2026-06-09T13:39:29                       3
================================================================================
[2026-06-09T13:40:04.920+0000] {manager.py:997} INFO - 
================================================================================
DAG File Processing Stats

File Path                                                                               PID  Runtime      # DAGs    # Errors  Last Runtime    Last Run               Last # of DB Queries
------------------------------------------------------------------------------------  -----  ---------  --------  ----------  --------------  -------------------  ----------------------
/opt/airflow/dags/01-1c-excel-pipeline/dags/orders_etl.py                                                      1           0  0.27s           2026-06-09T13:39:35                      12
/opt/airflow/dags/01-1c-excel-pipeline/dags/test_dag.py                                 432  0.01s             1           0  0.11s           2026-06-09T13:39:34                      12
/opt/airflow/dags/cases/01-1c-excel-pipeline/data/samples/Реализации_2026-06-08.xlsx                           0           0  0.05s           2026-06-09T13:39:54                       3
/opt/airflow/dags/cases/01-1c-excel-pipeline/data/samples/Реализации_2025-06-07.xlsx                           0           0  0.04s           2026-06-09T13:39:59                       3
================================================================================
[2026-06-09T13:40:35.556+0000] {manager.py:997} INFO - 
================================================================================
DAG File Processing Stats

File Path                                                                               PID  Runtime      # DAGs    # Errors  Last Runtime    Last Run               Last # of DB Queries
------------------------------------------------------------------------------------  -----  ---------  --------  ----------  --------------  -------------------  ----------------------
/opt/airflow/dags/01-1c-excel-pipeline/dags/orders_etl.py                                                      1           0  0.26s           2026-06-09T13:40:06                      12
/opt/airflow/dags/01-1c-excel-pipeline/dags/test_dag.py                                 436  0.01s             1           0  0.10s           2026-06-09T13:40:05                      12
/opt/airflow/dags/cases/01-1c-excel-pipeline/data/samples/Реализации_2026-06-08.xlsx                           0           0  0.07s           2026-06-09T13:40:25                       3
/opt/airflow/dags/cases/01-1c-excel-pipeline/data/samples/Реализации_2025-06-07.xlsx                           0           0  0.04s           2026-06-09T13:40:30                       3
================================================================================
[2026-06-09T13:40:39.695+0000] {manager.py:821} INFO - Searching for files in /opt/airflow/dags
[2026-06-09T13:40:39.711+0000] {manager.py:824} INFO - There are 4 files in /opt/airflow/dags
[2026-06-09T13:41:06.132+0000] {manager.py:997} INFO - 
================================================================================
DAG File Processing Stats

File Path                                                                               PID  Runtime      # DAGs    # Errors  Last Runtime    Last Run               Last # of DB Queries
------------------------------------------------------------------------------------  -----  ---------  --------  ----------  --------------  -------------------  ----------------------
/opt/airflow/dags/01-1c-excel-pipeline/dags/orders_etl.py                                                      1           0  0.28s           2026-06-09T13:40:36                      12
/opt/airflow/dags/01-1c-excel-pipeline/dags/test_dag.py                                 440  0.01s             1           0  0.10s           2026-06-09T13:40:35                      12
/opt/airflow/dags/cases/01-1c-excel-pipeline/data/samples/Реализации_2026-06-08.xlsx                           0           0  0.05s           2026-06-09T13:40:55                       3
/opt/airflow/dags/cases/01-1c-excel-pipeline/data/samples/Реализации_2025-06-07.xlsx                           0           0  0.04s           2026-06-09T13:41:01                       3
================================================================================
[2026-06-09T13:41:36.732+0000] {manager.py:997} INFO - 
================================================================================
DAG File Processing Stats

File Path                                                                               PID  Runtime      # DAGs    # Errors  Last Runtime    Last Run               Last # of DB Queries
------------------------------------------------------------------------------------  -----  ---------  --------  ----------  --------------  -------------------  ----------------------
/opt/airflow/dags/01-1c-excel-pipeline/dags/orders_etl.py                                                      1           0  0.23s           2026-06-09T13:41:07                      12
/opt/airflow/dags/01-1c-excel-pipeline/dags/test_dag.py                                 444  0.01s             1           0  0.10s           2026-06-09T13:41:06                      12
/opt/airflow/dags/cases/01-1c-excel-pipeline/data/samples/Реализации_2026-06-08.xlsx                           0           0  0.05s           2026-06-09T13:41:26                       3
/opt/airflow/dags/cases/01-1c-excel-pipeline/data/samples/Реализации_2025-06-07.xlsx                           0           0  0.04s           2026-06-09T13:41:31                       3
================================================================================
[2026-06-09T13:42:07.264+0000] {manager.py:997} INFO - 
================================================================================
DAG File Processing Stats

File Path                                                                               PID  Runtime      # DAGs    # Errors  Last Runtime    Last Run               Last # of DB Queries
------------------------------------------------------------------------------------  -----  ---------  --------  ----------  --------------  -------------------  ----------------------
/opt/airflow/dags/01-1c-excel-pipeline/dags/orders_etl.py                                                      1           0  0.30s           2026-06-09T13:41:38                      12
/opt/airflow/dags/01-1c-excel-pipeline/dags/test_dag.py                                 448  0.00s             1           0  0.11s           2026-06-09T13:41:36                      12
/opt/airflow/dags/cases/01-1c-excel-pipeline/data/samples/Реализации_2026-06-08.xlsx                           0           0  0.06s           2026-06-09T13:41:57                       3
/opt/airflow/dags/cases/01-1c-excel-pipeline/data/samples/Реализации_2025-06-07.xlsx                           0           0  0.03s           2026-06-09T13:42:02                       3
================================================================================
[2026-06-09T13:42:37.882+0000] {manager.py:997} INFO - 
================================================================================
DAG File Processing Stats

File Path                                                                               PID  Runtime      # DAGs    # Errors  Last Runtime    Last Run               Last # of DB Queries
------------------------------------------------------------------------------------  -----  ---------  --------  ----------  --------------  -------------------  ----------------------
/opt/airflow/dags/01-1c-excel-pipeline/dags/orders_etl.py                                                      1           0  0.24s           2026-06-09T13:42:08                      12
/opt/airflow/dags/01-1c-excel-pipeline/dags/test_dag.py                                 452  0.01s             1           0  0.08s           2026-06-09T13:42:07                      12
/opt/airflow/dags/cases/01-1c-excel-pipeline/data/samples/Реализации_2026-06-08.xlsx                           0           0  0.07s           2026-06-09T13:42:27                       3
/opt/airflow/dags/cases/01-1c-excel-pipeline/data/samples/Реализации_2025-06-07.xlsx                           0           0  0.04s           2026-06-09T13:42:32                       3
================================================================================
[2026-06-09T13:43:08.423+0000] {manager.py:997} INFO - 
================================================================================
DAG File Processing Stats

File Path                                                                               PID  Runtime      # DAGs    # Errors  Last Runtime    Last Run               Last # of DB Queries
------------------------------------------------------------------------------------  -----  ---------  --------  ----------  --------------  -------------------  ----------------------
/opt/airflow/dags/01-1c-excel-pipeline/dags/orders_etl.py                                                      1           0  0.29s           2026-06-09T13:42:39                      12
/opt/airflow/dags/01-1c-excel-pipeline/dags/test_dag.py                                 456  0.01s             1           0  0.11s           2026-06-09T13:42:37                      12
/opt/airflow/dags/cases/01-1c-excel-pipeline/data/samples/Реализации_2026-06-08.xlsx                           0           0  0.05s           2026-06-09T13:42:58                       3
/opt/airflow/dags/cases/01-1c-excel-pipeline/data/samples/Реализации_2025-06-07.xlsx                           0           0  0.04s           2026-06-09T13:43:03                       3
================================================================================
[2026-06-09T13:43:38.981+0000] {manager.py:997} INFO - 
================================================================================
DAG File Processing Stats

File Path                                                                               PID  Runtime      # DAGs    # Errors  Last Runtime    Last Run               Last # of DB Queries
------------------------------------------------------------------------------------  -----  ---------  --------  ----------  --------------  -------------------  ----------------------
/opt/airflow/dags/01-1c-excel-pipeline/dags/orders_etl.py                                                      1           0  0.22s           2026-06-09T13:43:09                      12
/opt/airflow/dags/01-1c-excel-pipeline/dags/test_dag.py                                 460  0.01s             1           0  0.08s           2026-06-09T13:43:08                      12
/opt/airflow/dags/cases/01-1c-excel-pipeline/data/samples/Реализации_2026-06-08.xlsx                           0           0  0.06s           2026-06-09T13:43:28                       3
/opt/airflow/dags/cases/01-1c-excel-pipeline/data/samples/Реализации_2025-06-07.xlsx                           0           0  0.05s           2026-06-09T13:43:33                       3
================================================================================
[2026-06-09T13:44:09.570+0000] {manager.py:997} INFO - 
================================================================================
DAG File Processing Stats

File Path                                                                               PID  Runtime      # DAGs    # Errors  Last Runtime    Last Run               Last # of DB Queries
------------------------------------------------------------------------------------  -----  ---------  --------  ----------  --------------  -------------------  ----------------------
/opt/airflow/dags/01-1c-excel-pipeline/dags/orders_etl.py                                                      1           0  0.27s           2026-06-09T13:43:40                      12
/opt/airflow/dags/01-1c-excel-pipeline/dags/test_dag.py                                 464  0.00s             1           0  0.11s           2026-06-09T13:43:39                      12
/opt/airflow/dags/cases/01-1c-excel-pipeline/data/samples/Реализации_2026-06-08.xlsx                           0           0  0.05s           2026-06-09T13:43:59                       3
/opt/airflow/dags/cases/01-1c-excel-pipeline/data/samples/Реализации_2025-06-07.xlsx                           0           0  0.05s           2026-06-09T13:44:04                       3
================================================================================
[2026-06-09T13:44:40.119+0000] {manager.py:997} INFO - 
================================================================================
DAG File Processing Stats

File Path                                                                               PID  Runtime      # DAGs    # Errors  Last Runtime    Last Run               Last # of DB Queries
------------------------------------------------------------------------------------  -----  ---------  --------  ----------  --------------  -------------------  ----------------------
/opt/airflow/dags/01-1c-excel-pipeline/dags/orders_etl.py                                                      1           0  0.24s           2026-06-09T13:44:10                      12
/opt/airflow/dags/01-1c-excel-pipeline/dags/test_dag.py                                 468  0.00s             1           0  0.08s           2026-06-09T13:44:09                      12
/opt/airflow/dags/cases/01-1c-excel-pipeline/data/samples/Реализации_2026-06-08.xlsx                           0           0  0.04s           2026-06-09T13:44:29                       3
/opt/airflow/dags/cases/01-1c-excel-pipeline/data/samples/Реализации_2025-06-07.xlsx                           0           0  0.04s           2026-06-09T13:44:35                       3
================================================================================
[2026-06-09T13:45:10.583+0000] {manager.py:997} INFO - 
================================================================================
DAG File Processing Stats

File Path                                                                               PID  Runtime      # DAGs    # Errors  Last Runtime    Last Run               Last # of DB Queries
------------------------------------------------------------------------------------  -----  ---------  --------  ----------  --------------  -------------------  ----------------------
/opt/airflow/dags/01-1c-excel-pipeline/dags/orders_etl.py                                                      1           0  0.22s           2026-06-09T13:44:41                      12
/opt/airflow/dags/01-1c-excel-pipeline/dags/test_dag.py                                 472  0.01s             1           0  0.08s           2026-06-09T13:44:40                      12
/opt/airflow/dags/cases/01-1c-excel-pipeline/data/samples/Реализации_2026-06-08.xlsx                           0           0  0.05s           2026-06-09T13:45:00                       3
/opt/airflow/dags/cases/01-1c-excel-pipeline/data/samples/Реализации_2025-06-07.xlsx                           0           0  0.05s           2026-06-09T13:45:05                       3
================================================================================
[2026-06-09T13:45:40.101+0000] {manager.py:821} INFO - Searching for files in /opt/airflow/dags
[2026-06-09T13:45:40.116+0000] {manager.py:824} INFO - There are 4 files in /opt/airflow/dags
[2026-06-09T13:45:41.165+0000] {manager.py:997} INFO - 
================================================================================
DAG File Processing Stats

File Path                                                                               PID  Runtime      # DAGs    # Errors  Last Runtime    Last Run               Last # of DB Queries
------------------------------------------------------------------------------------  -----  ---------  --------  ----------  --------------  -------------------  ----------------------
/opt/airflow/dags/01-1c-excel-pipeline/dags/orders_etl.py                                                      1           0  0.23s           2026-06-09T13:45:11                      12
/opt/airflow/dags/01-1c-excel-pipeline/dags/test_dag.py                                 476  0.01s             1           0  0.09s           2026-06-09T13:45:10                      12
/opt/airflow/dags/cases/01-1c-excel-pipeline/data/samples/Реализации_2025-06-07.xlsx                           0           0  0.06s           2026-06-09T13:45:36                       3
/opt/airflow/dags/cases/01-1c-excel-pipeline/data/samples/Реализации_2026-06-08.xlsx                           0           0  0.04s           2026-06-09T13:45:30                       3
================================================================================
[2026-06-09T13:46:11.704+0000] {manager.py:997} INFO - 
================================================================================
DAG File Processing Stats

File Path                                                                               PID  Runtime      # DAGs    # Errors  Last Runtime    Last Run               Last # of DB Queries
------------------------------------------------------------------------------------  -----  ---------  --------  ----------  --------------  -------------------  ----------------------
/opt/airflow/dags/01-1c-excel-pipeline/dags/orders_etl.py                                                      1           0  0.28s           2026-06-09T13:45:42                      12
/opt/airflow/dags/01-1c-excel-pipeline/dags/test_dag.py                                 480  0.01s             1           0  0.09s           2026-06-09T13:45:41                      12
/opt/airflow/dags/cases/01-1c-excel-pipeline/data/samples/Реализации_2025-06-07.xlsx                           0           0  0.05s           2026-06-09T13:46:06                       3
/opt/airflow/dags/cases/01-1c-excel-pipeline/data/samples/Реализации_2026-06-08.xlsx                           0           0  0.04s           2026-06-09T13:46:01                       3
================================================================================
[2026-06-09T13:46:42.198+0000] {manager.py:997} INFO - 
================================================================================
DAG File Processing Stats

File Path                                                                               PID  Runtime      # DAGs    # Errors  Last Runtime    Last Run               Last # of DB Queries
------------------------------------------------------------------------------------  -----  ---------  --------  ----------  --------------  -------------------  ----------------------
/opt/airflow/dags/01-1c-excel-pipeline/dags/orders_etl.py                                                      1           0  0.21s           2026-06-09T13:46:12                      12
/opt/airflow/dags/cases/01-1c-excel-pipeline/data/samples/Реализации_2026-06-08.xlsx                           0           0  0.09s           2026-06-09T13:46:32                       3
/opt/airflow/dags/01-1c-excel-pipeline/dags/test_dag.py                                 484  0.00s             1           0  0.08s           2026-06-09T13:46:11                      12
/opt/airflow/dags/cases/01-1c-excel-pipeline/data/samples/Реализации_2025-06-07.xlsx                           0           0  0.05s           2026-06-09T13:46:37                       3
================================================================================
[2026-06-09T13:47:12.699+0000] {manager.py:997} INFO - 
================================================================================
DAG File Processing Stats

File Path                                                                               PID  Runtime      # DAGs    # Errors  Last Runtime    Last Run               Last # of DB Queries
------------------------------------------------------------------------------------  -----  ---------  --------  ----------  --------------  -------------------  ----------------------
/opt/airflow/dags/01-1c-excel-pipeline/dags/orders_etl.py                                                      1           0  0.25s           2026-06-09T13:46:43                      12
/opt/airflow/dags/01-1c-excel-pipeline/dags/test_dag.py                                 488  0.01s             1           0  0.09s           2026-06-09T13:46:42                      12
/opt/airflow/dags/cases/01-1c-excel-pipeline/data/samples/Реализации_2026-06-08.xlsx                           0           0  0.05s           2026-06-09T13:47:02                       3
/opt/airflow/dags/cases/01-1c-excel-pipeline/data/samples/Реализации_2025-06-07.xlsx                           0           0  0.04s           2026-06-09T13:47:07                       3
================================================================================
[2026-06-09T13:47:43.201+0000] {manager.py:997} INFO - 
================================================================================
DAG File Processing Stats

File Path                                                                               PID  Runtime      # DAGs    # Errors  Last Runtime    Last Run               Last # of DB Queries
------------------------------------------------------------------------------------  -----  ---------  --------  ----------  --------------  -------------------  ----------------------
/opt/airflow/dags/01-1c-excel-pipeline/dags/orders_etl.py                                                      1           0  0.23s           2026-06-09T13:47:13                      12
/opt/airflow/dags/01-1c-excel-pipeline/dags/test_dag.py                                 492  0.00s             1           0  0.08s           2026-06-09T13:47:12                      12
/opt/airflow/dags/cases/01-1c-excel-pipeline/data/samples/Реализации_2025-06-07.xlsx                           0           0  0.04s           2026-06-09T13:47:38                       3
/opt/airflow/dags/cases/01-1c-excel-pipeline/data/samples/Реализации_2026-06-08.xlsx                           0           0  0.03s           2026-06-09T13:47:33                       3
================================================================================
[2026-06-09T13:48:13.707+0000] {manager.py:997} INFO - 
================================================================================
DAG File Processing Stats

File Path                                                                               PID  Runtime      # DAGs    # Errors  Last Runtime    Last Run               Last # of DB Queries
------------------------------------------------------------------------------------  -----  ---------  --------  ----------  --------------  -------------------  ----------------------
/opt/airflow/dags/01-1c-excel-pipeline/dags/orders_etl.py                                                      1           0  0.21s           2026-06-09T13:47:44                      12
/opt/airflow/dags/01-1c-excel-pipeline/dags/test_dag.py                                 496  0.01s             1           0  0.08s           2026-06-09T13:47:43                      12
/opt/airflow/dags/cases/01-1c-excel-pipeline/data/samples/Реализации_2026-06-08.xlsx                           0           0  0.05s           2026-06-09T13:48:03                       3
/opt/airflow/dags/cases/01-1c-excel-pipeline/data/samples/Реализации_2025-06-07.xlsx                           0           0  0.04s           2026-06-09T13:48:08                       3
================================================================================
[2026-06-09T13:48:44.275+0000] {manager.py:997} INFO - 
================================================================================
DAG File Processing Stats

File Path                                                                               PID  Runtime      # DAGs    # Errors  Last Runtime    Last Run               Last # of DB Queries
------------------------------------------------------------------------------------  -----  ---------  --------  ----------  --------------  -------------------  ----------------------
/opt/airflow/dags/01-1c-excel-pipeline/dags/orders_etl.py                                                      1           0  0.26s           2026-06-09T13:48:14                      12
/opt/airflow/dags/01-1c-excel-pipeline/dags/test_dag.py                                 500  0.01s             1           0  0.09s           2026-06-09T13:48:13                      12
/opt/airflow/dags/cases/01-1c-excel-pipeline/data/samples/Реализации_2026-06-08.xlsx                           0           0  0.06s           2026-06-09T13:48:34                       3
/opt/airflow/dags/cases/01-1c-excel-pipeline/data/samples/Реализации_2025-06-07.xlsx                           0           0  0.05s           2026-06-09T13:48:39                       3
================================================================================
[2026-06-09T13:49:14.761+0000] {manager.py:997} INFO - 
================================================================================
DAG File Processing Stats

File Path                                                                               PID  Runtime      # DAGs    # Errors  Last Runtime    Last Run               Last # of DB Queries
------------------------------------------------------------------------------------  -----  ---------  --------  ----------  --------------  -------------------  ----------------------
/opt/airflow/dags/01-1c-excel-pipeline/dags/orders_etl.py                                                      1           0  0.25s           2026-06-09T13:48:45                      12
/opt/airflow/dags/01-1c-excel-pipeline/dags/test_dag.py                                 504  0.01s             1           0  0.09s           2026-06-09T13:48:44                      12
/opt/airflow/dags/cases/01-1c-excel-pipeline/data/samples/Реализации_2026-06-08.xlsx                           0           0  0.05s           2026-06-09T13:49:04                       3
/opt/airflow/dags/cases/01-1c-excel-pipeline/data/samples/Реализации_2025-06-07.xlsx                           0           0  0.04s           2026-06-09T13:49:09                       3
================================================================================
[2026-06-09T13:49:45.186+0000] {manager.py:997} INFO - 
================================================================================
DAG File Processing Stats

File Path                                                                               PID  Runtime      # DAGs    # Errors  Last Runtime    Last Run               Last # of DB Queries
------------------------------------------------------------------------------------  -----  ---------  --------  ----------  --------------  -------------------  ----------------------
/opt/airflow/dags/01-1c-excel-pipeline/dags/orders_etl.py                                                      1           0  0.21s           2026-06-09T13:49:15                      12
/opt/airflow/dags/01-1c-excel-pipeline/dags/test_dag.py                                 508  0.00s             1           0  0.08s           2026-06-09T13:49:14                      12
/opt/airflow/dags/cases/01-1c-excel-pipeline/data/samples/Реализации_2026-06-08.xlsx                           0           0  0.04s           2026-06-09T13:49:35                       3
/opt/airflow/dags/cases/01-1c-excel-pipeline/data/samples/Реализации_2025-06-07.xlsx                           0           0  0.03s           2026-06-09T13:49:40                       3
================================================================================
[2026-06-09T13:50:15.693+0000] {manager.py:997} INFO - 
================================================================================
DAG File Processing Stats

File Path                                                                               PID  Runtime      # DAGs    # Errors  Last Runtime    Last Run               Last # of DB Queries
------------------------------------------------------------------------------------  -----  ---------  --------  ----------  --------------  -------------------  ----------------------
/opt/airflow/dags/01-1c-excel-pipeline/dags/orders_etl.py                                                      1           0  0.22s           2026-06-09T13:49:46                      12
/opt/airflow/dags/01-1c-excel-pipeline/dags/test_dag.py                                 512  0.01s             1           0  0.06s           2026-06-09T13:49:45                      12
/opt/airflow/dags/cases/01-1c-excel-pipeline/data/samples/Реализации_2026-06-08.xlsx                           0           0  0.05s           2026-06-09T13:50:05                       3
/opt/airflow/dags/cases/01-1c-excel-pipeline/data/samples/Реализации_2025-06-07.xlsx                           0           0  0.04s           2026-06-09T13:50:10                       3
================================================================================
[2026-06-09T13:50:40.129+0000] {manager.py:821} INFO - Searching for files in /opt/airflow/dags
[2026-06-09T13:50:40.145+0000] {manager.py:824} INFO - There are 4 files in /opt/airflow/dags
[2026-06-09T13:50:46.230+0000] {manager.py:997} INFO - 
================================================================================
DAG File Processing Stats

File Path                                                                               PID  Runtime      # DAGs    # Errors  Last Runtime    Last Run               Last # of DB Queries
------------------------------------------------------------------------------------  -----  ---------  --------  ----------  --------------  -------------------  ----------------------
/opt/airflow/dags/01-1c-excel-pipeline/dags/orders_etl.py                                                      1           0  0.22s           2026-06-09T13:50:16                      12
/opt/airflow/dags/01-1c-excel-pipeline/dags/test_dag.py                                 516  0.00s             1           0  0.09s           2026-06-09T13:50:15                      12
/opt/airflow/dags/cases/01-1c-excel-pipeline/data/samples/Реализации_2026-06-08.xlsx                           0           0  0.05s           2026-06-09T13:50:36                       3
/opt/airflow/dags/cases/01-1c-excel-pipeline/data/samples/Реализации_2025-06-07.xlsx                           0           0  0.05s           2026-06-09T13:50:41                       3
================================================================================
[2026-06-09T13:51:16.737+0000] {manager.py:997} INFO - 
================================================================================
DAG File Processing Stats

File Path                                                                               PID  Runtime      # DAGs    # Errors  Last Runtime    Last Run               Last # of DB Queries
------------------------------------------------------------------------------------  -----  ---------  --------  ----------  --------------  -------------------  ----------------------
/opt/airflow/dags/01-1c-excel-pipeline/dags/orders_etl.py                                                      1           0  0.23s           2026-06-09T13:50:47                      12
/opt/airflow/dags/01-1c-excel-pipeline/dags/test_dag.py                                 520  0.01s             1           0  0.08s           2026-06-09T13:50:46                      12
/opt/airflow/dags/cases/01-1c-excel-pipeline/data/samples/Реализации_2026-06-08.xlsx                           0           0  0.05s           2026-06-09T13:51:06                       3
/opt/airflow/dags/cases/01-1c-excel-pipeline/data/samples/Реализации_2025-06-07.xlsx                           0           0  0.04s           2026-06-09T13:51:11                       3
================================================================================
[2026-06-09T13:51:47.205+0000] {manager.py:997} INFO - 
================================================================================
DAG File Processing Stats

File Path                                                                               PID  Runtime      # DAGs    # Errors  Last Runtime    Last Run               Last # of DB Queries
------------------------------------------------------------------------------------  -----  ---------  --------  ----------  --------------  -------------------  ----------------------
/opt/airflow/dags/01-1c-excel-pipeline/dags/orders_etl.py                                                      1           0  0.19s           2026-06-09T13:51:17                      12
/opt/airflow/dags/01-1c-excel-pipeline/dags/test_dag.py                                 524  0.01s             1           0  0.08s           2026-06-09T13:51:16                      12
/opt/airflow/dags/cases/01-1c-excel-pipeline/data/samples/Реализации_2026-06-08.xlsx                           0           0  0.05s           2026-06-09T13:51:37                       3
/opt/airflow/dags/cases/01-1c-excel-pipeline/data/samples/Реализации_2025-06-07.xlsx                           0           0  0.04s           2026-06-09T13:51:42                       3
================================================================================
[2026-06-09T13:52:17.633+0000] {manager.py:997} INFO - 
================================================================================
DAG File Processing Stats

File Path                                                                               PID  Runtime      # DAGs    # Errors  Last Runtime    Last Run               Last # of DB Queries
------------------------------------------------------------------------------------  -----  ---------  --------  ----------  --------------  -------------------  ----------------------
/opt/airflow/dags/01-1c-excel-pipeline/dags/orders_etl.py                                                      1           0  0.20s           2026-06-09T13:51:48                      12
/opt/airflow/dags/01-1c-excel-pipeline/dags/test_dag.py                                 528  0.00s             1           0  0.08s           2026-06-09T13:51:47                      12
/opt/airflow/dags/cases/01-1c-excel-pipeline/data/samples/Реализации_2026-06-08.xlsx                           0           0  0.04s           2026-06-09T13:52:07                       3
/opt/airflow/dags/cases/01-1c-excel-pipeline/data/samples/Реализации_2025-06-07.xlsx                           0           0  0.03s           2026-06-09T13:52:12                       3
================================================================================
[2026-06-09T13:52:48.160+0000] {manager.py:997} INFO - 
================================================================================
DAG File Processing Stats

File Path                                                                               PID  Runtime      # DAGs    # Errors  Last Runtime    Last Run               Last # of DB Queries
------------------------------------------------------------------------------------  -----  ---------  --------  ----------  --------------  -------------------  ----------------------
/opt/airflow/dags/01-1c-excel-pipeline/dags/orders_etl.py                                                      1           0  0.22s           2026-06-09T13:52:18                      12
/opt/airflow/dags/01-1c-excel-pipeline/dags/test_dag.py                                 532  0.01s             1           0  0.07s           2026-06-09T13:52:17                      12
/opt/airflow/dags/cases/01-1c-excel-pipeline/data/samples/Реализации_2026-06-08.xlsx                           0           0  0.05s           2026-06-09T13:52:38                       3
/opt/airflow/dags/cases/01-1c-excel-pipeline/data/samples/Реализации_2025-06-07.xlsx                           0           0  0.04s           2026-06-09T13:52:43                       3
================================================================================
[2026-06-09T13:53:18.696+0000] {manager.py:997} INFO - 
================================================================================
DAG File Processing Stats

File Path                                                                               PID  Runtime      # DAGs    # Errors  Last Runtime    Last Run               Last # of DB Queries
------------------------------------------------------------------------------------  -----  ---------  --------  ----------  --------------  -------------------  ----------------------
/opt/airflow/dags/01-1c-excel-pipeline/dags/orders_etl.py                                                      1           0  0.20s           2026-06-09T13:52:49                      12
/opt/airflow/dags/01-1c-excel-pipeline/dags/test_dag.py                                 536  0.01s             1           0  0.08s           2026-06-09T13:52:48                      12
/opt/airflow/dags/cases/01-1c-excel-pipeline/data/samples/Реализации_2026-06-08.xlsx                           0           0  0.06s           2026-06-09T13:53:08                       3
/opt/airflow/dags/cases/01-1c-excel-pipeline/data/samples/Реализации_2025-06-07.xlsx                           0           0  0.05s           2026-06-09T13:53:13                       3
================================================================================
[2026-06-09T13:53:49.193+0000] {manager.py:997} INFO - 
================================================================================
DAG File Processing Stats

File Path                                                                               PID  Runtime      # DAGs    # Errors  Last Runtime    Last Run               Last # of DB Queries
------------------------------------------------------------------------------------  -----  ---------  --------  ----------  --------------  -------------------  ----------------------
/opt/airflow/dags/01-1c-excel-pipeline/dags/orders_etl.py                                                      1           0  0.20s           2026-06-09T13:53:19                      12
/opt/airflow/dags/01-1c-excel-pipeline/dags/test_dag.py                                 540  0.00s             1           0  0.10s           2026-06-09T13:53:18                      12
/opt/airflow/dags/cases/01-1c-excel-pipeline/data/samples/Реализации_2025-06-07.xlsx                           0           0  0.04s           2026-06-09T13:53:44                       3
/opt/airflow/dags/cases/01-1c-excel-pipeline/data/samples/Реализации_2026-06-08.xlsx                           0           0  0.04s           2026-06-09T13:53:39                       3
================================================================================
[2026-06-09T13:54:19.669+0000] {manager.py:997} INFO - 
================================================================================
DAG File Processing Stats

File Path                                                                               PID  Runtime      # DAGs    # Errors  Last Runtime    Last Run               Last # of DB Queries
------------------------------------------------------------------------------------  -----  ---------  --------  ----------  --------------  -------------------  ----------------------
/opt/airflow/dags/01-1c-excel-pipeline/dags/orders_etl.py                                                      1           0  0.24s           2026-06-09T13:53:50                      12
/opt/airflow/dags/01-1c-excel-pipeline/dags/test_dag.py                                 544  0.00s             1           0  0.08s           2026-06-09T13:53:49                      12
/opt/airflow/dags/cases/01-1c-excel-pipeline/data/samples/Реализации_2026-06-08.xlsx                           0           0  0.04s           2026-06-09T13:54:09                       3
/opt/airflow/dags/cases/01-1c-excel-pipeline/data/samples/Реализации_2025-06-07.xlsx                           0           0  0.04s           2026-06-09T13:54:14                       3
================================================================================
[2026-06-09T13:54:50.154+0000] {manager.py:997} INFO - 
================================================================================
DAG File Processing Stats

File Path                                                                               PID  Runtime      # DAGs    # Errors  Last Runtime    Last Run               Last # of DB Queries
------------------------------------------------------------------------------------  -----  ---------  --------  ----------  --------------  -------------------  ----------------------
/opt/airflow/dags/01-1c-excel-pipeline/dags/orders_etl.py                                                      1           0  0.20s           2026-06-09T13:54:20                      12
/opt/airflow/dags/01-1c-excel-pipeline/dags/test_dag.py                                 548  0.00s             1           0  0.08s           2026-06-09T13:54:19                      12
/opt/airflow/dags/cases/01-1c-excel-pipeline/data/samples/Реализации_2026-06-08.xlsx                           0           0  0.06s           2026-06-09T13:54:40                       3
/opt/airflow/dags/cases/01-1c-excel-pipeline/data/samples/Реализации_2025-06-07.xlsx                           0           0  0.04s           2026-06-09T13:54:45                       3
================================================================================
[2026-06-09T13:55:20.637+0000] {manager.py:997} INFO - 
================================================================================
DAG File Processing Stats

File Path                                                                               PID  Runtime      # DAGs    # Errors  Last Runtime    Last Run               Last # of DB Queries
------------------------------------------------------------------------------------  -----  ---------  --------  ----------  --------------  -------------------  ----------------------
/opt/airflow/dags/01-1c-excel-pipeline/dags/orders_etl.py                                                      1           0  0.22s           2026-06-09T13:54:51                      12
/opt/airflow/dags/01-1c-excel-pipeline/dags/test_dag.py                                 552  0.01s             1           0  0.10s           2026-06-09T13:54:50                      12
/opt/airflow/dags/cases/01-1c-excel-pipeline/data/samples/Реализации_2026-06-08.xlsx                           0           0  0.05s           2026-06-09T13:55:10                       3
/opt/airflow/dags/cases/01-1c-excel-pipeline/data/samples/Реализации_2025-06-07.xlsx                           0           0  0.04s           2026-06-09T13:55:15                       3
================================================================================
[2026-06-09T13:55:40.146+0000] {manager.py:821} INFO - Searching for files in /opt/airflow/dags
[2026-06-09T13:55:40.160+0000] {manager.py:824} INFO - There are 4 files in /opt/airflow/dags
[2026-06-09T13:55:51.151+0000] {manager.py:997} INFO - 
================================================================================
DAG File Processing Stats

File Path                                                                               PID  Runtime      # DAGs    # Errors  Last Runtime    Last Run               Last # of DB Queries
------------------------------------------------------------------------------------  -----  ---------  --------  ----------  --------------  -------------------  ----------------------
/opt/airflow/dags/01-1c-excel-pipeline/dags/orders_etl.py                                                      1           0  0.26s           2026-06-09T13:55:21                      12
/opt/airflow/dags/01-1c-excel-pipeline/dags/test_dag.py                                 556  0.00s             1           0  0.08s           2026-06-09T13:55:20                      12
/opt/airflow/dags/cases/01-1c-excel-pipeline/data/samples/Реализации_2025-06-07.xlsx                           0           0  0.04s           2026-06-09T13:55:46                       3
/opt/airflow/dags/cases/01-1c-excel-pipeline/data/samples/Реализации_2026-06-08.xlsx                           0           0  0.04s           2026-06-09T13:55:41                       3
================================================================================
[2026-06-09T13:56:21.704+0000] {manager.py:997} INFO - 
================================================================================
DAG File Processing Stats

File Path                                                                               PID  Runtime      # DAGs    # Errors  Last Runtime    Last Run               Last # of DB Queries
------------------------------------------------------------------------------------  -----  ---------  --------  ----------  --------------  -------------------  ----------------------
/opt/airflow/dags/01-1c-excel-pipeline/dags/orders_etl.py                                                      1           0  0.22s           2026-06-09T13:55:52                      12
/opt/airflow/dags/01-1c-excel-pipeline/dags/test_dag.py                                 560  0.00s             1           0  0.08s           2026-06-09T13:55:51                      12
/opt/airflow/dags/cases/01-1c-excel-pipeline/data/samples/Реализации_2025-06-07.xlsx                           0           0  0.04s           2026-06-09T13:56:16                       3
/opt/airflow/dags/cases/01-1c-excel-pipeline/data/samples/Реализации_2026-06-08.xlsx                           0           0  0.04s           2026-06-09T13:56:11                       3
================================================================================
[2026-06-09T13:56:52.217+0000] {manager.py:997} INFO - 
================================================================================
DAG File Processing Stats

File Path                                                                               PID  Runtime      # DAGs    # Errors  Last Runtime    Last Run               Last # of DB Queries
------------------------------------------------------------------------------------  -----  ---------  --------  ----------  --------------  -------------------  ----------------------
/opt/airflow/dags/01-1c-excel-pipeline/dags/orders_etl.py                                                      1           0  0.22s           2026-06-09T13:56:22                      12
/opt/airflow/dags/01-1c-excel-pipeline/dags/test_dag.py                                 564  0.01s             1           0  0.08s           2026-06-09T13:56:21                      12
/opt/airflow/dags/cases/01-1c-excel-pipeline/data/samples/Реализации_2025-06-07.xlsx                           0           0  0.05s           2026-06-09T13:56:47                       3
/opt/airflow/dags/cases/01-1c-excel-pipeline/data/samples/Реализации_2026-06-08.xlsx                           0           0  0.04s           2026-06-09T13:56:42                       3
================================================================================
[2026-06-09T13:57:22.793+0000] {manager.py:997} INFO - 
================================================================================
DAG File Processing Stats

File Path                                                                               PID  Runtime      # DAGs    # Errors  Last Runtime    Last Run               Last # of DB Queries
------------------------------------------------------------------------------------  -----  ---------  --------  ----------  --------------  -------------------  ----------------------
/opt/airflow/dags/01-1c-excel-pipeline/dags/orders_etl.py                                                      1           0  0.21s           2026-06-09T13:56:53                      12
/opt/airflow/dags/cases/01-1c-excel-pipeline/data/samples/Реализации_2026-06-08.xlsx                           0           0  0.12s           2026-06-09T13:57:12                       3
/opt/airflow/dags/01-1c-excel-pipeline/dags/test_dag.py                                 568  0.00s             1           0  0.08s           2026-06-09T13:56:52                      12
/opt/airflow/dags/cases/01-1c-excel-pipeline/data/samples/Реализации_2025-06-07.xlsx                           0           0  0.05s           2026-06-09T13:57:17                       3
================================================================================
[2026-06-09T13:57:53.272+0000] {manager.py:997} INFO - 
================================================================================
DAG File Processing Stats

File Path                                                                               PID  Runtime      # DAGs    # Errors  Last Runtime    Last Run               Last # of DB Queries
------------------------------------------------------------------------------------  -----  ---------  --------  ----------  --------------  -------------------  ----------------------
/opt/airflow/dags/01-1c-excel-pipeline/dags/orders_etl.py                                                      1           0  0.24s           2026-06-09T13:57:24                      12
/opt/airflow/dags/01-1c-excel-pipeline/dags/test_dag.py                                 572  0.01s             1           0  0.09s           2026-06-09T13:57:22                      12
/opt/airflow/dags/cases/01-1c-excel-pipeline/data/samples/Реализации_2026-06-08.xlsx                           0           0  0.05s           2026-06-09T13:57:43                       3
/opt/airflow/dags/cases/01-1c-excel-pipeline/data/samples/Реализации_2025-06-07.xlsx                           0           0  0.04s           2026-06-09T13:57:48                       3
================================================================================
[2026-06-09T13:58:23.845+0000] {manager.py:997} INFO - 
================================================================================
DAG File Processing Stats

File Path                                                                               PID  Runtime      # DAGs    # Errors  Last Runtime    Last Run               Last # of DB Queries
------------------------------------------------------------------------------------  -----  ---------  --------  ----------  --------------  -------------------  ----------------------
/opt/airflow/dags/01-1c-excel-pipeline/dags/orders_etl.py                                                      1           0  0.20s           2026-06-09T13:57:54                      12
/opt/airflow/dags/01-1c-excel-pipeline/dags/test_dag.py                                 576  0.01s             1           0  0.09s           2026-06-09T13:57:53                      12
/opt/airflow/dags/cases/01-1c-excel-pipeline/data/samples/Реализации_2025-06-07.xlsx                           0           0  0.05s           2026-06-09T13:58:18                       3
/opt/airflow/dags/cases/01-1c-excel-pipeline/data/samples/Реализации_2026-06-08.xlsx                           0           0  0.04s           2026-06-09T13:58:13                       3
================================================================================
[2026-06-09T13:58:54.391+0000] {manager.py:997} INFO - 
================================================================================
DAG File Processing Stats

File Path                                                                               PID  Runtime      # DAGs    # Errors  Last Runtime    Last Run               Last # of DB Queries
------------------------------------------------------------------------------------  -----  ---------  --------  ----------  --------------  -------------------  ----------------------
/opt/airflow/dags/01-1c-excel-pipeline/dags/orders_etl.py                                                      1           0  0.22s           2026-06-09T13:58:25                      12
/opt/airflow/dags/01-1c-excel-pipeline/dags/test_dag.py                                 580  0.01s             1           0  0.09s           2026-06-09T13:58:23                      12
/opt/airflow/dags/cases/01-1c-excel-pipeline/data/samples/Реализации_2025-06-07.xlsx                           0           0  0.05s           2026-06-09T13:58:49                       3
/opt/airflow/dags/cases/01-1c-excel-pipeline/data/samples/Реализации_2026-06-08.xlsx                           0           0  0.04s           2026-06-09T13:58:44                       3
================================================================================
[2026-06-09T13:59:24.930+0000] {manager.py:997} INFO - 
================================================================================
DAG File Processing Stats

File Path                                                                               PID  Runtime      # DAGs    # Errors  Last Runtime    Last Run               Last # of DB Queries
------------------------------------------------------------------------------------  -----  ---------  --------  ----------  --------------  -------------------  ----------------------
/opt/airflow/dags/01-1c-excel-pipeline/dags/orders_etl.py                                                      1           0  0.26s           2026-06-09T13:58:55                      12
/opt/airflow/dags/01-1c-excel-pipeline/dags/test_dag.py                                 584  0.01s             1           0  0.10s           2026-06-09T13:58:54                      12
/opt/airflow/dags/cases/01-1c-excel-pipeline/data/samples/Реализации_2026-06-08.xlsx                           0           0  0.05s           2026-06-09T13:59:14                       3
/opt/airflow/dags/cases/01-1c-excel-pipeline/data/samples/Реализации_2025-06-07.xlsx                           0           0  0.04s           2026-06-09T13:59:19                       3
================================================================================
[2026-06-09T13:59:55.452+0000] {manager.py:997} INFO - 
================================================================================
DAG File Processing Stats

File Path                                                                               PID  Runtime      # DAGs    # Errors  Last Runtime    Last Run               Last # of DB Queries
------------------------------------------------------------------------------------  -----  ---------  --------  ----------  --------------  -------------------  ----------------------
/opt/airflow/dags/01-1c-excel-pipeline/dags/orders_etl.py                                                      1           0  0.23s           2026-06-09T13:59:26                      12
/opt/airflow/dags/01-1c-excel-pipeline/dags/test_dag.py                                 588  0.01s             1           0  0.07s           2026-06-09T13:59:24                      12
/opt/airflow/dags/cases/01-1c-excel-pipeline/data/samples/Реализации_2026-06-08.xlsx                           0           0  0.06s           2026-06-09T13:59:45                       3
/opt/airflow/dags/cases/01-1c-excel-pipeline/data/samples/Реализации_2025-06-07.xlsx                           0           0  0.05s           2026-06-09T13:59:50                       3
================================================================================
[2026-06-09T14:00:26.039+0000] {manager.py:997} INFO - 
================================================================================
DAG File Processing Stats

File Path                                                                               PID  Runtime      # DAGs    # Errors  Last Runtime    Last Run               Last # of DB Queries
------------------------------------------------------------------------------------  -----  ---------  --------  ----------  --------------  -------------------  ----------------------
/opt/airflow/dags/01-1c-excel-pipeline/dags/orders_etl.py                                                      1           0  0.26s           2026-06-09T13:59:56                      12
/opt/airflow/dags/01-1c-excel-pipeline/dags/test_dag.py                                 592  0.01s             1           0  0.09s           2026-06-09T13:59:55                      12
/opt/airflow/dags/cases/01-1c-excel-pipeline/data/samples/Реализации_2026-06-08.xlsx                           0           0  0.05s           2026-06-09T14:00:15                       3
/opt/airflow/dags/cases/01-1c-excel-pipeline/data/samples/Реализации_2025-06-07.xlsx                           0           0  0.04s           2026-06-09T14:00:20                       3
================================================================================
[2026-06-09T14:00:40.286+0000] {manager.py:821} INFO - Searching for files in /opt/airflow/dags
[2026-06-09T14:00:40.301+0000] {manager.py:824} INFO - There are 4 files in /opt/airflow/dags
[2026-06-09T14:00:56.505+0000] {manager.py:997} INFO - 
================================================================================
DAG File Processing Stats

File Path                                                                               PID  Runtime      # DAGs    # Errors  Last Runtime    Last Run               Last # of DB Queries
------------------------------------------------------------------------------------  -----  ---------  --------  ----------  --------------  -------------------  ----------------------
/opt/airflow/dags/01-1c-excel-pipeline/dags/orders_etl.py                                                      1           0  0.23s           2026-06-09T14:00:27                      12
/opt/airflow/dags/01-1c-excel-pipeline/dags/test_dag.py                                 596  0.01s             1           0  0.08s           2026-06-09T14:00:26                      12
/opt/airflow/dags/cases/01-1c-excel-pipeline/data/samples/Реализации_2025-06-07.xlsx                           0           0  0.04s           2026-06-09T14:00:51                       3
/opt/airflow/dags/cases/01-1c-excel-pipeline/data/samples/Реализации_2026-06-08.xlsx                           0           0  0.04s           2026-06-09T14:00:46                       3
================================================================================
[2026-06-09T14:01:27.018+0000] {manager.py:997} INFO - 
================================================================================
DAG File Processing Stats

File Path                                                                               PID  Runtime      # DAGs    # Errors  Last Runtime    Last Run               Last # of DB Queries
------------------------------------------------------------------------------------  -----  ---------  --------  ----------  --------------  -------------------  ----------------------
/opt/airflow/dags/01-1c-excel-pipeline/dags/orders_etl.py                                                      1           0  0.21s           2026-06-09T14:00:57                      12
/opt/airflow/dags/01-1c-excel-pipeline/dags/test_dag.py                                 600  0.01s             1           0  0.08s           2026-06-09T14:00:56                      12
/opt/airflow/dags/cases/01-1c-excel-pipeline/data/samples/Реализации_2026-06-08.xlsx                           0           0  0.05s           2026-06-09T14:01:16                       3
/opt/airflow/dags/cases/01-1c-excel-pipeline/data/samples/Реализации_2025-06-07.xlsx                           0           0  0.04s           2026-06-09T14:01:21                       3
================================================================================
[2026-06-09T14:01:57.624+0000] {manager.py:997} INFO - 
================================================================================
DAG File Processing Stats

File Path                                                                               PID  Runtime      # DAGs    # Errors  Last Runtime    Last Run               Last # of DB Queries
------------------------------------------------------------------------------------  -----  ---------  --------  ----------  --------------  -------------------  ----------------------
/opt/airflow/dags/01-1c-excel-pipeline/dags/orders_etl.py                                                      1           0  0.22s           2026-06-09T14:01:28                      12
/opt/airflow/dags/01-1c-excel-pipeline/dags/test_dag.py                                 604  0.01s             1           0  0.09s           2026-06-09T14:01:27                      12
/opt/airflow/dags/cases/01-1c-excel-pipeline/data/samples/Реализации_2026-06-08.xlsx                           0           0  0.06s           2026-06-09T14:01:47                       3
/opt/airflow/dags/cases/01-1c-excel-pipeline/data/samples/Реализации_2025-06-07.xlsx                           0           0  0.05s           2026-06-09T14:01:52                       3
================================================================================
[2026-06-09T14:02:28.124+0000] {manager.py:997} INFO - 
================================================================================
DAG File Processing Stats

File Path                                                                               PID  Runtime      # DAGs    # Errors  Last Runtime    Last Run               Last # of DB Queries
------------------------------------------------------------------------------------  -----  ---------  --------  ----------  --------------  -------------------  ----------------------
/opt/airflow/dags/01-1c-excel-pipeline/dags/orders_etl.py                                                      1           0  0.25s           2026-06-09T14:01:58                      12
/opt/airflow/dags/01-1c-excel-pipeline/dags/test_dag.py                                 608  0.00s             1           0  0.10s           2026-06-09T14:01:57                      12
/opt/airflow/dags/cases/01-1c-excel-pipeline/data/samples/Реализации_2026-06-08.xlsx                           0           0  0.03s           2026-06-09T14:02:18                       3
/opt/airflow/dags/cases/01-1c-excel-pipeline/data/samples/Реализации_2025-06-07.xlsx                           0           0  0.02s           2026-06-09T14:02:23                       3
================================================================================
[2026-06-09T14:02:58.664+0000] {manager.py:997} INFO - 
================================================================================
DAG File Processing Stats

File Path                                                                               PID  Runtime      # DAGs    # Errors  Last Runtime    Last Run               Last # of DB Queries
------------------------------------------------------------------------------------  -----  ---------  --------  ----------  --------------  -------------------  ----------------------
/opt/airflow/dags/01-1c-excel-pipeline/dags/orders_etl.py                                                      1           0  0.23s           2026-06-09T14:02:29                      12
/opt/airflow/dags/01-1c-excel-pipeline/dags/test_dag.py                                 612  0.01s             1           0  0.08s           2026-06-09T14:02:28                      12
/opt/airflow/dags/cases/01-1c-excel-pipeline/data/samples/Реализации_2025-06-07.xlsx                           0           0  0.04s           2026-06-09T14:02:53                       3
/opt/airflow/dags/cases/01-1c-excel-pipeline/data/samples/Реализации_2026-06-08.xlsx                           0           0  0.04s           2026-06-09T14:02:48                       3
================================================================================
[2026-06-09T14:03:29.253+0000] {manager.py:997} INFO - 
================================================================================
DAG File Processing Stats

File Path                                                                               PID  Runtime      # DAGs    # Errors  Last Runtime    Last Run               Last # of DB Queries
------------------------------------------------------------------------------------  -----  ---------  --------  ----------  --------------  -------------------  ----------------------
/opt/airflow/dags/01-1c-excel-pipeline/dags/orders_etl.py                                                      1           0  0.21s           2026-06-09T14:02:59                      12
/opt/airflow/dags/01-1c-excel-pipeline/dags/test_dag.py                                 616  0.01s             1           0  0.08s           2026-06-09T14:02:58                      12
/opt/airflow/dags/cases/01-1c-excel-pipeline/data/samples/Реализации_2026-06-08.xlsx                           0           0  0.05s           2026-06-09T14:03:19                       3
/opt/airflow/dags/cases/01-1c-excel-pipeline/data/samples/Реализации_2025-06-07.xlsx                           0           0  0.05s           2026-06-09T14:03:24                       3
================================================================================
[2026-06-09T14:03:59.788+0000] {manager.py:997} INFO - 
================================================================================
DAG File Processing Stats

File Path                                                                               PID  Runtime      # DAGs    # Errors  Last Runtime    Last Run               Last # of DB Queries
------------------------------------------------------------------------------------  -----  ---------  --------  ----------  --------------  -------------------  ----------------------
/opt/airflow/dags/01-1c-excel-pipeline/dags/orders_etl.py                                                      1           0  0.22s           2026-06-09T14:03:30                      12
/opt/airflow/dags/01-1c-excel-pipeline/dags/test_dag.py                                 620  0.01s             1           0  0.08s           2026-06-09T14:03:29                      12
/opt/airflow/dags/cases/01-1c-excel-pipeline/data/samples/Реализации_2025-06-07.xlsx                           0           0  0.06s           2026-06-09T14:03:54                       3
/opt/airflow/dags/cases/01-1c-excel-pipeline/data/samples/Реализации_2026-06-08.xlsx                           0           0  0.05s           2026-06-09T14:03:49                       3
================================================================================
[2026-06-09T14:04:30.302+0000] {manager.py:997} INFO - 
================================================================================
DAG File Processing Stats

File Path                                                                               PID  Runtime      # DAGs    # Errors  Last Runtime    Last Run               Last # of DB Queries
------------------------------------------------------------------------------------  -----  ---------  --------  ----------  --------------  -------------------  ----------------------
/opt/airflow/dags/01-1c-excel-pipeline/dags/orders_etl.py                                                      1           0  0.24s           2026-06-09T14:04:01                      12
/opt/airflow/dags/01-1c-excel-pipeline/dags/test_dag.py                                 624  0.01s             1           0  0.10s           2026-06-09T14:03:59                      12
/opt/airflow/dags/cases/01-1c-excel-pipeline/data/samples/Реализации_2025-06-07.xlsx                           0           0  0.05s           2026-06-09T14:04:25                       3
/opt/airflow/dags/cases/01-1c-excel-pipeline/data/samples/Реализации_2026-06-08.xlsx                           0           0  0.04s           2026-06-09T14:04:20                       3
================================================================================
[2026-06-09T14:05:00.827+0000] {manager.py:997} INFO - 
================================================================================
DAG File Processing Stats

File Path                                                                               PID  Runtime      # DAGs    # Errors  Last Runtime    Last Run               Last # of DB Queries
------------------------------------------------------------------------------------  -----  ---------  --------  ----------  --------------  -------------------  ----------------------
/opt/airflow/dags/01-1c-excel-pipeline/dags/orders_etl.py                                                      1           0  0.24s           2026-06-09T14:04:31                      12
/opt/airflow/dags/01-1c-excel-pipeline/dags/test_dag.py                                 628  0.01s             1           0  0.08s           2026-06-09T14:04:30                      12
/opt/airflow/dags/cases/01-1c-excel-pipeline/data/samples/Реализации_2026-06-08.xlsx                           0           0  0.06s           2026-06-09T14:04:50                       3
/opt/airflow/dags/cases/01-1c-excel-pipeline/data/samples/Реализации_2025-06-07.xlsx                           0           0  0.05s           2026-06-09T14:04:55                       3
================================================================================
[2026-06-09T14:05:31.360+0000] {manager.py:997} INFO - 
================================================================================
DAG File Processing Stats

File Path                                                                               PID  Runtime      # DAGs    # Errors  Last Runtime    Last Run               Last # of DB Queries
------------------------------------------------------------------------------------  -----  ---------  --------  ----------  --------------  -------------------  ----------------------
/opt/airflow/dags/01-1c-excel-pipeline/dags/orders_etl.py                                                      1           0  0.27s           2026-06-09T14:05:02                      12
/opt/airflow/dags/01-1c-excel-pipeline/dags/test_dag.py                                 632  0.01s             1           0  0.10s           2026-06-09T14:05:00                      12
/opt/airflow/dags/cases/01-1c-excel-pipeline/data/samples/Реализации_2025-06-07.xlsx                           0           0  0.05s           2026-06-09T14:05:26                       3
/opt/airflow/dags/cases/01-1c-excel-pipeline/data/samples/Реализации_2026-06-08.xlsx                           0           0  0.04s           2026-06-09T14:05:21                       3
================================================================================
[2026-06-09T14:05:40.576+0000] {manager.py:821} INFO - Searching for files in /opt/airflow/dags
[2026-06-09T14:05:40.591+0000] {manager.py:824} INFO - There are 4 files in /opt/airflow/dags
[2026-06-09T14:06:02.013+0000] {manager.py:997} INFO - 
================================================================================
DAG File Processing Stats

File Path                                                                               PID  Runtime      # DAGs    # Errors  Last Runtime    Last Run               Last # of DB Queries
------------------------------------------------------------------------------------  -----  ---------  --------  ----------  --------------  -------------------  ----------------------
/opt/airflow/dags/01-1c-excel-pipeline/dags/orders_etl.py                                                      1           0  0.24s           2026-06-09T14:05:32                      12
/opt/airflow/dags/01-1c-excel-pipeline/dags/test_dag.py                                 636  0.01s             1           0  0.09s           2026-06-09T14:05:31                      12
/opt/airflow/dags/cases/01-1c-excel-pipeline/data/samples/Реализации_2026-06-08.xlsx                           0           0  0.05s           2026-06-09T14:05:51                       3
/opt/airflow/dags/cases/01-1c-excel-pipeline/data/samples/Реализации_2025-06-07.xlsx                           0           0  0.04s           2026-06-09T14:05:56                       3
================================================================================
[2026-06-09T14:06:32.448+0000] {manager.py:997} INFO - 
================================================================================
DAG File Processing Stats

File Path                                                                               PID  Runtime      # DAGs    # Errors  Last Runtime    Last Run               Last # of DB Queries
------------------------------------------------------------------------------------  -----  ---------  --------  ----------  --------------  -------------------  ----------------------
/opt/airflow/dags/01-1c-excel-pipeline/dags/orders_etl.py                                                      1           0  0.26s           2026-06-09T14:06:03                      12
/opt/airflow/dags/01-1c-excel-pipeline/dags/test_dag.py                                 640  0.00s             1           0  0.10s           2026-06-09T14:06:02                      12
/opt/airflow/dags/cases/01-1c-excel-pipeline/data/samples/Реализации_2025-06-07.xlsx                           0           0  0.02s           2026-06-09T14:06:27                       3
/opt/airflow/dags/cases/01-1c-excel-pipeline/data/samples/Реализации_2026-06-08.xlsx                           0           0  0.02s           2026-06-09T14:06:22                       3
================================================================================
[2026-06-09T14:07:02.880+0000] {manager.py:997} INFO - 
================================================================================
DAG File Processing Stats

File Path                                                                               PID  Runtime      # DAGs    # Errors  Last Runtime    Last Run               Last # of DB Queries
------------------------------------------------------------------------------------  -----  ---------  --------  ----------  --------------  -------------------  ----------------------
/opt/airflow/dags/01-1c-excel-pipeline/dags/orders_etl.py                                                      1           0  0.23s           2026-06-09T14:06:33                      12
/opt/airflow/dags/01-1c-excel-pipeline/dags/test_dag.py                                 644  0.00s             1           0  0.05s           2026-06-09T14:06:32                      12
/opt/airflow/dags/cases/01-1c-excel-pipeline/data/samples/Реализации_2026-06-08.xlsx                           0           0  0.03s           2026-06-09T14:06:52                       3
/opt/airflow/dags/cases/01-1c-excel-pipeline/data/samples/Реализации_2025-06-07.xlsx                           0           0  0.02s           2026-06-09T14:06:57                       3
================================================================================
[2026-06-09T14:07:33.434+0000] {manager.py:997} INFO - 
================================================================================
DAG File Processing Stats

File Path                                                                               PID  Runtime      # DAGs    # Errors  Last Runtime    Last Run               Last # of DB Queries
------------------------------------------------------------------------------------  -----  ---------  --------  ----------  --------------  -------------------  ----------------------
/opt/airflow/dags/01-1c-excel-pipeline/dags/orders_etl.py                                                      1           0  0.23s           2026-06-09T14:07:04                      12
/opt/airflow/dags/01-1c-excel-pipeline/dags/test_dag.py                                 648  0.01s             1           0  0.06s           2026-06-09T14:07:02                      12
/opt/airflow/dags/cases/01-1c-excel-pipeline/data/samples/Реализации_2025-06-07.xlsx                           0           0  0.05s           2026-06-09T14:07:28                       3
/opt/airflow/dags/cases/01-1c-excel-pipeline/data/samples/Реализации_2026-06-08.xlsx                           0           0  0.03s           2026-06-09T14:07:23                       3
================================================================================
[2026-06-09T14:08:03.967+0000] {manager.py:997} INFO - 
================================================================================
DAG File Processing Stats

File Path                                                                               PID  Runtime      # DAGs    # Errors  Last Runtime    Last Run               Last # of DB Queries
------------------------------------------------------------------------------------  -----  ---------  --------  ----------  --------------  -------------------  ----------------------
/opt/airflow/dags/01-1c-excel-pipeline/dags/orders_etl.py                                                      1           0  0.22s           2026-06-09T14:07:34                      12
/opt/airflow/dags/01-1c-excel-pipeline/dags/test_dag.py                                 652  0.01s             1           0  0.08s           2026-06-09T14:07:33                      12
/opt/airflow/dags/cases/01-1c-excel-pipeline/data/samples/Реализации_2025-06-07.xlsx                           0           0  0.04s           2026-06-09T14:07:58                       3
/opt/airflow/dags/cases/01-1c-excel-pipeline/data/samples/Реализации_2026-06-08.xlsx                           0           0  0.04s           2026-06-09T14:07:53                       3
================================================================================
[2026-06-09T14:08:34.496+0000] {manager.py:997} INFO - 
================================================================================
DAG File Processing Stats

File Path                                                                               PID  Runtime      # DAGs    # Errors  Last Runtime    Last Run               Last # of DB Queries
------------------------------------------------------------------------------------  -----  ---------  --------  ----------  --------------  -------------------  ----------------------
/opt/airflow/dags/01-1c-excel-pipeline/dags/orders_etl.py                                                      1           0  0.22s           2026-06-09T14:08:05                      12
/opt/airflow/dags/01-1c-excel-pipeline/dags/test_dag.py                                 656  0.01s             1           0  0.07s           2026-06-09T14:08:04                      12
/opt/airflow/dags/cases/01-1c-excel-pipeline/data/samples/Реализации_2025-06-07.xlsx                           0           0  0.04s           2026-06-09T14:08:29                       3
/opt/airflow/dags/cases/01-1c-excel-pipeline/data/samples/Реализации_2026-06-08.xlsx                           0           0  0.04s           2026-06-09T14:08:24                       3
================================================================================
[2026-06-09T14:09:04.983+0000] {manager.py:997} INFO - 
================================================================================
DAG File Processing Stats

File Path                                                                               PID  Runtime      # DAGs    # Errors  Last Runtime    Last Run               Last # of DB Queries
------------------------------------------------------------------------------------  -----  ---------  --------  ----------  --------------  -------------------  ----------------------
/opt/airflow/dags/01-1c-excel-pipeline/dags/orders_etl.py                                                      1           0  0.21s           2026-06-09T14:08:35                      12
/opt/airflow/dags/01-1c-excel-pipeline/dags/test_dag.py                                 660  0.01s             1           0  0.08s           2026-06-09T14:08:34                      12
/opt/airflow/dags/cases/01-1c-excel-pipeline/data/samples/Реализации_2026-06-08.xlsx                           0           0  0.04s           2026-06-09T14:08:54                       3
/opt/airflow/dags/cases/01-1c-excel-pipeline/data/samples/Реализации_2025-06-07.xlsx                           0           0  0.04s           2026-06-09T14:08:59                       3
================================================================================
[2026-06-09T14:09:35.511+0000] {manager.py:997} INFO - 
================================================================================
DAG File Processing Stats

File Path                                                                               PID  Runtime      # DAGs    # Errors  Last Runtime    Last Run               Last # of DB Queries
------------------------------------------------------------------------------------  -----  ---------  --------  ----------  --------------  -------------------  ----------------------
/opt/airflow/dags/01-1c-excel-pipeline/dags/orders_etl.py                                                      1           0  0.22s           2026-06-09T14:09:06                      12
/opt/airflow/dags/01-1c-excel-pipeline/dags/test_dag.py                                 664  0.01s             1           0  0.08s           2026-06-09T14:09:05                      12
/opt/airflow/dags/cases/01-1c-excel-pipeline/data/samples/Реализации_2026-06-08.xlsx                           0           0  0.05s           2026-06-09T14:09:25                       3
/opt/airflow/dags/cases/01-1c-excel-pipeline/data/samples/Реализации_2025-06-07.xlsx                           0           0  0.04s           2026-06-09T14:09:30                       3
================================================================================
[2026-06-09T14:10:06.026+0000] {manager.py:997} INFO - 
================================================================================
DAG File Processing Stats

File Path                                                                               PID  Runtime      # DAGs    # Errors  Last Runtime    Last Run               Last # of DB Queries
------------------------------------------------------------------------------------  -----  ---------  --------  ----------  --------------  -------------------  ----------------------
/opt/airflow/dags/01-1c-excel-pipeline/dags/orders_etl.py                                                      1           0  0.24s           2026-06-09T14:09:36                      12
/opt/airflow/dags/01-1c-excel-pipeline/dags/test_dag.py                                 668  0.01s             1           0  0.09s           2026-06-09T14:09:35                      12
/opt/airflow/dags/cases/01-1c-excel-pipeline/data/samples/Реализации_2025-06-07.xlsx                           0           0  0.05s           2026-06-09T14:10:00                       3
/opt/airflow/dags/cases/01-1c-excel-pipeline/data/samples/Реализации_2026-06-08.xlsx                           0           0  0.05s           2026-06-09T14:09:55                       3
================================================================================
[2026-06-09T14:10:36.592+0000] {manager.py:997} INFO - 
================================================================================
DAG File Processing Stats

File Path                                                                               PID  Runtime      # DAGs    # Errors  Last Runtime    Last Run               Last # of DB Queries
------------------------------------------------------------------------------------  -----  ---------  --------  ----------  --------------  -------------------  ----------------------
/opt/airflow/dags/01-1c-excel-pipeline/dags/orders_etl.py                                                      1           0  0.22s           2026-06-09T14:10:07                      12
/opt/airflow/dags/01-1c-excel-pipeline/dags/test_dag.py                                 672  0.01s             1           0  0.12s           2026-06-09T14:10:06                      12
/opt/airflow/dags/cases/01-1c-excel-pipeline/data/samples/Реализации_2026-06-08.xlsx                           0           0  0.06s           2026-06-09T14:10:26                       3
/opt/airflow/dags/cases/01-1c-excel-pipeline/data/samples/Реализации_2025-06-07.xlsx                           0           0  0.04s           2026-06-09T14:10:31                       3
================================================================================
[2026-06-09T14:10:40.734+0000] {manager.py:821} INFO - Searching for files in /opt/airflow/dags
[2026-06-09T14:10:40.749+0000] {manager.py:824} INFO - There are 4 files in /opt/airflow/dags
[2026-06-09T14:11:07.222+0000] {manager.py:997} INFO - 
================================================================================
DAG File Processing Stats

File Path                                                                               PID  Runtime      # DAGs    # Errors  Last Runtime    Last Run               Last # of DB Queries
------------------------------------------------------------------------------------  -----  ---------  --------  ----------  --------------  -------------------  ----------------------
/opt/airflow/dags/01-1c-excel-pipeline/dags/orders_etl.py                                                      1           0  0.26s           2026-06-09T14:10:37                      12
/opt/airflow/dags/01-1c-excel-pipeline/dags/test_dag.py                                 676  0.01s             1           0  0.09s           2026-06-09T14:10:36                      12
/opt/airflow/dags/cases/01-1c-excel-pipeline/data/samples/Реализации_2026-06-08.xlsx                           0           0  0.06s           2026-06-09T14:10:57                       3
/opt/airflow/dags/cases/01-1c-excel-pipeline/data/samples/Реализации_2025-06-07.xlsx                           0           0  0.05s           2026-06-09T14:11:02                       3
================================================================================
[2026-06-09T14:11:37.808+0000] {manager.py:997} INFO - 
================================================================================
DAG File Processing Stats

File Path                                                                               PID  Runtime      # DAGs    # Errors  Last Runtime    Last Run               Last # of DB Queries
------------------------------------------------------------------------------------  -----  ---------  --------  ----------  --------------  -------------------  ----------------------
/opt/airflow/dags/01-1c-excel-pipeline/dags/orders_etl.py                                                      1           0  0.29s           2026-06-09T14:11:08                      12
/opt/airflow/dags/01-1c-excel-pipeline/dags/test_dag.py                                 680  0.01s             1           0  0.11s           2026-06-09T14:11:07                      12
/opt/airflow/dags/cases/01-1c-excel-pipeline/data/samples/Реализации_2026-06-08.xlsx                           0           0  0.05s           2026-06-09T14:11:27                       3
/opt/airflow/dags/cases/01-1c-excel-pipeline/data/samples/Реализации_2025-06-07.xlsx                           0           0  0.04s           2026-06-09T14:11:32                       3
================================================================================
[2026-06-09T14:12:08.416+0000] {manager.py:997} INFO - 
================================================================================
DAG File Processing Stats

File Path                                                                               PID  Runtime      # DAGs    # Errors  Last Runtime    Last Run               Last # of DB Queries
------------------------------------------------------------------------------------  -----  ---------  --------  ----------  --------------  -------------------  ----------------------
/opt/airflow/dags/01-1c-excel-pipeline/dags/orders_etl.py                                                      1           0  0.23s           2026-06-09T14:11:39                      12
/opt/airflow/dags/01-1c-excel-pipeline/dags/test_dag.py                                 684  0.01s             1           0  0.09s           2026-06-09T14:11:37                      12
/opt/airflow/dags/cases/01-1c-excel-pipeline/data/samples/Реализации_2025-06-07.xlsx                           0           0  0.08s           2026-06-09T14:12:03                       3
/opt/airflow/dags/cases/01-1c-excel-pipeline/data/samples/Реализации_2026-06-08.xlsx                           0           0  0.05s           2026-06-09T14:11:58                       3
================================================================================
[2026-06-09T14:12:38.884+0000] {manager.py:997} INFO - 
================================================================================
DAG File Processing Stats

File Path                                                                               PID  Runtime      # DAGs    # Errors  Last Runtime    Last Run               Last # of DB Queries
------------------------------------------------------------------------------------  -----  ---------  --------  ----------  --------------  -------------------  ----------------------
/opt/airflow/dags/01-1c-excel-pipeline/dags/orders_etl.py                                                      1           0  0.25s           2026-06-09T14:12:09                      12
/opt/airflow/dags/01-1c-excel-pipeline/dags/test_dag.py                                 688  0.01s             1           0  0.10s           2026-06-09T14:12:08                      12
/opt/airflow/dags/cases/01-1c-excel-pipeline/data/samples/Реализации_2026-06-08.xlsx                           0           0  0.06s           2026-06-09T14:12:28                       3
/opt/airflow/dags/cases/01-1c-excel-pipeline/data/samples/Реализации_2025-06-07.xlsx                           0           0  0.05s           2026-06-09T14:12:33                       3
================================================================================
[2026-06-09T14:13:09.404+0000] {manager.py:997} INFO - 
================================================================================
DAG File Processing Stats

File Path                                                                               PID  Runtime      # DAGs    # Errors  Last Runtime    Last Run               Last # of DB Queries
------------------------------------------------------------------------------------  -----  ---------  --------  ----------  --------------  -------------------  ----------------------
/opt/airflow/dags/01-1c-excel-pipeline/dags/orders_etl.py                                                      1           0  0.24s           2026-06-09T14:12:40                      12
/opt/airflow/dags/01-1c-excel-pipeline/dags/test_dag.py                                 692  0.01s             1           0  0.10s           2026-06-09T14:12:38                      12
/opt/airflow/dags/cases/01-1c-excel-pipeline/data/samples/Реализации_2026-06-08.xlsx                           0           0  0.05s           2026-06-09T14:12:59                       3
/opt/airflow/dags/cases/01-1c-excel-pipeline/data/samples/Реализации_2025-06-07.xlsx                           0           0  0.04s           2026-06-09T14:13:04                       3
================================================================================
[2026-06-09T14:13:39.931+0000] {manager.py:997} INFO - 
================================================================================
DAG File Processing Stats

File Path                                                                               PID  Runtime      # DAGs    # Errors  Last Runtime    Last Run               Last # of DB Queries
------------------------------------------------------------------------------------  -----  ---------  --------  ----------  --------------  -------------------  ----------------------
/opt/airflow/dags/01-1c-excel-pipeline/dags/orders_etl.py                                                      1           0  0.22s           2026-06-09T14:13:10                      12
/opt/airflow/dags/01-1c-excel-pipeline/dags/test_dag.py                                 696  0.01s             1           0  0.08s           2026-06-09T14:13:09                      12
/opt/airflow/dags/cases/01-1c-excel-pipeline/data/samples/Реализации_2026-06-08.xlsx                           0           0  0.05s           2026-06-09T14:13:29                       3
/opt/airflow/dags/cases/01-1c-excel-pipeline/data/samples/Реализации_2025-06-07.xlsx                           0           0  0.05s           2026-06-09T14:13:34                       3
================================================================================
[2026-06-09T14:14:10.520+0000] {manager.py:997} INFO - 
================================================================================
DAG File Processing Stats

File Path                                                                               PID  Runtime      # DAGs    # Errors  Last Runtime    Last Run               Last # of DB Queries
------------------------------------------------------------------------------------  -----  ---------  --------  ----------  --------------  -------------------  ----------------------
/opt/airflow/dags/01-1c-excel-pipeline/dags/orders_etl.py                                                      1           0  0.23s           2026-06-09T14:13:41                      12
/opt/airflow/dags/01-1c-excel-pipeline/dags/test_dag.py                                 700  0.01s             1           0  0.09s           2026-06-09T14:13:40                      12
/opt/airflow/dags/cases/01-1c-excel-pipeline/data/samples/Реализации_2026-06-08.xlsx                           0           0  0.04s           2026-06-09T14:14:00                       3
/opt/airflow/dags/cases/01-1c-excel-pipeline/data/samples/Реализации_2025-06-07.xlsx                           0           0  0.03s           2026-06-09T14:14:05                       3
================================================================================
[2026-06-09T14:14:41.113+0000] {manager.py:997} INFO - 
================================================================================
DAG File Processing Stats

File Path                                                                               PID  Runtime      # DAGs    # Errors  Last Runtime    Last Run               Last # of DB Queries
------------------------------------------------------------------------------------  -----  ---------  --------  ----------  --------------  -------------------  ----------------------
/opt/airflow/dags/01-1c-excel-pipeline/dags/orders_etl.py                                                      1           0  0.24s           2026-06-09T14:14:11                      12
/opt/airflow/dags/01-1c-excel-pipeline/dags/test_dag.py                                 704  0.01s             1           0  0.08s           2026-06-09T14:14:10                      12
/opt/airflow/dags/cases/01-1c-excel-pipeline/data/samples/Реализации_2025-06-07.xlsx                           0           0  0.06s           2026-06-09T14:14:36                       3
/opt/airflow/dags/cases/01-1c-excel-pipeline/data/samples/Реализации_2026-06-08.xlsx                           0           0  0.06s           2026-06-09T14:14:30                       3
================================================================================
[2026-06-09T14:15:11.585+0000] {manager.py:997} INFO - 
================================================================================
DAG File Processing Stats

File Path                                                                               PID  Runtime      # DAGs    # Errors  Last Runtime    Last Run               Last # of DB Queries
------------------------------------------------------------------------------------  -----  ---------  --------  ----------  --------------  -------------------  ----------------------
/opt/airflow/dags/01-1c-excel-pipeline/dags/orders_etl.py                                                      1           0  0.25s           2026-06-09T14:14:42                      12
/opt/airflow/dags/01-1c-excel-pipeline/dags/test_dag.py                                 708  0.01s             1           0  0.09s           2026-06-09T14:14:41                      12
/opt/airflow/dags/cases/01-1c-excel-pipeline/data/samples/Реализации_2025-06-07.xlsx                           0           0  0.05s           2026-06-09T14:15:06                       3
/opt/airflow/dags/cases/01-1c-excel-pipeline/data/samples/Реализации_2026-06-08.xlsx                           0           0  0.04s           2026-06-09T14:15:01                       3
================================================================================
[2026-06-09T14:15:41.028+0000] {manager.py:821} INFO - Searching for files in /opt/airflow/dags
[2026-06-09T14:15:41.042+0000] {manager.py:824} INFO - There are 4 files in /opt/airflow/dags
[2026-06-09T14:15:42.087+0000] {manager.py:997} INFO - 
================================================================================
DAG File Processing Stats

File Path                                                                               PID  Runtime      # DAGs    # Errors  Last Runtime    Last Run               Last # of DB Queries
------------------------------------------------------------------------------------  -----  ---------  --------  ----------  --------------  -------------------  ----------------------
/opt/airflow/dags/01-1c-excel-pipeline/dags/orders_etl.py                                                      1           0  0.21s           2026-06-09T14:15:12                      12
/opt/airflow/dags/01-1c-excel-pipeline/dags/test_dag.py                                 712  0.01s             1           0  0.09s           2026-06-09T14:15:11                      12
/opt/airflow/dags/cases/01-1c-excel-pipeline/data/samples/Реализации_2026-06-08.xlsx                           0           0  0.08s           2026-06-09T14:15:31                       3
/opt/airflow/dags/cases/01-1c-excel-pipeline/data/samples/Реализации_2025-06-07.xlsx                           0           0  0.05s           2026-06-09T14:15:37                       3
================================================================================
[2026-06-09T14:16:12.644+0000] {manager.py:997} INFO - 
================================================================================
DAG File Processing Stats

File Path                                                                               PID  Runtime      # DAGs    # Errors  Last Runtime    Last Run               Last # of DB Queries
------------------------------------------------------------------------------------  -----  ---------  --------  ----------  --------------  -------------------  ----------------------
/opt/airflow/dags/01-1c-excel-pipeline/dags/orders_etl.py                                                      1           0  0.27s           2026-06-09T14:15:43                      12
/opt/airflow/dags/01-1c-excel-pipeline/dags/test_dag.py                                 716  0.00s             1           0  0.10s           2026-06-09T14:15:42                      12
/opt/airflow/dags/cases/01-1c-excel-pipeline/data/samples/Реализации_2026-06-08.xlsx                           0           0  0.05s           2026-06-09T14:16:02                       3
/opt/airflow/dags/cases/01-1c-excel-pipeline/data/samples/Реализации_2025-06-07.xlsx                           0           0  0.05s           2026-06-09T14:16:07                       3
================================================================================
[2026-06-09T14:16:43.300+0000] {manager.py:997} INFO - 
================================================================================
DAG File Processing Stats

File Path                                                                               PID  Runtime      # DAGs    # Errors  Last Runtime    Last Run               Last # of DB Queries
------------------------------------------------------------------------------------  -----  ---------  --------  ----------  --------------  -------------------  ----------------------
/opt/airflow/dags/01-1c-excel-pipeline/dags/orders_etl.py                                                      1           0  0.19s           2026-06-09T14:16:13                      12
/opt/airflow/dags/cases/01-1c-excel-pipeline/data/samples/Реализации_2026-06-08.xlsx                           0           0  0.10s           2026-06-09T14:16:33                       3
/opt/airflow/dags/01-1c-excel-pipeline/dags/test_dag.py                                 720  0.01s             1           0  0.08s           2026-06-09T14:16:12                      12
/opt/airflow/dags/cases/01-1c-excel-pipeline/data/samples/Реализации_2025-06-07.xlsx                           0           0  0.05s           2026-06-09T14:16:38                       3
================================================================================
[2026-06-09T14:17:13.855+0000] {manager.py:997} INFO - 
================================================================================
DAG File Processing Stats

File Path                                                                               PID  Runtime      # DAGs    # Errors  Last Runtime    Last Run               Last # of DB Queries
------------------------------------------------------------------------------------  -----  ---------  --------  ----------  --------------  -------------------  ----------------------
/opt/airflow/dags/01-1c-excel-pipeline/dags/orders_etl.py                                                      1           0  0.28s           2026-06-09T14:16:44                      12
/opt/airflow/dags/01-1c-excel-pipeline/dags/test_dag.py                                 724  0.00s             1           0  0.13s           2026-06-09T14:16:43                      12
/opt/airflow/dags/cases/01-1c-excel-pipeline/data/samples/Реализации_2025-06-07.xlsx                           0           0  0.05s           2026-06-09T14:17:08                       3
/opt/airflow/dags/cases/01-1c-excel-pipeline/data/samples/Реализации_2026-06-08.xlsx                           0           0  0.05s           2026-06-09T14:17:03                       3
================================================================================
[2026-06-09T14:17:44.389+0000] {manager.py:997} INFO - 
================================================================================
DAG File Processing Stats

File Path                                                                               PID  Runtime      # DAGs    # Errors  Last Runtime    Last Run               Last # of DB Queries
------------------------------------------------------------------------------------  -----  ---------  --------  ----------  --------------  -------------------  ----------------------
/opt/airflow/dags/01-1c-excel-pipeline/dags/orders_etl.py                                                      1           0  0.23s           2026-06-09T14:17:15                      12
/opt/airflow/dags/01-1c-excel-pipeline/dags/test_dag.py                                 728  0.01s             1           0  0.06s           2026-06-09T14:17:13                      12
/opt/airflow/dags/cases/01-1c-excel-pipeline/data/samples/Реализации_2026-06-08.xlsx                           0           0  0.05s           2026-06-09T14:17:34                       3
/opt/airflow/dags/cases/01-1c-excel-pipeline/data/samples/Реализации_2025-06-07.xlsx                           0           0  0.05s           2026-06-09T14:17:39                       3
================================================================================
[2026-06-09T14:18:14.928+0000] {manager.py:997} INFO - 
================================================================================
DAG File Processing Stats

File Path                                                                               PID  Runtime      # DAGs    # Errors  Last Runtime    Last Run               Last # of DB Queries
------------------------------------------------------------------------------------  -----  ---------  --------  ----------  --------------  -------------------  ----------------------
/opt/airflow/dags/01-1c-excel-pipeline/dags/orders_etl.py                                                      1           0  0.25s           2026-06-09T14:17:45                      12
/opt/airflow/dags/01-1c-excel-pipeline/dags/test_dag.py                                 732  0.00s             1           0  0.10s           2026-06-09T14:17:44                      12
/opt/airflow/dags/cases/01-1c-excel-pipeline/data/samples/Реализации_2026-06-08.xlsx                           0           0  0.05s           2026-06-09T14:18:04                       3
/opt/airflow/dags/cases/01-1c-excel-pipeline/data/samples/Реализации_2025-06-07.xlsx                           0           0  0.05s           2026-06-09T14:18:09                       3
================================================================================
[2026-06-09T14:18:45.485+0000] {manager.py:997} INFO - 
================================================================================
DAG File Processing Stats

File Path                                                                               PID  Runtime      # DAGs    # Errors  Last Runtime    Last Run               Last # of DB Queries
------------------------------------------------------------------------------------  -----  ---------  --------  ----------  --------------  -------------------  ----------------------
/opt/airflow/dags/01-1c-excel-pipeline/dags/orders_etl.py                                                      1           0  0.22s           2026-06-09T14:18:16                      12
/opt/airflow/dags/01-1c-excel-pipeline/dags/test_dag.py                                 736  0.01s             1           0  0.08s           2026-06-09T14:18:14                      12
/opt/airflow/dags/cases/01-1c-excel-pipeline/data/samples/Реализации_2026-06-08.xlsx                           0           0  0.05s           2026-06-09T14:18:35                       3
/opt/airflow/dags/cases/01-1c-excel-pipeline/data/samples/Реализации_2025-06-07.xlsx                           0           0  0.04s           2026-06-09T14:18:40                       3
================================================================================
[2026-06-09T14:19:15.999+0000] {manager.py:997} INFO - 
================================================================================
DAG File Processing Stats

File Path                                                                               PID  Runtime      # DAGs    # Errors  Last Runtime    Last Run               Last # of DB Queries
------------------------------------------------------------------------------------  -----  ---------  --------  ----------  --------------  -------------------  ----------------------
/opt/airflow/dags/01-1c-excel-pipeline/dags/orders_etl.py                                                      1           0  0.23s           2026-06-09T14:18:46                      12
/opt/airflow/dags/01-1c-excel-pipeline/dags/test_dag.py                                 740  0.00s             1           0  0.09s           2026-06-09T14:18:45                      12
/opt/airflow/dags/cases/01-1c-excel-pipeline/data/samples/Реализации_2026-06-08.xlsx                           0           0  0.05s           2026-06-09T14:19:05                       3
/opt/airflow/dags/cases/01-1c-excel-pipeline/data/samples/Реализации_2025-06-07.xlsx                           0           0  0.04s           2026-06-09T14:19:10                       3
================================================================================
[2026-06-09T14:19:46.586+0000] {manager.py:997} INFO - 
================================================================================
DAG File Processing Stats

File Path                                                                               PID  Runtime      # DAGs    # Errors  Last Runtime    Last Run               Last # of DB Queries
------------------------------------------------------------------------------------  -----  ---------  --------  ----------  --------------  -------------------  ----------------------
/opt/airflow/dags/01-1c-excel-pipeline/dags/orders_etl.py                                                      1           0  0.23s           2026-06-09T14:19:17                      12
/opt/airflow/dags/01-1c-excel-pipeline/dags/test_dag.py                                 744  0.01s             1           0  0.09s           2026-06-09T14:19:16                      12
/opt/airflow/dags/cases/01-1c-excel-pipeline/data/samples/Реализации_2026-06-08.xlsx                           0           0  0.04s           2026-06-09T14:19:36                       3
/opt/airflow/dags/cases/01-1c-excel-pipeline/data/samples/Реализации_2025-06-07.xlsx                           0           0  0.04s           2026-06-09T14:19:41                       3
================================================================================
[2026-06-09T14:20:17.097+0000] {manager.py:997} INFO - 
================================================================================
DAG File Processing Stats

File Path                                                                               PID  Runtime      # DAGs    # Errors  Last Runtime    Last Run               Last # of DB Queries
------------------------------------------------------------------------------------  -----  ---------  --------  ----------  --------------  -------------------  ----------------------
/opt/airflow/dags/01-1c-excel-pipeline/dags/orders_etl.py                                                      1           0  0.26s           2026-06-09T14:19:47                      12
/opt/airflow/dags/01-1c-excel-pipeline/dags/test_dag.py                                 748  0.00s             1           0  0.09s           2026-06-09T14:19:46                      12
/opt/airflow/dags/cases/01-1c-excel-pipeline/data/samples/Реализации_2026-06-08.xlsx                           0           0  0.05s           2026-06-09T14:20:06                       3
/opt/airflow/dags/cases/01-1c-excel-pipeline/data/samples/Реализации_2025-06-07.xlsx                           0           0  0.05s           2026-06-09T14:20:12                       3
================================================================================
[2026-06-09T14:20:41.448+0000] {manager.py:821} INFO - Searching for files in /opt/airflow/dags
[2026-06-09T14:20:41.464+0000] {manager.py:824} INFO - There are 4 files in /opt/airflow/dags
[2026-06-09T14:20:47.563+0000] {manager.py:997} INFO - 
================================================================================
DAG File Processing Stats

File Path                                                                               PID  Runtime      # DAGs    # Errors  Last Runtime    Last Run               Last # of DB Queries
------------------------------------------------------------------------------------  -----  ---------  --------  ----------  --------------  -------------------  ----------------------
/opt/airflow/dags/01-1c-excel-pipeline/dags/orders_etl.py                                                      1           0  0.22s           2026-06-09T14:20:18                      12
/opt/airflow/dags/01-1c-excel-pipeline/dags/test_dag.py                                 752  0.00s             1           0  0.07s           2026-06-09T14:20:17                      12
/opt/airflow/dags/cases/01-1c-excel-pipeline/data/samples/Реализации_2026-06-08.xlsx                           0           0  0.03s           2026-06-09T14:20:37                       3
/opt/airflow/dags/cases/01-1c-excel-pipeline/data/samples/Реализации_2025-06-07.xlsx                           0           0  0.02s           2026-06-09T14:20:42                       3
================================================================================
[2026-06-09T14:21:18.050+0000] {manager.py:997} INFO - 
================================================================================
DAG File Processing Stats

File Path                                                                               PID  Runtime      # DAGs    # Errors  Last Runtime    Last Run               Last # of DB Queries
------------------------------------------------------------------------------------  -----  ---------  --------  ----------  --------------  -------------------  ----------------------
/opt/airflow/dags/01-1c-excel-pipeline/dags/orders_etl.py                                                      1           0  0.22s           2026-06-09T14:20:48                      12
/opt/airflow/dags/01-1c-excel-pipeline/dags/test_dag.py                                 756  0.01s             1           0  0.07s           2026-06-09T14:20:47                      12
/opt/airflow/dags/cases/01-1c-excel-pipeline/data/samples/Реализации_2025-06-07.xlsx                           0           0  0.03s           2026-06-09T14:21:12                       3
/opt/airflow/dags/cases/01-1c-excel-pipeline/data/samples/Реализации_2026-06-08.xlsx                           0           0  0.03s           2026-06-09T14:21:07                       3
================================================================================
[2026-06-09T14:21:48.549+0000] {manager.py:997} INFO - 
================================================================================
DAG File Processing Stats

File Path                                                                               PID  Runtime      # DAGs    # Errors  Last Runtime    Last Run               Last # of DB Queries
------------------------------------------------------------------------------------  -----  ---------  --------  ----------  --------------  -------------------  ----------------------
/opt/airflow/dags/01-1c-excel-pipeline/dags/orders_etl.py                                                      1           0  0.31s           2026-06-09T14:21:19                      12
/opt/airflow/dags/01-1c-excel-pipeline/dags/test_dag.py                                 760  0.01s             1           0  0.09s           2026-06-09T14:21:18                      12
/opt/airflow/dags/cases/01-1c-excel-pipeline/data/samples/Реализации_2026-06-08.xlsx                           0           0  0.07s           2026-06-09T14:21:38                       3
/opt/airflow/dags/cases/01-1c-excel-pipeline/data/samples/Реализации_2025-06-07.xlsx                           0           0  0.04s           2026-06-09T14:21:43                       3
================================================================================
[2026-06-09T14:22:19.056+0000] {manager.py:997} INFO - 
================================================================================
DAG File Processing Stats

File Path                                                                               PID  Runtime      # DAGs    # Errors  Last Runtime    Last Run               Last # of DB Queries
------------------------------------------------------------------------------------  -----  ---------  --------  ----------  --------------  -------------------  ----------------------
/opt/airflow/dags/01-1c-excel-pipeline/dags/orders_etl.py                                                      1           0  0.27s           2026-06-09T14:21:49                      12
/opt/airflow/dags/01-1c-excel-pipeline/dags/test_dag.py                                 764  0.00s             1           0  0.10s           2026-06-09T14:21:48                      12
/opt/airflow/dags/cases/01-1c-excel-pipeline/data/samples/Реализации_2026-06-08.xlsx                           0           0  0.07s           2026-06-09T14:22:08                       3
/opt/airflow/dags/cases/01-1c-excel-pipeline/data/samples/Реализации_2025-06-07.xlsx                           0           0  0.03s           2026-06-09T14:22:14                       3
================================================================================
[2026-06-09T14:22:49.610+0000] {manager.py:997} INFO - 
================================================================================
DAG File Processing Stats

File Path                                                                               PID  Runtime      # DAGs    # Errors  Last Runtime    Last Run               Last # of DB Queries
------------------------------------------------------------------------------------  -----  ---------  --------  ----------  --------------  -------------------  ----------------------
/opt/airflow/dags/01-1c-excel-pipeline/dags/test_dag.py                                 769  0.00s             1           0  0.12s           2026-06-09T14:22:19                      12
/opt/airflow/dags/01-1c-excel-pipeline/dags/orders_etl.py                                                      0           1  0.09s           2026-06-09T14:22:42                       3
/opt/airflow/dags/cases/01-1c-excel-pipeline/data/samples/Реализации_2026-06-08.xlsx                           0           0  0.06s           2026-06-09T14:22:39                       3
/opt/airflow/dags/cases/01-1c-excel-pipeline/data/samples/Реализации_2025-06-07.xlsx                           0           0  0.04s           2026-06-09T14:22:44                       3
================================================================================
[2026-06-09T14:23:20.094+0000] {manager.py:997} INFO - 
================================================================================
DAG File Processing Stats

File Path                                                                               PID  Runtime      # DAGs    # Errors  Last Runtime    Last Run               Last # of DB Queries
------------------------------------------------------------------------------------  -----  ---------  --------  ----------  --------------  -------------------  ----------------------
/opt/airflow/dags/01-1c-excel-pipeline/dags/orders_etl.py                                                      1           0  0.40s           2026-06-09T14:23:06                      34
/opt/airflow/dags/01-1c-excel-pipeline/dags/test_dag.py                                 773  0.01s             1           0  0.09s           2026-06-09T14:22:49                      12
/opt/airflow/dags/cases/01-1c-excel-pipeline/data/samples/Реализации_2025-06-07.xlsx                           0           0  0.06s           2026-06-09T14:23:15                       3
/opt/airflow/dags/cases/01-1c-excel-pipeline/data/samples/Реализации_2026-06-08.xlsx                           0           0  0.03s           2026-06-09T14:23:09                       3
================================================================================
[2026-06-09T14:23:39.824+0000] {manager.py:465} INFO - Exiting gracefully upon receiving signal 15
[2026-06-09T14:23:50.384+0000] {manager.py:483} INFO - Processing files using up to 2 processes at a time 
[2026-06-09T14:23:50.388+0000] {manager.py:484} INFO - Process each file at most once every 30 seconds
[2026-06-09T14:23:50.391+0000] {manager.py:485} INFO - Checking for new files in /opt/airflow/dags every 300 seconds
[2026-06-09T14:23:50.392+0000] {manager.py:821} INFO - Searching for files in /opt/airflow/dags
[2026-06-09T14:23:50.404+0000] {manager.py:824} INFO - There are 4 files in /opt/airflow/dags
[2026-06-09T14:23:50.460+0000] {manager.py:997} INFO - 
================================================================================
DAG File Processing Stats

File Path                                                                               PID  Runtime      # DAGs    # Errors  Last Runtime    Last Run      Last # of DB Queries
------------------------------------------------------------------------------------  -----  ---------  --------  ----------  --------------  ----------  ----------------------
/opt/airflow/dags/cases/01-1c-excel-pipeline/data/samples/Реализации_2025-06-07.xlsx                           0           0                                                   0
/opt/airflow/dags/cases/01-1c-excel-pipeline/data/samples/Реализации_2026-06-08.xlsx     34  0.02s             0           0                                                   0
/opt/airflow/dags/01-1c-excel-pipeline/dags/test_dag.py                                                        0           0                                                   0
/opt/airflow/dags/01-1c-excel-pipeline/dags/orders_etl.py                                33  0.02s             0           0                                                   0
================================================================================
[2026-06-09T14:24:20.965+0000] {manager.py:997} INFO - 
================================================================================
DAG File Processing Stats

File Path                                                                               PID  Runtime      # DAGs    # Errors  Last Runtime    Last Run               Last # of DB Queries
------------------------------------------------------------------------------------  -----  ---------  --------  ----------  --------------  -------------------  ----------------------
/opt/airflow/dags/01-1c-excel-pipeline/dags/orders_etl.py                                38  0.01s             1           0  0.40s           2026-06-09T14:23:50                      12
/opt/airflow/dags/01-1c-excel-pipeline/dags/test_dag.py                                                        1           0  0.07s           2026-06-09T14:23:50                      12
/opt/airflow/dags/cases/01-1c-excel-pipeline/data/samples/Реализации_2026-06-08.xlsx                           0           0  0.04s           2026-06-09T14:24:06                       3
/opt/airflow/dags/cases/01-1c-excel-pipeline/data/samples/Реализации_2025-06-07.xlsx     39  0.00s             0           0  0.03s           2026-06-09T14:23:50                       3
================================================================================
[2026-06-09T14:24:51.498+0000] {manager.py:997} INFO - 
================================================================================
DAG File Processing Stats

File Path                                                                               PID  Runtime      # DAGs    # Errors  Last Runtime    Last Run               Last # of DB Queries
------------------------------------------------------------------------------------  -----  ---------  --------  ----------  --------------  -------------------  ----------------------
/opt/airflow/dags/01-1c-excel-pipeline/dags/orders_etl.py                                                      1           0  0.67s           2026-06-09T14:24:21                      12
/opt/airflow/dags/cases/01-1c-excel-pipeline/data/samples/Реализации_2026-06-08.xlsx                           0           0  0.09s           2026-06-09T14:24:37                       3
/opt/airflow/dags/01-1c-excel-pipeline/dags/test_dag.py                                  43  0.00s             1           0  0.08s           2026-06-09T14:24:21                      12
/opt/airflow/dags/cases/01-1c-excel-pipeline/data/samples/Реализации_2025-06-07.xlsx     42  0.01s             0           0  0.04s           2026-06-09T14:24:21                       3
================================================================================
