[2026-06-09T12:35:01.849+0000] {processor.py:153} INFO - Started process (PID=61) to work on /opt/airflow/dags/01-1c-excel-pipeline/dags/orders_etl.py
[2026-06-09T12:35:01.850+0000] {processor.py:743} INFO - Processing file /opt/airflow/dags/01-1c-excel-pipeline/dags/orders_etl.py for tasks to queue
[2026-06-09T12:35:01.850+0000] {logging_mixin.py:137} INFO - [2026-06-09T12:35:01.850+0000] {dagbag.py:538} INFO - Filling up the DagBag from /opt/airflow/dags/01-1c-excel-pipeline/dags/orders_etl.py
[2026-06-09T12:35:02.020+0000] {processor.py:753} INFO - DAG(s) dict_keys(['1c_orders_etl']) retrieved from /opt/airflow/dags/01-1c-excel-pipeline/dags/orders_etl.py
[2026-06-09T12:35:02.044+0000] {logging_mixin.py:137} INFO - [2026-06-09T12:35:02.044+0000] {dag.py:2676} INFO - Sync 1 DAGs
[2026-06-09T12:35:02.061+0000] {logging_mixin.py:137} INFO - [2026-06-09T12:35:02.061+0000] {dag.py:3427} INFO - Setting next_dagrun for 1c_orders_etl to 2026-06-09T08:00:00+00:00, run_after=2026-06-10T08:00:00+00:00
[2026-06-09T12:35:02.071+0000] {processor.py:175} INFO - Processing /opt/airflow/dags/01-1c-excel-pipeline/dags/orders_etl.py took 0.225 seconds
[2026-06-09T12:35:32.135+0000] {processor.py:153} INFO - Started process (PID=64) to work on /opt/airflow/dags/01-1c-excel-pipeline/dags/orders_etl.py
[2026-06-09T12:35:32.136+0000] {processor.py:743} INFO - Processing file /opt/airflow/dags/01-1c-excel-pipeline/dags/orders_etl.py for tasks to queue
[2026-06-09T12:35:32.137+0000] {logging_mixin.py:137} INFO - [2026-06-09T12:35:32.137+0000] {dagbag.py:538} INFO - Filling up the DagBag from /opt/airflow/dags/01-1c-excel-pipeline/dags/orders_etl.py
[2026-06-09T12:35:32.312+0000] {processor.py:753} INFO - DAG(s) dict_keys(['1c_orders_etl']) retrieved from /opt/airflow/dags/01-1c-excel-pipeline/dags/orders_etl.py
[2026-06-09T12:35:32.339+0000] {logging_mixin.py:137} INFO - [2026-06-09T12:35:32.339+0000] {dag.py:2676} INFO - Sync 1 DAGs
[2026-06-09T12:35:32.360+0000] {logging_mixin.py:137} INFO - [2026-06-09T12:35:32.360+0000] {dag.py:3427} INFO - Setting next_dagrun for 1c_orders_etl to 2026-06-09T08:00:00+00:00, run_after=2026-06-10T08:00:00+00:00
[2026-06-09T12:35:32.371+0000] {processor.py:175} INFO - Processing /opt/airflow/dags/01-1c-excel-pipeline/dags/orders_etl.py took 0.242 seconds
[2026-06-09T12:36:02.427+0000] {processor.py:153} INFO - Started process (PID=67) to work on /opt/airflow/dags/01-1c-excel-pipeline/dags/orders_etl.py
[2026-06-09T12:36:02.428+0000] {processor.py:743} INFO - Processing file /opt/airflow/dags/01-1c-excel-pipeline/dags/orders_etl.py for tasks to queue
[2026-06-09T12:36:02.429+0000] {logging_mixin.py:137} INFO - [2026-06-09T12:36:02.429+0000] {dagbag.py:538} INFO - Filling up the DagBag from /opt/airflow/dags/01-1c-excel-pipeline/dags/orders_etl.py
[2026-06-09T12:36:02.559+0000] {processor.py:753} INFO - DAG(s) dict_keys(['1c_orders_etl']) retrieved from /opt/airflow/dags/01-1c-excel-pipeline/dags/orders_etl.py
[2026-06-09T12:36:02.579+0000] {logging_mixin.py:137} INFO - [2026-06-09T12:36:02.578+0000] {dag.py:2676} INFO - Sync 1 DAGs
[2026-06-09T12:36:02.593+0000] {logging_mixin.py:137} INFO - [2026-06-09T12:36:02.593+0000] {dag.py:3427} INFO - Setting next_dagrun for 1c_orders_etl to 2026-06-09T08:00:00+00:00, run_after=2026-06-10T08:00:00+00:00
[2026-06-09T12:36:02.602+0000] {processor.py:175} INFO - Processing /opt/airflow/dags/01-1c-excel-pipeline/dags/orders_etl.py took 0.179 seconds
[2026-06-09T12:36:32.728+0000] {processor.py:153} INFO - Started process (PID=70) to work on /opt/airflow/dags/01-1c-excel-pipeline/dags/orders_etl.py
[2026-06-09T12:36:32.731+0000] {processor.py:743} INFO - Processing file /opt/airflow/dags/01-1c-excel-pipeline/dags/orders_etl.py for tasks to queue
[2026-06-09T12:36:32.732+0000] {logging_mixin.py:137} INFO - [2026-06-09T12:36:32.732+0000] {dagbag.py:538} INFO - Filling up the DagBag from /opt/airflow/dags/01-1c-excel-pipeline/dags/orders_etl.py
[2026-06-09T12:36:32.971+0000] {processor.py:753} INFO - DAG(s) dict_keys(['1c_orders_etl']) retrieved from /opt/airflow/dags/01-1c-excel-pipeline/dags/orders_etl.py
[2026-06-09T12:36:33.006+0000] {logging_mixin.py:137} INFO - [2026-06-09T12:36:33.006+0000] {dag.py:2676} INFO - Sync 1 DAGs
[2026-06-09T12:36:33.025+0000] {logging_mixin.py:137} INFO - [2026-06-09T12:36:33.025+0000] {dag.py:3427} INFO - Setting next_dagrun for 1c_orders_etl to 2026-06-09T08:00:00+00:00, run_after=2026-06-10T08:00:00+00:00
[2026-06-09T12:36:33.038+0000] {processor.py:175} INFO - Processing /opt/airflow/dags/01-1c-excel-pipeline/dags/orders_etl.py took 0.316 seconds
[2026-06-09T12:37:03.088+0000] {processor.py:153} INFO - Started process (PID=73) to work on /opt/airflow/dags/01-1c-excel-pipeline/dags/orders_etl.py
[2026-06-09T12:37:03.091+0000] {processor.py:743} INFO - Processing file /opt/airflow/dags/01-1c-excel-pipeline/dags/orders_etl.py for tasks to queue
[2026-06-09T12:37:03.092+0000] {logging_mixin.py:137} INFO - [2026-06-09T12:37:03.092+0000] {dagbag.py:538} INFO - Filling up the DagBag from /opt/airflow/dags/01-1c-excel-pipeline/dags/orders_etl.py
[2026-06-09T12:37:03.300+0000] {processor.py:753} INFO - DAG(s) dict_keys(['1c_orders_etl']) retrieved from /opt/airflow/dags/01-1c-excel-pipeline/dags/orders_etl.py
[2026-06-09T12:37:03.335+0000] {logging_mixin.py:137} INFO - [2026-06-09T12:37:03.335+0000] {dag.py:2676} INFO - Sync 1 DAGs
[2026-06-09T12:37:03.362+0000] {logging_mixin.py:137} INFO - [2026-06-09T12:37:03.362+0000] {dag.py:3427} INFO - Setting next_dagrun for 1c_orders_etl to 2026-06-09T08:00:00+00:00, run_after=2026-06-10T08:00:00+00:00
[2026-06-09T12:37:03.379+0000] {processor.py:175} INFO - Processing /opt/airflow/dags/01-1c-excel-pipeline/dags/orders_etl.py took 0.299 seconds
[2026-06-09T12:37:33.462+0000] {processor.py:153} INFO - Started process (PID=76) to work on /opt/airflow/dags/01-1c-excel-pipeline/dags/orders_etl.py
[2026-06-09T12:37:33.464+0000] {processor.py:743} INFO - Processing file /opt/airflow/dags/01-1c-excel-pipeline/dags/orders_etl.py for tasks to queue
[2026-06-09T12:37:33.465+0000] {logging_mixin.py:137} INFO - [2026-06-09T12:37:33.465+0000] {dagbag.py:538} INFO - Filling up the DagBag from /opt/airflow/dags/01-1c-excel-pipeline/dags/orders_etl.py
[2026-06-09T12:37:33.670+0000] {processor.py:753} INFO - DAG(s) dict_keys(['1c_orders_etl']) retrieved from /opt/airflow/dags/01-1c-excel-pipeline/dags/orders_etl.py
[2026-06-09T12:37:33.715+0000] {logging_mixin.py:137} INFO - [2026-06-09T12:37:33.714+0000] {dag.py:2676} INFO - Sync 1 DAGs
[2026-06-09T12:37:33.734+0000] {logging_mixin.py:137} INFO - [2026-06-09T12:37:33.734+0000] {dag.py:3427} INFO - Setting next_dagrun for 1c_orders_etl to 2026-06-09T08:00:00+00:00, run_after=2026-06-10T08:00:00+00:00
[2026-06-09T12:37:33.747+0000] {processor.py:175} INFO - Processing /opt/airflow/dags/01-1c-excel-pipeline/dags/orders_etl.py took 0.290 seconds
[2026-06-09T12:38:03.823+0000] {processor.py:153} INFO - Started process (PID=79) to work on /opt/airflow/dags/01-1c-excel-pipeline/dags/orders_etl.py
[2026-06-09T12:38:03.826+0000] {processor.py:743} INFO - Processing file /opt/airflow/dags/01-1c-excel-pipeline/dags/orders_etl.py for tasks to queue
[2026-06-09T12:38:03.828+0000] {logging_mixin.py:137} INFO - [2026-06-09T12:38:03.828+0000] {dagbag.py:538} INFO - Filling up the DagBag from /opt/airflow/dags/01-1c-excel-pipeline/dags/orders_etl.py
[2026-06-09T12:38:04.033+0000] {processor.py:753} INFO - DAG(s) dict_keys(['1c_orders_etl']) retrieved from /opt/airflow/dags/01-1c-excel-pipeline/dags/orders_etl.py
[2026-06-09T12:38:04.071+0000] {logging_mixin.py:137} INFO - [2026-06-09T12:38:04.071+0000] {dag.py:2676} INFO - Sync 1 DAGs
[2026-06-09T12:38:04.091+0000] {logging_mixin.py:137} INFO - [2026-06-09T12:38:04.091+0000] {dag.py:3427} INFO - Setting next_dagrun for 1c_orders_etl to 2026-06-09T08:00:00+00:00, run_after=2026-06-10T08:00:00+00:00
[2026-06-09T12:38:04.103+0000] {processor.py:175} INFO - Processing /opt/airflow/dags/01-1c-excel-pipeline/dags/orders_etl.py took 0.289 seconds
[2026-06-09T12:38:34.225+0000] {processor.py:153} INFO - Started process (PID=82) to work on /opt/airflow/dags/01-1c-excel-pipeline/dags/orders_etl.py
[2026-06-09T12:38:34.230+0000] {processor.py:743} INFO - Processing file /opt/airflow/dags/01-1c-excel-pipeline/dags/orders_etl.py for tasks to queue
[2026-06-09T12:38:34.231+0000] {logging_mixin.py:137} INFO - [2026-06-09T12:38:34.231+0000] {dagbag.py:538} INFO - Filling up the DagBag from /opt/airflow/dags/01-1c-excel-pipeline/dags/orders_etl.py
[2026-06-09T12:38:34.465+0000] {processor.py:753} INFO - DAG(s) dict_keys(['1c_orders_etl']) retrieved from /opt/airflow/dags/01-1c-excel-pipeline/dags/orders_etl.py
[2026-06-09T12:38:34.493+0000] {logging_mixin.py:137} INFO - [2026-06-09T12:38:34.493+0000] {dag.py:2676} INFO - Sync 1 DAGs
[2026-06-09T12:38:34.511+0000] {logging_mixin.py:137} INFO - [2026-06-09T12:38:34.511+0000] {dag.py:3427} INFO - Setting next_dagrun for 1c_orders_etl to 2026-06-09T08:00:00+00:00, run_after=2026-06-10T08:00:00+00:00
[2026-06-09T12:38:34.522+0000] {processor.py:175} INFO - Processing /opt/airflow/dags/01-1c-excel-pipeline/dags/orders_etl.py took 0.307 seconds
[2026-06-09T12:39:04.579+0000] {processor.py:153} INFO - Started process (PID=85) to work on /opt/airflow/dags/01-1c-excel-pipeline/dags/orders_etl.py
[2026-06-09T12:39:04.581+0000] {processor.py:743} INFO - Processing file /opt/airflow/dags/01-1c-excel-pipeline/dags/orders_etl.py for tasks to queue
[2026-06-09T12:39:04.583+0000] {logging_mixin.py:137} INFO - [2026-06-09T12:39:04.583+0000] {dagbag.py:538} INFO - Filling up the DagBag from /opt/airflow/dags/01-1c-excel-pipeline/dags/orders_etl.py
[2026-06-09T12:39:04.867+0000] {processor.py:753} INFO - DAG(s) dict_keys(['1c_orders_etl']) retrieved from /opt/airflow/dags/01-1c-excel-pipeline/dags/orders_etl.py
[2026-06-09T12:39:04.909+0000] {logging_mixin.py:137} INFO - [2026-06-09T12:39:04.908+0000] {dag.py:2676} INFO - Sync 1 DAGs
[2026-06-09T12:39:04.933+0000] {logging_mixin.py:137} INFO - [2026-06-09T12:39:04.933+0000] {dag.py:3427} INFO - Setting next_dagrun for 1c_orders_etl to 2026-06-09T08:00:00+00:00, run_after=2026-06-10T08:00:00+00:00
[2026-06-09T12:39:04.949+0000] {processor.py:175} INFO - Processing /opt/airflow/dags/01-1c-excel-pipeline/dags/orders_etl.py took 0.376 seconds
[2026-06-09T12:45:36.373+0000] {processor.py:186} INFO - Started process (PID=32) to work on /opt/airflow/dags/01-1c-excel-pipeline/dags/orders_etl.py
[2026-06-09T12:45:36.374+0000] {processor.py:914} INFO - Processing file /opt/airflow/dags/01-1c-excel-pipeline/dags/orders_etl.py for tasks to queue
[2026-06-09T12:45:36.377+0000] {logging_mixin.py:190} INFO - [2026-06-09T12:45:36.377+0000] {dagbag.py:588} INFO - Filling up the DagBag from /opt/airflow/dags/01-1c-excel-pipeline/dags/orders_etl.py
[2026-06-09T12:45:37.541+0000] {processor.py:925} INFO - DAG(s) '1c_orders_etl' retrieved from /opt/airflow/dags/01-1c-excel-pipeline/dags/orders_etl.py
[2026-06-09T12:45:37.551+0000] {logging_mixin.py:190} INFO - [2026-06-09T12:45:37.551+0000] {dag.py:3239} INFO - Sync 1 DAGs
[2026-06-09T12:45:37.566+0000] {logging_mixin.py:190} INFO - [2026-06-09T12:45:37.566+0000] {dag.py:4180} INFO - Setting next_dagrun for 1c_orders_etl to 2026-06-09 08:00:00+00:00, run_after=2026-06-10 08:00:00+00:00
[2026-06-09T12:45:37.576+0000] {processor.py:208} INFO - Processing /opt/airflow/dags/01-1c-excel-pipeline/dags/orders_etl.py took 1.207 seconds
[2026-06-09T12:46:07.933+0000] {processor.py:186} INFO - Started process (PID=35) to work on /opt/airflow/dags/01-1c-excel-pipeline/dags/orders_etl.py
[2026-06-09T12:46:07.935+0000] {processor.py:914} INFO - Processing file /opt/airflow/dags/01-1c-excel-pipeline/dags/orders_etl.py for tasks to queue
[2026-06-09T12:46:07.937+0000] {logging_mixin.py:190} INFO - [2026-06-09T12:46:07.937+0000] {dagbag.py:588} INFO - Filling up the DagBag from /opt/airflow/dags/01-1c-excel-pipeline/dags/orders_etl.py
[2026-06-09T12:46:08.282+0000] {processor.py:925} INFO - DAG(s) '1c_orders_etl' retrieved from /opt/airflow/dags/01-1c-excel-pipeline/dags/orders_etl.py
[2026-06-09T12:46:08.332+0000] {logging_mixin.py:190} INFO - [2026-06-09T12:46:08.332+0000] {dag.py:3239} INFO - Sync 1 DAGs
[2026-06-09T12:46:08.342+0000] {logging_mixin.py:190} INFO - [2026-06-09T12:46:08.341+0000] {dag.py:4180} INFO - Setting next_dagrun for 1c_orders_etl to 2026-06-09 08:00:00+00:00, run_after=2026-06-10 08:00:00+00:00
[2026-06-09T12:46:08.350+0000] {processor.py:208} INFO - Processing /opt/airflow/dags/01-1c-excel-pipeline/dags/orders_etl.py took 0.423 seconds
[2026-06-09T12:46:38.425+0000] {processor.py:186} INFO - Started process (PID=37) to work on /opt/airflow/dags/01-1c-excel-pipeline/dags/orders_etl.py
[2026-06-09T12:46:38.426+0000] {processor.py:914} INFO - Processing file /opt/airflow/dags/01-1c-excel-pipeline/dags/orders_etl.py for tasks to queue
[2026-06-09T12:46:38.429+0000] {logging_mixin.py:190} INFO - [2026-06-09T12:46:38.428+0000] {dagbag.py:588} INFO - Filling up the DagBag from /opt/airflow/dags/01-1c-excel-pipeline/dags/orders_etl.py
[2026-06-09T12:46:38.704+0000] {processor.py:925} INFO - DAG(s) '1c_orders_etl' retrieved from /opt/airflow/dags/01-1c-excel-pipeline/dags/orders_etl.py
[2026-06-09T12:46:38.716+0000] {logging_mixin.py:190} INFO - [2026-06-09T12:46:38.716+0000] {dag.py:3239} INFO - Sync 1 DAGs
[2026-06-09T12:46:38.727+0000] {logging_mixin.py:190} INFO - [2026-06-09T12:46:38.727+0000] {dag.py:4180} INFO - Setting next_dagrun for 1c_orders_etl to 2026-06-09 08:00:00+00:00, run_after=2026-06-10 08:00:00+00:00
[2026-06-09T12:46:38.737+0000] {processor.py:208} INFO - Processing /opt/airflow/dags/01-1c-excel-pipeline/dags/orders_etl.py took 0.318 seconds
[2026-06-09T12:47:08.875+0000] {processor.py:186} INFO - Started process (PID=39) to work on /opt/airflow/dags/01-1c-excel-pipeline/dags/orders_etl.py
[2026-06-09T12:47:08.877+0000] {processor.py:914} INFO - Processing file /opt/airflow/dags/01-1c-excel-pipeline/dags/orders_etl.py for tasks to queue
[2026-06-09T12:47:08.879+0000] {logging_mixin.py:190} INFO - [2026-06-09T12:47:08.879+0000] {dagbag.py:588} INFO - Filling up the DagBag from /opt/airflow/dags/01-1c-excel-pipeline/dags/orders_etl.py
[2026-06-09T12:47:09.249+0000] {processor.py:925} INFO - DAG(s) '1c_orders_etl' retrieved from /opt/airflow/dags/01-1c-excel-pipeline/dags/orders_etl.py
[2026-06-09T12:47:09.262+0000] {logging_mixin.py:190} INFO - [2026-06-09T12:47:09.262+0000] {dag.py:3239} INFO - Sync 1 DAGs
[2026-06-09T12:47:09.278+0000] {logging_mixin.py:190} INFO - [2026-06-09T12:47:09.278+0000] {dag.py:4180} INFO - Setting next_dagrun for 1c_orders_etl to 2026-06-09 08:00:00+00:00, run_after=2026-06-10 08:00:00+00:00
[2026-06-09T12:47:09.285+0000] {processor.py:208} INFO - Processing /opt/airflow/dags/01-1c-excel-pipeline/dags/orders_etl.py took 0.420 seconds
[2026-06-09T12:47:39.368+0000] {processor.py:186} INFO - Started process (PID=41) to work on /opt/airflow/dags/01-1c-excel-pipeline/dags/orders_etl.py
[2026-06-09T12:47:39.369+0000] {processor.py:914} INFO - Processing file /opt/airflow/dags/01-1c-excel-pipeline/dags/orders_etl.py for tasks to queue
[2026-06-09T12:47:39.371+0000] {logging_mixin.py:190} INFO - [2026-06-09T12:47:39.371+0000] {dagbag.py:588} INFO - Filling up the DagBag from /opt/airflow/dags/01-1c-excel-pipeline/dags/orders_etl.py
[2026-06-09T12:47:39.758+0000] {processor.py:925} INFO - DAG(s) '1c_orders_etl' retrieved from /opt/airflow/dags/01-1c-excel-pipeline/dags/orders_etl.py
[2026-06-09T12:47:39.768+0000] {logging_mixin.py:190} INFO - [2026-06-09T12:47:39.768+0000] {dag.py:3239} INFO - Sync 1 DAGs
[2026-06-09T12:47:39.783+0000] {logging_mixin.py:190} INFO - [2026-06-09T12:47:39.782+0000] {dag.py:4180} INFO - Setting next_dagrun for 1c_orders_etl to 2026-06-09 08:00:00+00:00, run_after=2026-06-10 08:00:00+00:00
[2026-06-09T12:47:39.791+0000] {processor.py:208} INFO - Processing /opt/airflow/dags/01-1c-excel-pipeline/dags/orders_etl.py took 0.430 seconds
[2026-06-09T12:48:09.890+0000] {processor.py:186} INFO - Started process (PID=43) to work on /opt/airflow/dags/01-1c-excel-pipeline/dags/orders_etl.py
[2026-06-09T12:48:09.891+0000] {processor.py:914} INFO - Processing file /opt/airflow/dags/01-1c-excel-pipeline/dags/orders_etl.py for tasks to queue
[2026-06-09T12:48:09.893+0000] {logging_mixin.py:190} INFO - [2026-06-09T12:48:09.893+0000] {dagbag.py:588} INFO - Filling up the DagBag from /opt/airflow/dags/01-1c-excel-pipeline/dags/orders_etl.py
[2026-06-09T12:48:10.286+0000] {processor.py:925} INFO - DAG(s) '1c_orders_etl' retrieved from /opt/airflow/dags/01-1c-excel-pipeline/dags/orders_etl.py
[2026-06-09T12:48:10.305+0000] {logging_mixin.py:190} INFO - [2026-06-09T12:48:10.304+0000] {dag.py:3239} INFO - Sync 1 DAGs
[2026-06-09T12:48:10.318+0000] {logging_mixin.py:190} INFO - [2026-06-09T12:48:10.318+0000] {dag.py:4180} INFO - Setting next_dagrun for 1c_orders_etl to 2026-06-09 08:00:00+00:00, run_after=2026-06-10 08:00:00+00:00
[2026-06-09T12:48:10.328+0000] {processor.py:208} INFO - Processing /opt/airflow/dags/01-1c-excel-pipeline/dags/orders_etl.py took 0.442 seconds
[2026-06-09T12:48:40.408+0000] {processor.py:186} INFO - Started process (PID=45) to work on /opt/airflow/dags/01-1c-excel-pipeline/dags/orders_etl.py
[2026-06-09T12:48:40.409+0000] {processor.py:914} INFO - Processing file /opt/airflow/dags/01-1c-excel-pipeline/dags/orders_etl.py for tasks to queue
[2026-06-09T12:48:40.415+0000] {logging_mixin.py:190} INFO - [2026-06-09T12:48:40.414+0000] {dagbag.py:588} INFO - Filling up the DagBag from /opt/airflow/dags/01-1c-excel-pipeline/dags/orders_etl.py
[2026-06-09T12:48:40.722+0000] {processor.py:925} INFO - DAG(s) '1c_orders_etl' retrieved from /opt/airflow/dags/01-1c-excel-pipeline/dags/orders_etl.py
[2026-06-09T12:48:40.735+0000] {logging_mixin.py:190} INFO - [2026-06-09T12:48:40.735+0000] {dag.py:3239} INFO - Sync 1 DAGs
[2026-06-09T12:48:40.746+0000] {logging_mixin.py:190} INFO - [2026-06-09T12:48:40.746+0000] {dag.py:4180} INFO - Setting next_dagrun for 1c_orders_etl to 2026-06-09 08:00:00+00:00, run_after=2026-06-10 08:00:00+00:00
[2026-06-09T12:48:40.757+0000] {processor.py:208} INFO - Processing /opt/airflow/dags/01-1c-excel-pipeline/dags/orders_etl.py took 0.363 seconds
[2026-06-09T12:49:10.840+0000] {processor.py:186} INFO - Started process (PID=47) to work on /opt/airflow/dags/01-1c-excel-pipeline/dags/orders_etl.py
[2026-06-09T12:49:10.841+0000] {processor.py:914} INFO - Processing file /opt/airflow/dags/01-1c-excel-pipeline/dags/orders_etl.py for tasks to queue
[2026-06-09T12:49:10.844+0000] {logging_mixin.py:190} INFO - [2026-06-09T12:49:10.843+0000] {dagbag.py:588} INFO - Filling up the DagBag from /opt/airflow/dags/01-1c-excel-pipeline/dags/orders_etl.py
[2026-06-09T12:49:11.120+0000] {processor.py:925} INFO - DAG(s) '1c_orders_etl' retrieved from /opt/airflow/dags/01-1c-excel-pipeline/dags/orders_etl.py
[2026-06-09T12:49:11.131+0000] {logging_mixin.py:190} INFO - [2026-06-09T12:49:11.131+0000] {dag.py:3239} INFO - Sync 1 DAGs
[2026-06-09T12:49:11.144+0000] {logging_mixin.py:190} INFO - [2026-06-09T12:49:11.144+0000] {dag.py:4180} INFO - Setting next_dagrun for 1c_orders_etl to 2026-06-09 08:00:00+00:00, run_after=2026-06-10 08:00:00+00:00
[2026-06-09T12:49:11.152+0000] {processor.py:208} INFO - Processing /opt/airflow/dags/01-1c-excel-pipeline/dags/orders_etl.py took 0.318 seconds
[2026-06-09T12:49:41.431+0000] {processor.py:186} INFO - Started process (PID=49) to work on /opt/airflow/dags/01-1c-excel-pipeline/dags/orders_etl.py
[2026-06-09T12:49:41.433+0000] {processor.py:914} INFO - Processing file /opt/airflow/dags/01-1c-excel-pipeline/dags/orders_etl.py for tasks to queue
[2026-06-09T12:49:41.435+0000] {logging_mixin.py:190} INFO - [2026-06-09T12:49:41.435+0000] {dagbag.py:588} INFO - Filling up the DagBag from /opt/airflow/dags/01-1c-excel-pipeline/dags/orders_etl.py
[2026-06-09T12:49:41.726+0000] {processor.py:925} INFO - DAG(s) '1c_orders_etl' retrieved from /opt/airflow/dags/01-1c-excel-pipeline/dags/orders_etl.py
[2026-06-09T12:49:41.740+0000] {logging_mixin.py:190} INFO - [2026-06-09T12:49:41.740+0000] {dag.py:3239} INFO - Sync 1 DAGs
[2026-06-09T12:49:41.754+0000] {logging_mixin.py:190} INFO - [2026-06-09T12:49:41.754+0000] {dag.py:4180} INFO - Setting next_dagrun for 1c_orders_etl to 2026-06-09 08:00:00+00:00, run_after=2026-06-10 08:00:00+00:00
[2026-06-09T12:49:41.764+0000] {processor.py:208} INFO - Processing /opt/airflow/dags/01-1c-excel-pipeline/dags/orders_etl.py took 0.339 seconds
[2026-06-09T12:50:12.097+0000] {processor.py:186} INFO - Started process (PID=51) to work on /opt/airflow/dags/01-1c-excel-pipeline/dags/orders_etl.py
[2026-06-09T12:50:12.100+0000] {processor.py:914} INFO - Processing file /opt/airflow/dags/01-1c-excel-pipeline/dags/orders_etl.py for tasks to queue
[2026-06-09T12:50:12.102+0000] {logging_mixin.py:190} INFO - [2026-06-09T12:50:12.101+0000] {dagbag.py:588} INFO - Filling up the DagBag from /opt/airflow/dags/01-1c-excel-pipeline/dags/orders_etl.py
[2026-06-09T12:50:12.588+0000] {processor.py:925} INFO - DAG(s) '1c_orders_etl' retrieved from /opt/airflow/dags/01-1c-excel-pipeline/dags/orders_etl.py
[2026-06-09T12:50:12.614+0000] {logging_mixin.py:190} INFO - [2026-06-09T12:50:12.613+0000] {dag.py:3239} INFO - Sync 1 DAGs
[2026-06-09T12:50:12.627+0000] {logging_mixin.py:190} INFO - [2026-06-09T12:50:12.627+0000] {dag.py:4180} INFO - Setting next_dagrun for 1c_orders_etl to 2026-06-09 08:00:00+00:00, run_after=2026-06-10 08:00:00+00:00
[2026-06-09T12:50:12.636+0000] {processor.py:208} INFO - Processing /opt/airflow/dags/01-1c-excel-pipeline/dags/orders_etl.py took 0.546 seconds
[2026-06-09T12:50:42.799+0000] {processor.py:186} INFO - Started process (PID=54) to work on /opt/airflow/dags/01-1c-excel-pipeline/dags/orders_etl.py
[2026-06-09T12:50:42.801+0000] {processor.py:914} INFO - Processing file /opt/airflow/dags/01-1c-excel-pipeline/dags/orders_etl.py for tasks to queue
[2026-06-09T12:50:42.803+0000] {logging_mixin.py:190} INFO - [2026-06-09T12:50:42.803+0000] {dagbag.py:588} INFO - Filling up the DagBag from /opt/airflow/dags/01-1c-excel-pipeline/dags/orders_etl.py
[2026-06-09T12:50:43.177+0000] {processor.py:925} INFO - DAG(s) '1c_orders_etl' retrieved from /opt/airflow/dags/01-1c-excel-pipeline/dags/orders_etl.py
[2026-06-09T12:50:43.189+0000] {logging_mixin.py:190} INFO - [2026-06-09T12:50:43.188+0000] {dag.py:3239} INFO - Sync 1 DAGs
[2026-06-09T12:50:43.200+0000] {logging_mixin.py:190} INFO - [2026-06-09T12:50:43.200+0000] {dag.py:4180} INFO - Setting next_dagrun for 1c_orders_etl to 2026-06-09 08:00:00+00:00, run_after=2026-06-10 08:00:00+00:00
[2026-06-09T12:50:43.209+0000] {processor.py:208} INFO - Processing /opt/airflow/dags/01-1c-excel-pipeline/dags/orders_etl.py took 0.417 seconds
[2026-06-09T12:51:13.272+0000] {processor.py:186} INFO - Started process (PID=57) to work on /opt/airflow/dags/01-1c-excel-pipeline/dags/orders_etl.py
[2026-06-09T12:51:13.273+0000] {processor.py:914} INFO - Processing file /opt/airflow/dags/01-1c-excel-pipeline/dags/orders_etl.py for tasks to queue
[2026-06-09T12:51:13.275+0000] {logging_mixin.py:190} INFO - [2026-06-09T12:51:13.275+0000] {dagbag.py:588} INFO - Filling up the DagBag from /opt/airflow/dags/01-1c-excel-pipeline/dags/orders_etl.py
[2026-06-09T12:51:13.535+0000] {processor.py:925} INFO - DAG(s) '1c_orders_etl' retrieved from /opt/airflow/dags/01-1c-excel-pipeline/dags/orders_etl.py
[2026-06-09T12:51:13.546+0000] {logging_mixin.py:190} INFO - [2026-06-09T12:51:13.545+0000] {dag.py:3239} INFO - Sync 1 DAGs
[2026-06-09T12:51:13.556+0000] {logging_mixin.py:190} INFO - [2026-06-09T12:51:13.556+0000] {dag.py:4180} INFO - Setting next_dagrun for 1c_orders_etl to 2026-06-09 08:00:00+00:00, run_after=2026-06-10 08:00:00+00:00
[2026-06-09T12:51:13.564+0000] {processor.py:208} INFO - Processing /opt/airflow/dags/01-1c-excel-pipeline/dags/orders_etl.py took 0.298 seconds
[2026-06-09T12:51:43.696+0000] {processor.py:186} INFO - Started process (PID=60) to work on /opt/airflow/dags/01-1c-excel-pipeline/dags/orders_etl.py
[2026-06-09T12:51:43.697+0000] {processor.py:914} INFO - Processing file /opt/airflow/dags/01-1c-excel-pipeline/dags/orders_etl.py for tasks to queue
[2026-06-09T12:51:43.699+0000] {logging_mixin.py:190} INFO - [2026-06-09T12:51:43.698+0000] {dagbag.py:588} INFO - Filling up the DagBag from /opt/airflow/dags/01-1c-excel-pipeline/dags/orders_etl.py
[2026-06-09T12:51:44.002+0000] {processor.py:925} INFO - DAG(s) '1c_orders_etl' retrieved from /opt/airflow/dags/01-1c-excel-pipeline/dags/orders_etl.py
[2026-06-09T12:51:44.014+0000] {logging_mixin.py:190} INFO - [2026-06-09T12:51:44.014+0000] {dag.py:3239} INFO - Sync 1 DAGs
[2026-06-09T12:51:44.025+0000] {logging_mixin.py:190} INFO - [2026-06-09T12:51:44.025+0000] {dag.py:4180} INFO - Setting next_dagrun for 1c_orders_etl to 2026-06-09 08:00:00+00:00, run_after=2026-06-10 08:00:00+00:00
[2026-06-09T12:51:44.033+0000] {processor.py:208} INFO - Processing /opt/airflow/dags/01-1c-excel-pipeline/dags/orders_etl.py took 0.344 seconds
[2026-06-09T12:52:14.430+0000] {processor.py:186} INFO - Started process (PID=63) to work on /opt/airflow/dags/01-1c-excel-pipeline/dags/orders_etl.py
[2026-06-09T12:52:14.433+0000] {processor.py:914} INFO - Processing file /opt/airflow/dags/01-1c-excel-pipeline/dags/orders_etl.py for tasks to queue
[2026-06-09T12:52:14.435+0000] {logging_mixin.py:190} INFO - [2026-06-09T12:52:14.435+0000] {dagbag.py:588} INFO - Filling up the DagBag from /opt/airflow/dags/01-1c-excel-pipeline/dags/orders_etl.py
[2026-06-09T12:52:14.718+0000] {processor.py:925} INFO - DAG(s) '1c_orders_etl' retrieved from /opt/airflow/dags/01-1c-excel-pipeline/dags/orders_etl.py
[2026-06-09T12:52:14.730+0000] {logging_mixin.py:190} INFO - [2026-06-09T12:52:14.729+0000] {dag.py:3239} INFO - Sync 1 DAGs
[2026-06-09T12:52:14.740+0000] {logging_mixin.py:190} INFO - [2026-06-09T12:52:14.740+0000] {dag.py:4180} INFO - Setting next_dagrun for 1c_orders_etl to 2026-06-09 08:00:00+00:00, run_after=2026-06-10 08:00:00+00:00
[2026-06-09T12:52:14.748+0000] {processor.py:208} INFO - Processing /opt/airflow/dags/01-1c-excel-pipeline/dags/orders_etl.py took 0.325 seconds
[2026-06-09T12:52:45.047+0000] {processor.py:186} INFO - Started process (PID=66) to work on /opt/airflow/dags/01-1c-excel-pipeline/dags/orders_etl.py
[2026-06-09T12:52:45.048+0000] {processor.py:914} INFO - Processing file /opt/airflow/dags/01-1c-excel-pipeline/dags/orders_etl.py for tasks to queue
[2026-06-09T12:52:45.050+0000] {logging_mixin.py:190} INFO - [2026-06-09T12:52:45.049+0000] {dagbag.py:588} INFO - Filling up the DagBag from /opt/airflow/dags/01-1c-excel-pipeline/dags/orders_etl.py
[2026-06-09T12:52:45.346+0000] {processor.py:925} INFO - DAG(s) '1c_orders_etl' retrieved from /opt/airflow/dags/01-1c-excel-pipeline/dags/orders_etl.py
[2026-06-09T12:52:45.359+0000] {logging_mixin.py:190} INFO - [2026-06-09T12:52:45.358+0000] {dag.py:3239} INFO - Sync 1 DAGs
[2026-06-09T12:52:45.369+0000] {logging_mixin.py:190} INFO - [2026-06-09T12:52:45.369+0000] {dag.py:4180} INFO - Setting next_dagrun for 1c_orders_etl to 2026-06-09 08:00:00+00:00, run_after=2026-06-10 08:00:00+00:00
[2026-06-09T12:52:45.377+0000] {processor.py:208} INFO - Processing /opt/airflow/dags/01-1c-excel-pipeline/dags/orders_etl.py took 0.336 seconds
[2026-06-09T12:53:15.520+0000] {processor.py:186} INFO - Started process (PID=69) to work on /opt/airflow/dags/01-1c-excel-pipeline/dags/orders_etl.py
[2026-06-09T12:53:15.522+0000] {processor.py:914} INFO - Processing file /opt/airflow/dags/01-1c-excel-pipeline/dags/orders_etl.py for tasks to queue
[2026-06-09T12:53:15.525+0000] {logging_mixin.py:190} INFO - [2026-06-09T12:53:15.525+0000] {dagbag.py:588} INFO - Filling up the DagBag from /opt/airflow/dags/01-1c-excel-pipeline/dags/orders_etl.py
[2026-06-09T12:53:15.873+0000] {processor.py:925} INFO - DAG(s) '1c_orders_etl' retrieved from /opt/airflow/dags/01-1c-excel-pipeline/dags/orders_etl.py
[2026-06-09T12:53:15.884+0000] {logging_mixin.py:190} INFO - [2026-06-09T12:53:15.883+0000] {dag.py:3239} INFO - Sync 1 DAGs
[2026-06-09T12:53:15.894+0000] {logging_mixin.py:190} INFO - [2026-06-09T12:53:15.894+0000] {dag.py:4180} INFO - Setting next_dagrun for 1c_orders_etl to 2026-06-09 08:00:00+00:00, run_after=2026-06-10 08:00:00+00:00
[2026-06-09T12:53:15.902+0000] {processor.py:208} INFO - Processing /opt/airflow/dags/01-1c-excel-pipeline/dags/orders_etl.py took 0.392 seconds
[2026-06-09T12:53:46.086+0000] {processor.py:186} INFO - Started process (PID=72) to work on /opt/airflow/dags/01-1c-excel-pipeline/dags/orders_etl.py
[2026-06-09T12:53:46.086+0000] {processor.py:914} INFO - Processing file /opt/airflow/dags/01-1c-excel-pipeline/dags/orders_etl.py for tasks to queue
[2026-06-09T12:53:46.088+0000] {logging_mixin.py:190} INFO - [2026-06-09T12:53:46.087+0000] {dagbag.py:588} INFO - Filling up the DagBag from /opt/airflow/dags/01-1c-excel-pipeline/dags/orders_etl.py
[2026-06-09T12:53:46.325+0000] {processor.py:925} INFO - DAG(s) '1c_orders_etl' retrieved from /opt/airflow/dags/01-1c-excel-pipeline/dags/orders_etl.py
[2026-06-09T12:53:46.335+0000] {logging_mixin.py:190} INFO - [2026-06-09T12:53:46.335+0000] {dag.py:3239} INFO - Sync 1 DAGs
[2026-06-09T12:53:46.346+0000] {logging_mixin.py:190} INFO - [2026-06-09T12:53:46.345+0000] {dag.py:4180} INFO - Setting next_dagrun for 1c_orders_etl to 2026-06-09 08:00:00+00:00, run_after=2026-06-10 08:00:00+00:00
[2026-06-09T12:53:46.353+0000] {processor.py:208} INFO - Processing /opt/airflow/dags/01-1c-excel-pipeline/dags/orders_etl.py took 0.272 seconds
[2026-06-09T12:54:16.456+0000] {processor.py:186} INFO - Started process (PID=75) to work on /opt/airflow/dags/01-1c-excel-pipeline/dags/orders_etl.py
[2026-06-09T12:54:16.457+0000] {processor.py:914} INFO - Processing file /opt/airflow/dags/01-1c-excel-pipeline/dags/orders_etl.py for tasks to queue
[2026-06-09T12:54:16.459+0000] {logging_mixin.py:190} INFO - [2026-06-09T12:54:16.459+0000] {dagbag.py:588} INFO - Filling up the DagBag from /opt/airflow/dags/01-1c-excel-pipeline/dags/orders_etl.py
[2026-06-09T12:54:16.698+0000] {processor.py:925} INFO - DAG(s) '1c_orders_etl' retrieved from /opt/airflow/dags/01-1c-excel-pipeline/dags/orders_etl.py
[2026-06-09T12:54:16.708+0000] {logging_mixin.py:190} INFO - [2026-06-09T12:54:16.708+0000] {dag.py:3239} INFO - Sync 1 DAGs
[2026-06-09T12:54:16.718+0000] {logging_mixin.py:190} INFO - [2026-06-09T12:54:16.717+0000] {dag.py:4180} INFO - Setting next_dagrun for 1c_orders_etl to 2026-06-09 08:00:00+00:00, run_after=2026-06-10 08:00:00+00:00
[2026-06-09T12:54:16.725+0000] {processor.py:208} INFO - Processing /opt/airflow/dags/01-1c-excel-pipeline/dags/orders_etl.py took 0.275 seconds
[2026-06-09T12:54:46.915+0000] {processor.py:186} INFO - Started process (PID=78) to work on /opt/airflow/dags/01-1c-excel-pipeline/dags/orders_etl.py
[2026-06-09T12:54:46.916+0000] {processor.py:914} INFO - Processing file /opt/airflow/dags/01-1c-excel-pipeline/dags/orders_etl.py for tasks to queue
[2026-06-09T12:54:46.918+0000] {logging_mixin.py:190} INFO - [2026-06-09T12:54:46.917+0000] {dagbag.py:588} INFO - Filling up the DagBag from /opt/airflow/dags/01-1c-excel-pipeline/dags/orders_etl.py
[2026-06-09T12:54:47.180+0000] {processor.py:925} INFO - DAG(s) '1c_orders_etl' retrieved from /opt/airflow/dags/01-1c-excel-pipeline/dags/orders_etl.py
[2026-06-09T12:54:47.193+0000] {logging_mixin.py:190} INFO - [2026-06-09T12:54:47.193+0000] {dag.py:3239} INFO - Sync 1 DAGs
[2026-06-09T12:54:47.205+0000] {logging_mixin.py:190} INFO - [2026-06-09T12:54:47.205+0000] {dag.py:4180} INFO - Setting next_dagrun for 1c_orders_etl to 2026-06-09 08:00:00+00:00, run_after=2026-06-10 08:00:00+00:00
[2026-06-09T12:54:47.212+0000] {processor.py:208} INFO - Processing /opt/airflow/dags/01-1c-excel-pipeline/dags/orders_etl.py took 0.304 seconds
[2026-06-09T12:55:17.360+0000] {processor.py:186} INFO - Started process (PID=81) to work on /opt/airflow/dags/01-1c-excel-pipeline/dags/orders_etl.py
[2026-06-09T12:55:17.361+0000] {processor.py:914} INFO - Processing file /opt/airflow/dags/01-1c-excel-pipeline/dags/orders_etl.py for tasks to queue
[2026-06-09T12:55:17.362+0000] {logging_mixin.py:190} INFO - [2026-06-09T12:55:17.362+0000] {dagbag.py:588} INFO - Filling up the DagBag from /opt/airflow/dags/01-1c-excel-pipeline/dags/orders_etl.py
[2026-06-09T12:55:17.647+0000] {processor.py:925} INFO - DAG(s) '1c_orders_etl' retrieved from /opt/airflow/dags/01-1c-excel-pipeline/dags/orders_etl.py
[2026-06-09T12:55:17.658+0000] {logging_mixin.py:190} INFO - [2026-06-09T12:55:17.658+0000] {dag.py:3239} INFO - Sync 1 DAGs
[2026-06-09T12:55:17.669+0000] {logging_mixin.py:190} INFO - [2026-06-09T12:55:17.669+0000] {dag.py:4180} INFO - Setting next_dagrun for 1c_orders_etl to 2026-06-09 08:00:00+00:00, run_after=2026-06-10 08:00:00+00:00
[2026-06-09T12:55:17.676+0000] {processor.py:208} INFO - Processing /opt/airflow/dags/01-1c-excel-pipeline/dags/orders_etl.py took 0.323 seconds
[2026-06-09T12:55:48.139+0000] {processor.py:186} INFO - Started process (PID=85) to work on /opt/airflow/dags/01-1c-excel-pipeline/dags/orders_etl.py
[2026-06-09T12:55:48.140+0000] {processor.py:914} INFO - Processing file /opt/airflow/dags/01-1c-excel-pipeline/dags/orders_etl.py for tasks to queue
[2026-06-09T12:55:48.143+0000] {logging_mixin.py:190} INFO - [2026-06-09T12:55:48.142+0000] {dagbag.py:588} INFO - Filling up the DagBag from /opt/airflow/dags/01-1c-excel-pipeline/dags/orders_etl.py
[2026-06-09T12:55:48.380+0000] {processor.py:925} INFO - DAG(s) '1c_orders_etl' retrieved from /opt/airflow/dags/01-1c-excel-pipeline/dags/orders_etl.py
[2026-06-09T12:55:48.390+0000] {logging_mixin.py:190} INFO - [2026-06-09T12:55:48.390+0000] {dag.py:3239} INFO - Sync 1 DAGs
[2026-06-09T12:55:48.401+0000] {logging_mixin.py:190} INFO - [2026-06-09T12:55:48.401+0000] {dag.py:4180} INFO - Setting next_dagrun for 1c_orders_etl to 2026-06-09 08:00:00+00:00, run_after=2026-06-10 08:00:00+00:00
[2026-06-09T12:55:48.408+0000] {processor.py:208} INFO - Processing /opt/airflow/dags/01-1c-excel-pipeline/dags/orders_etl.py took 0.276 seconds
[2026-06-09T12:56:18.622+0000] {processor.py:186} INFO - Started process (PID=89) to work on /opt/airflow/dags/01-1c-excel-pipeline/dags/orders_etl.py
[2026-06-09T12:56:18.623+0000] {processor.py:914} INFO - Processing file /opt/airflow/dags/01-1c-excel-pipeline/dags/orders_etl.py for tasks to queue
[2026-06-09T12:56:18.625+0000] {logging_mixin.py:190} INFO - [2026-06-09T12:56:18.625+0000] {dagbag.py:588} INFO - Filling up the DagBag from /opt/airflow/dags/01-1c-excel-pipeline/dags/orders_etl.py
[2026-06-09T12:56:18.868+0000] {processor.py:925} INFO - DAG(s) '1c_orders_etl' retrieved from /opt/airflow/dags/01-1c-excel-pipeline/dags/orders_etl.py
[2026-06-09T12:56:18.879+0000] {logging_mixin.py:190} INFO - [2026-06-09T12:56:18.878+0000] {dag.py:3239} INFO - Sync 1 DAGs
[2026-06-09T12:56:18.888+0000] {logging_mixin.py:190} INFO - [2026-06-09T12:56:18.888+0000] {dag.py:4180} INFO - Setting next_dagrun for 1c_orders_etl to 2026-06-09 08:00:00+00:00, run_after=2026-06-10 08:00:00+00:00
[2026-06-09T12:56:18.896+0000] {processor.py:208} INFO - Processing /opt/airflow/dags/01-1c-excel-pipeline/dags/orders_etl.py took 0.282 seconds
[2026-06-09T12:56:49.172+0000] {processor.py:186} INFO - Started process (PID=93) to work on /opt/airflow/dags/01-1c-excel-pipeline/dags/orders_etl.py
[2026-06-09T12:56:49.173+0000] {processor.py:914} INFO - Processing file /opt/airflow/dags/01-1c-excel-pipeline/dags/orders_etl.py for tasks to queue
[2026-06-09T12:56:49.176+0000] {logging_mixin.py:190} INFO - [2026-06-09T12:56:49.175+0000] {dagbag.py:588} INFO - Filling up the DagBag from /opt/airflow/dags/01-1c-excel-pipeline/dags/orders_etl.py
[2026-06-09T12:56:49.477+0000] {processor.py:925} INFO - DAG(s) '1c_orders_etl' retrieved from /opt/airflow/dags/01-1c-excel-pipeline/dags/orders_etl.py
[2026-06-09T12:56:49.488+0000] {logging_mixin.py:190} INFO - [2026-06-09T12:56:49.488+0000] {dag.py:3239} INFO - Sync 1 DAGs
[2026-06-09T12:56:49.498+0000] {logging_mixin.py:190} INFO - [2026-06-09T12:56:49.498+0000] {dag.py:4180} INFO - Setting next_dagrun for 1c_orders_etl to 2026-06-09 08:00:00+00:00, run_after=2026-06-10 08:00:00+00:00
[2026-06-09T12:56:49.505+0000] {processor.py:208} INFO - Processing /opt/airflow/dags/01-1c-excel-pipeline/dags/orders_etl.py took 0.340 seconds
[2026-06-09T12:57:19.690+0000] {processor.py:186} INFO - Started process (PID=97) to work on /opt/airflow/dags/01-1c-excel-pipeline/dags/orders_etl.py
[2026-06-09T12:57:19.691+0000] {processor.py:914} INFO - Processing file /opt/airflow/dags/01-1c-excel-pipeline/dags/orders_etl.py for tasks to queue
[2026-06-09T12:57:19.697+0000] {logging_mixin.py:190} INFO - [2026-06-09T12:57:19.696+0000] {dagbag.py:588} INFO - Filling up the DagBag from /opt/airflow/dags/01-1c-excel-pipeline/dags/orders_etl.py
[2026-06-09T12:57:20.058+0000] {processor.py:925} INFO - DAG(s) '1c_orders_etl' retrieved from /opt/airflow/dags/01-1c-excel-pipeline/dags/orders_etl.py
[2026-06-09T12:57:20.068+0000] {logging_mixin.py:190} INFO - [2026-06-09T12:57:20.068+0000] {dag.py:3239} INFO - Sync 1 DAGs
[2026-06-09T12:57:20.079+0000] {logging_mixin.py:190} INFO - [2026-06-09T12:57:20.078+0000] {dag.py:4180} INFO - Setting next_dagrun for 1c_orders_etl to 2026-06-09 08:00:00+00:00, run_after=2026-06-10 08:00:00+00:00
[2026-06-09T12:57:20.087+0000] {processor.py:208} INFO - Processing /opt/airflow/dags/01-1c-excel-pipeline/dags/orders_etl.py took 0.404 seconds
[2026-06-09T12:57:50.290+0000] {processor.py:186} INFO - Started process (PID=101) to work on /opt/airflow/dags/01-1c-excel-pipeline/dags/orders_etl.py
[2026-06-09T12:57:50.293+0000] {processor.py:914} INFO - Processing file /opt/airflow/dags/01-1c-excel-pipeline/dags/orders_etl.py for tasks to queue
[2026-06-09T12:57:50.295+0000] {logging_mixin.py:190} INFO - [2026-06-09T12:57:50.295+0000] {dagbag.py:588} INFO - Filling up the DagBag from /opt/airflow/dags/01-1c-excel-pipeline/dags/orders_etl.py
[2026-06-09T12:57:50.550+0000] {processor.py:925} INFO - DAG(s) '1c_orders_etl' retrieved from /opt/airflow/dags/01-1c-excel-pipeline/dags/orders_etl.py
[2026-06-09T12:57:50.561+0000] {logging_mixin.py:190} INFO - [2026-06-09T12:57:50.561+0000] {dag.py:3239} INFO - Sync 1 DAGs
[2026-06-09T12:57:50.572+0000] {logging_mixin.py:190} INFO - [2026-06-09T12:57:50.571+0000] {dag.py:4180} INFO - Setting next_dagrun for 1c_orders_etl to 2026-06-09 08:00:00+00:00, run_after=2026-06-10 08:00:00+00:00
[2026-06-09T12:57:50.578+0000] {processor.py:208} INFO - Processing /opt/airflow/dags/01-1c-excel-pipeline/dags/orders_etl.py took 0.297 seconds
[2026-06-09T12:58:20.777+0000] {processor.py:186} INFO - Started process (PID=105) to work on /opt/airflow/dags/01-1c-excel-pipeline/dags/orders_etl.py
[2026-06-09T12:58:20.778+0000] {processor.py:914} INFO - Processing file /opt/airflow/dags/01-1c-excel-pipeline/dags/orders_etl.py for tasks to queue
[2026-06-09T12:58:20.781+0000] {logging_mixin.py:190} INFO - [2026-06-09T12:58:20.781+0000] {dagbag.py:588} INFO - Filling up the DagBag from /opt/airflow/dags/01-1c-excel-pipeline/dags/orders_etl.py
[2026-06-09T12:58:21.065+0000] {processor.py:925} INFO - DAG(s) '1c_orders_etl' retrieved from /opt/airflow/dags/01-1c-excel-pipeline/dags/orders_etl.py
[2026-06-09T12:58:21.076+0000] {logging_mixin.py:190} INFO - [2026-06-09T12:58:21.076+0000] {dag.py:3239} INFO - Sync 1 DAGs
[2026-06-09T12:58:21.088+0000] {logging_mixin.py:190} INFO - [2026-06-09T12:58:21.088+0000] {dag.py:4180} INFO - Setting next_dagrun for 1c_orders_etl to 2026-06-09 08:00:00+00:00, run_after=2026-06-10 08:00:00+00:00
[2026-06-09T12:58:21.097+0000] {processor.py:208} INFO - Processing /opt/airflow/dags/01-1c-excel-pipeline/dags/orders_etl.py took 0.327 seconds
[2026-06-09T12:58:51.628+0000] {processor.py:186} INFO - Started process (PID=109) to work on /opt/airflow/dags/01-1c-excel-pipeline/dags/orders_etl.py
[2026-06-09T12:58:51.629+0000] {processor.py:914} INFO - Processing file /opt/airflow/dags/01-1c-excel-pipeline/dags/orders_etl.py for tasks to queue
[2026-06-09T12:58:51.632+0000] {logging_mixin.py:190} INFO - [2026-06-09T12:58:51.631+0000] {dagbag.py:588} INFO - Filling up the DagBag from /opt/airflow/dags/01-1c-excel-pipeline/dags/orders_etl.py
[2026-06-09T12:58:51.868+0000] {processor.py:925} INFO - DAG(s) '1c_orders_etl' retrieved from /opt/airflow/dags/01-1c-excel-pipeline/dags/orders_etl.py
[2026-06-09T12:58:51.878+0000] {logging_mixin.py:190} INFO - [2026-06-09T12:58:51.878+0000] {dag.py:3239} INFO - Sync 1 DAGs
[2026-06-09T12:58:51.887+0000] {logging_mixin.py:190} INFO - [2026-06-09T12:58:51.887+0000] {dag.py:4180} INFO - Setting next_dagrun for 1c_orders_etl to 2026-06-09 08:00:00+00:00, run_after=2026-06-10 08:00:00+00:00
[2026-06-09T12:58:51.894+0000] {processor.py:208} INFO - Processing /opt/airflow/dags/01-1c-excel-pipeline/dags/orders_etl.py took 0.272 seconds
[2026-06-09T12:59:22.113+0000] {processor.py:186} INFO - Started process (PID=113) to work on /opt/airflow/dags/01-1c-excel-pipeline/dags/orders_etl.py
[2026-06-09T12:59:22.114+0000] {processor.py:914} INFO - Processing file /opt/airflow/dags/01-1c-excel-pipeline/dags/orders_etl.py for tasks to queue
[2026-06-09T12:59:22.116+0000] {logging_mixin.py:190} INFO - [2026-06-09T12:59:22.116+0000] {dagbag.py:588} INFO - Filling up the DagBag from /opt/airflow/dags/01-1c-excel-pipeline/dags/orders_etl.py
[2026-06-09T12:59:22.379+0000] {processor.py:925} INFO - DAG(s) '1c_orders_etl' retrieved from /opt/airflow/dags/01-1c-excel-pipeline/dags/orders_etl.py
[2026-06-09T12:59:22.389+0000] {logging_mixin.py:190} INFO - [2026-06-09T12:59:22.389+0000] {dag.py:3239} INFO - Sync 1 DAGs
[2026-06-09T12:59:22.399+0000] {logging_mixin.py:190} INFO - [2026-06-09T12:59:22.399+0000] {dag.py:4180} INFO - Setting next_dagrun for 1c_orders_etl to 2026-06-09 08:00:00+00:00, run_after=2026-06-10 08:00:00+00:00
[2026-06-09T12:59:22.405+0000] {processor.py:208} INFO - Processing /opt/airflow/dags/01-1c-excel-pipeline/dags/orders_etl.py took 0.298 seconds
[2026-06-09T12:59:52.665+0000] {processor.py:186} INFO - Started process (PID=117) to work on /opt/airflow/dags/01-1c-excel-pipeline/dags/orders_etl.py
[2026-06-09T12:59:52.666+0000] {processor.py:914} INFO - Processing file /opt/airflow/dags/01-1c-excel-pipeline/dags/orders_etl.py for tasks to queue
[2026-06-09T12:59:52.667+0000] {logging_mixin.py:190} INFO - [2026-06-09T12:59:52.667+0000] {dagbag.py:588} INFO - Filling up the DagBag from /opt/airflow/dags/01-1c-excel-pipeline/dags/orders_etl.py
[2026-06-09T12:59:52.934+0000] {processor.py:925} INFO - DAG(s) '1c_orders_etl' retrieved from /opt/airflow/dags/01-1c-excel-pipeline/dags/orders_etl.py
[2026-06-09T12:59:52.945+0000] {logging_mixin.py:190} INFO - [2026-06-09T12:59:52.945+0000] {dag.py:3239} INFO - Sync 1 DAGs
[2026-06-09T12:59:52.955+0000] {logging_mixin.py:190} INFO - [2026-06-09T12:59:52.955+0000] {dag.py:4180} INFO - Setting next_dagrun for 1c_orders_etl to 2026-06-09 08:00:00+00:00, run_after=2026-06-10 08:00:00+00:00
[2026-06-09T12:59:52.962+0000] {processor.py:208} INFO - Processing /opt/airflow/dags/01-1c-excel-pipeline/dags/orders_etl.py took 0.302 seconds
[2026-06-09T13:00:23.380+0000] {processor.py:186} INFO - Started process (PID=121) to work on /opt/airflow/dags/01-1c-excel-pipeline/dags/orders_etl.py
[2026-06-09T13:00:23.381+0000] {processor.py:914} INFO - Processing file /opt/airflow/dags/01-1c-excel-pipeline/dags/orders_etl.py for tasks to queue
[2026-06-09T13:00:23.382+0000] {logging_mixin.py:190} INFO - [2026-06-09T13:00:23.382+0000] {dagbag.py:588} INFO - Filling up the DagBag from /opt/airflow/dags/01-1c-excel-pipeline/dags/orders_etl.py
[2026-06-09T13:00:23.621+0000] {processor.py:925} INFO - DAG(s) '1c_orders_etl' retrieved from /opt/airflow/dags/01-1c-excel-pipeline/dags/orders_etl.py
[2026-06-09T13:00:23.633+0000] {logging_mixin.py:190} INFO - [2026-06-09T13:00:23.633+0000] {dag.py:3239} INFO - Sync 1 DAGs
[2026-06-09T13:00:23.643+0000] {logging_mixin.py:190} INFO - [2026-06-09T13:00:23.643+0000] {dag.py:4180} INFO - Setting next_dagrun for 1c_orders_etl to 2026-06-09 08:00:00+00:00, run_after=2026-06-10 08:00:00+00:00
[2026-06-09T13:00:23.651+0000] {processor.py:208} INFO - Processing /opt/airflow/dags/01-1c-excel-pipeline/dags/orders_etl.py took 0.277 seconds
[2026-06-09T13:00:54.052+0000] {processor.py:186} INFO - Started process (PID=125) to work on /opt/airflow/dags/01-1c-excel-pipeline/dags/orders_etl.py
[2026-06-09T13:00:54.053+0000] {processor.py:914} INFO - Processing file /opt/airflow/dags/01-1c-excel-pipeline/dags/orders_etl.py for tasks to queue
[2026-06-09T13:00:54.055+0000] {logging_mixin.py:190} INFO - [2026-06-09T13:00:54.055+0000] {dagbag.py:588} INFO - Filling up the DagBag from /opt/airflow/dags/01-1c-excel-pipeline/dags/orders_etl.py
[2026-06-09T13:00:54.347+0000] {processor.py:925} INFO - DAG(s) '1c_orders_etl' retrieved from /opt/airflow/dags/01-1c-excel-pipeline/dags/orders_etl.py
[2026-06-09T13:00:54.358+0000] {logging_mixin.py:190} INFO - [2026-06-09T13:00:54.358+0000] {dag.py:3239} INFO - Sync 1 DAGs
[2026-06-09T13:00:54.367+0000] {logging_mixin.py:190} INFO - [2026-06-09T13:00:54.367+0000] {dag.py:4180} INFO - Setting next_dagrun for 1c_orders_etl to 2026-06-09 08:00:00+00:00, run_after=2026-06-10 08:00:00+00:00
[2026-06-09T13:00:54.375+0000] {processor.py:208} INFO - Processing /opt/airflow/dags/01-1c-excel-pipeline/dags/orders_etl.py took 0.329 seconds
[2026-06-09T13:01:24.558+0000] {processor.py:186} INFO - Started process (PID=129) to work on /opt/airflow/dags/01-1c-excel-pipeline/dags/orders_etl.py
[2026-06-09T13:01:24.559+0000] {processor.py:914} INFO - Processing file /opt/airflow/dags/01-1c-excel-pipeline/dags/orders_etl.py for tasks to queue
[2026-06-09T13:01:24.562+0000] {logging_mixin.py:190} INFO - [2026-06-09T13:01:24.562+0000] {dagbag.py:588} INFO - Filling up the DagBag from /opt/airflow/dags/01-1c-excel-pipeline/dags/orders_etl.py
[2026-06-09T13:01:24.807+0000] {processor.py:925} INFO - DAG(s) '1c_orders_etl' retrieved from /opt/airflow/dags/01-1c-excel-pipeline/dags/orders_etl.py
[2026-06-09T13:01:24.818+0000] {logging_mixin.py:190} INFO - [2026-06-09T13:01:24.818+0000] {dag.py:3239} INFO - Sync 1 DAGs
[2026-06-09T13:01:24.829+0000] {logging_mixin.py:190} INFO - [2026-06-09T13:01:24.829+0000] {dag.py:4180} INFO - Setting next_dagrun for 1c_orders_etl to 2026-06-09 08:00:00+00:00, run_after=2026-06-10 08:00:00+00:00
[2026-06-09T13:01:24.837+0000] {processor.py:208} INFO - Processing /opt/airflow/dags/01-1c-excel-pipeline/dags/orders_etl.py took 0.286 seconds
[2026-06-09T13:01:55.067+0000] {processor.py:186} INFO - Started process (PID=133) to work on /opt/airflow/dags/01-1c-excel-pipeline/dags/orders_etl.py
[2026-06-09T13:01:55.068+0000] {processor.py:914} INFO - Processing file /opt/airflow/dags/01-1c-excel-pipeline/dags/orders_etl.py for tasks to queue
[2026-06-09T13:01:55.070+0000] {logging_mixin.py:190} INFO - [2026-06-09T13:01:55.069+0000] {dagbag.py:588} INFO - Filling up the DagBag from /opt/airflow/dags/01-1c-excel-pipeline/dags/orders_etl.py
[2026-06-09T13:01:55.363+0000] {processor.py:925} INFO - DAG(s) '1c_orders_etl' retrieved from /opt/airflow/dags/01-1c-excel-pipeline/dags/orders_etl.py
[2026-06-09T13:01:55.374+0000] {logging_mixin.py:190} INFO - [2026-06-09T13:01:55.373+0000] {dag.py:3239} INFO - Sync 1 DAGs
[2026-06-09T13:01:55.384+0000] {logging_mixin.py:190} INFO - [2026-06-09T13:01:55.384+0000] {dag.py:4180} INFO - Setting next_dagrun for 1c_orders_etl to 2026-06-09 08:00:00+00:00, run_after=2026-06-10 08:00:00+00:00
[2026-06-09T13:01:55.391+0000] {processor.py:208} INFO - Processing /opt/airflow/dags/01-1c-excel-pipeline/dags/orders_etl.py took 0.330 seconds
[2026-06-09T13:02:25.684+0000] {processor.py:186} INFO - Started process (PID=137) to work on /opt/airflow/dags/01-1c-excel-pipeline/dags/orders_etl.py
[2026-06-09T13:02:25.685+0000] {processor.py:914} INFO - Processing file /opt/airflow/dags/01-1c-excel-pipeline/dags/orders_etl.py for tasks to queue
[2026-06-09T13:02:25.686+0000] {logging_mixin.py:190} INFO - [2026-06-09T13:02:25.686+0000] {dagbag.py:588} INFO - Filling up the DagBag from /opt/airflow/dags/01-1c-excel-pipeline/dags/orders_etl.py
[2026-06-09T13:02:25.946+0000] {processor.py:925} INFO - DAG(s) '1c_orders_etl' retrieved from /opt/airflow/dags/01-1c-excel-pipeline/dags/orders_etl.py
[2026-06-09T13:02:25.957+0000] {logging_mixin.py:190} INFO - [2026-06-09T13:02:25.957+0000] {dag.py:3239} INFO - Sync 1 DAGs
[2026-06-09T13:02:25.966+0000] {logging_mixin.py:190} INFO - [2026-06-09T13:02:25.966+0000] {dag.py:4180} INFO - Setting next_dagrun for 1c_orders_etl to 2026-06-09 08:00:00+00:00, run_after=2026-06-10 08:00:00+00:00
[2026-06-09T13:02:25.973+0000] {processor.py:208} INFO - Processing /opt/airflow/dags/01-1c-excel-pipeline/dags/orders_etl.py took 0.294 seconds
[2026-06-09T13:02:56.428+0000] {processor.py:186} INFO - Started process (PID=141) to work on /opt/airflow/dags/01-1c-excel-pipeline/dags/orders_etl.py
[2026-06-09T13:02:56.430+0000] {processor.py:914} INFO - Processing file /opt/airflow/dags/01-1c-excel-pipeline/dags/orders_etl.py for tasks to queue
[2026-06-09T13:02:56.432+0000] {logging_mixin.py:190} INFO - [2026-06-09T13:02:56.432+0000] {dagbag.py:588} INFO - Filling up the DagBag from /opt/airflow/dags/01-1c-excel-pipeline/dags/orders_etl.py
[2026-06-09T13:02:56.700+0000] {processor.py:925} INFO - DAG(s) '1c_orders_etl' retrieved from /opt/airflow/dags/01-1c-excel-pipeline/dags/orders_etl.py
[2026-06-09T13:02:56.711+0000] {logging_mixin.py:190} INFO - [2026-06-09T13:02:56.711+0000] {dag.py:3239} INFO - Sync 1 DAGs
[2026-06-09T13:02:56.720+0000] {logging_mixin.py:190} INFO - [2026-06-09T13:02:56.720+0000] {dag.py:4180} INFO - Setting next_dagrun for 1c_orders_etl to 2026-06-09 08:00:00+00:00, run_after=2026-06-10 08:00:00+00:00
[2026-06-09T13:02:56.727+0000] {processor.py:208} INFO - Processing /opt/airflow/dags/01-1c-excel-pipeline/dags/orders_etl.py took 0.307 seconds
[2026-06-09T13:03:26.909+0000] {processor.py:186} INFO - Started process (PID=145) to work on /opt/airflow/dags/01-1c-excel-pipeline/dags/orders_etl.py
[2026-06-09T13:03:26.910+0000] {processor.py:914} INFO - Processing file /opt/airflow/dags/01-1c-excel-pipeline/dags/orders_etl.py for tasks to queue
[2026-06-09T13:03:26.911+0000] {logging_mixin.py:190} INFO - [2026-06-09T13:03:26.911+0000] {dagbag.py:588} INFO - Filling up the DagBag from /opt/airflow/dags/01-1c-excel-pipeline/dags/orders_etl.py
[2026-06-09T13:03:27.218+0000] {processor.py:925} INFO - DAG(s) '1c_orders_etl' retrieved from /opt/airflow/dags/01-1c-excel-pipeline/dags/orders_etl.py
[2026-06-09T13:03:27.228+0000] {logging_mixin.py:190} INFO - [2026-06-09T13:03:27.228+0000] {dag.py:3239} INFO - Sync 1 DAGs
[2026-06-09T13:03:27.238+0000] {logging_mixin.py:190} INFO - [2026-06-09T13:03:27.238+0000] {dag.py:4180} INFO - Setting next_dagrun for 1c_orders_etl to 2026-06-09 08:00:00+00:00, run_after=2026-06-10 08:00:00+00:00
[2026-06-09T13:03:27.246+0000] {processor.py:208} INFO - Processing /opt/airflow/dags/01-1c-excel-pipeline/dags/orders_etl.py took 0.341 seconds
[2026-06-09T13:03:57.311+0000] {processor.py:186} INFO - Started process (PID=149) to work on /opt/airflow/dags/01-1c-excel-pipeline/dags/orders_etl.py
[2026-06-09T13:03:57.312+0000] {processor.py:914} INFO - Processing file /opt/airflow/dags/01-1c-excel-pipeline/dags/orders_etl.py for tasks to queue
[2026-06-09T13:03:57.313+0000] {logging_mixin.py:190} INFO - [2026-06-09T13:03:57.313+0000] {dagbag.py:588} INFO - Filling up the DagBag from /opt/airflow/dags/01-1c-excel-pipeline/dags/orders_etl.py
[2026-06-09T13:03:57.553+0000] {processor.py:925} INFO - DAG(s) '1c_orders_etl' retrieved from /opt/airflow/dags/01-1c-excel-pipeline/dags/orders_etl.py
[2026-06-09T13:03:57.564+0000] {logging_mixin.py:190} INFO - [2026-06-09T13:03:57.564+0000] {dag.py:3239} INFO - Sync 1 DAGs
[2026-06-09T13:03:57.574+0000] {logging_mixin.py:190} INFO - [2026-06-09T13:03:57.574+0000] {dag.py:4180} INFO - Setting next_dagrun for 1c_orders_etl to 2026-06-09 08:00:00+00:00, run_after=2026-06-10 08:00:00+00:00
[2026-06-09T13:03:57.582+0000] {processor.py:208} INFO - Processing /opt/airflow/dags/01-1c-excel-pipeline/dags/orders_etl.py took 0.277 seconds
[2026-06-09T13:04:27.999+0000] {processor.py:186} INFO - Started process (PID=153) to work on /opt/airflow/dags/01-1c-excel-pipeline/dags/orders_etl.py
[2026-06-09T13:04:28.000+0000] {processor.py:914} INFO - Processing file /opt/airflow/dags/01-1c-excel-pipeline/dags/orders_etl.py for tasks to queue
[2026-06-09T13:04:28.002+0000] {logging_mixin.py:190} INFO - [2026-06-09T13:04:28.002+0000] {dagbag.py:588} INFO - Filling up the DagBag from /opt/airflow/dags/01-1c-excel-pipeline/dags/orders_etl.py
[2026-06-09T13:04:28.288+0000] {processor.py:925} INFO - DAG(s) '1c_orders_etl' retrieved from /opt/airflow/dags/01-1c-excel-pipeline/dags/orders_etl.py
[2026-06-09T13:04:28.300+0000] {logging_mixin.py:190} INFO - [2026-06-09T13:04:28.300+0000] {dag.py:3239} INFO - Sync 1 DAGs
[2026-06-09T13:04:28.310+0000] {logging_mixin.py:190} INFO - [2026-06-09T13:04:28.310+0000] {dag.py:4180} INFO - Setting next_dagrun for 1c_orders_etl to 2026-06-09 08:00:00+00:00, run_after=2026-06-10 08:00:00+00:00
[2026-06-09T13:04:28.319+0000] {processor.py:208} INFO - Processing /opt/airflow/dags/01-1c-excel-pipeline/dags/orders_etl.py took 0.327 seconds
[2026-06-09T13:04:58.714+0000] {processor.py:186} INFO - Started process (PID=157) to work on /opt/airflow/dags/01-1c-excel-pipeline/dags/orders_etl.py
[2026-06-09T13:04:58.715+0000] {processor.py:914} INFO - Processing file /opt/airflow/dags/01-1c-excel-pipeline/dags/orders_etl.py for tasks to queue
[2026-06-09T13:04:58.717+0000] {logging_mixin.py:190} INFO - [2026-06-09T13:04:58.717+0000] {dagbag.py:588} INFO - Filling up the DagBag from /opt/airflow/dags/01-1c-excel-pipeline/dags/orders_etl.py
[2026-06-09T13:04:58.969+0000] {processor.py:925} INFO - DAG(s) '1c_orders_etl' retrieved from /opt/airflow/dags/01-1c-excel-pipeline/dags/orders_etl.py
[2026-06-09T13:04:58.980+0000] {logging_mixin.py:190} INFO - [2026-06-09T13:04:58.980+0000] {dag.py:3239} INFO - Sync 1 DAGs
[2026-06-09T13:04:58.990+0000] {logging_mixin.py:190} INFO - [2026-06-09T13:04:58.990+0000] {dag.py:4180} INFO - Setting next_dagrun for 1c_orders_etl to 2026-06-09 08:00:00+00:00, run_after=2026-06-10 08:00:00+00:00
[2026-06-09T13:04:58.998+0000] {processor.py:208} INFO - Processing /opt/airflow/dags/01-1c-excel-pipeline/dags/orders_etl.py took 0.291 seconds
[2026-06-09T13:05:29.188+0000] {processor.py:186} INFO - Started process (PID=161) to work on /opt/airflow/dags/01-1c-excel-pipeline/dags/orders_etl.py
[2026-06-09T13:05:29.189+0000] {processor.py:914} INFO - Processing file /opt/airflow/dags/01-1c-excel-pipeline/dags/orders_etl.py for tasks to queue
[2026-06-09T13:05:29.191+0000] {logging_mixin.py:190} INFO - [2026-06-09T13:05:29.191+0000] {dagbag.py:588} INFO - Filling up the DagBag from /opt/airflow/dags/01-1c-excel-pipeline/dags/orders_etl.py
[2026-06-09T13:05:29.502+0000] {processor.py:925} INFO - DAG(s) '1c_orders_etl' retrieved from /opt/airflow/dags/01-1c-excel-pipeline/dags/orders_etl.py
[2026-06-09T13:05:29.513+0000] {logging_mixin.py:190} INFO - [2026-06-09T13:05:29.513+0000] {dag.py:3239} INFO - Sync 1 DAGs
[2026-06-09T13:05:29.524+0000] {logging_mixin.py:190} INFO - [2026-06-09T13:05:29.524+0000] {dag.py:4180} INFO - Setting next_dagrun for 1c_orders_etl to 2026-06-09 08:00:00+00:00, run_after=2026-06-10 08:00:00+00:00
[2026-06-09T13:05:29.531+0000] {processor.py:208} INFO - Processing /opt/airflow/dags/01-1c-excel-pipeline/dags/orders_etl.py took 0.349 seconds
[2026-06-09T13:05:59.749+0000] {processor.py:186} INFO - Started process (PID=165) to work on /opt/airflow/dags/01-1c-excel-pipeline/dags/orders_etl.py
[2026-06-09T13:05:59.750+0000] {processor.py:914} INFO - Processing file /opt/airflow/dags/01-1c-excel-pipeline/dags/orders_etl.py for tasks to queue
[2026-06-09T13:05:59.752+0000] {logging_mixin.py:190} INFO - [2026-06-09T13:05:59.751+0000] {dagbag.py:588} INFO - Filling up the DagBag from /opt/airflow/dags/01-1c-excel-pipeline/dags/orders_etl.py
[2026-06-09T13:05:59.997+0000] {processor.py:925} INFO - DAG(s) '1c_orders_etl' retrieved from /opt/airflow/dags/01-1c-excel-pipeline/dags/orders_etl.py
[2026-06-09T13:06:00.009+0000] {logging_mixin.py:190} INFO - [2026-06-09T13:06:00.009+0000] {dag.py:3239} INFO - Sync 1 DAGs
[2026-06-09T13:06:00.019+0000] {logging_mixin.py:190} INFO - [2026-06-09T13:06:00.019+0000] {dag.py:4180} INFO - Setting next_dagrun for 1c_orders_etl to 2026-06-09 08:00:00+00:00, run_after=2026-06-10 08:00:00+00:00
[2026-06-09T13:06:00.029+0000] {processor.py:208} INFO - Processing /opt/airflow/dags/01-1c-excel-pipeline/dags/orders_etl.py took 0.287 seconds
[2026-06-09T13:06:30.391+0000] {processor.py:186} INFO - Started process (PID=169) to work on /opt/airflow/dags/01-1c-excel-pipeline/dags/orders_etl.py
[2026-06-09T13:06:30.392+0000] {processor.py:914} INFO - Processing file /opt/airflow/dags/01-1c-excel-pipeline/dags/orders_etl.py for tasks to queue
[2026-06-09T13:06:30.394+0000] {logging_mixin.py:190} INFO - [2026-06-09T13:06:30.393+0000] {dagbag.py:588} INFO - Filling up the DagBag from /opt/airflow/dags/01-1c-excel-pipeline/dags/orders_etl.py
[2026-06-09T13:06:30.666+0000] {processor.py:925} INFO - DAG(s) '1c_orders_etl' retrieved from /opt/airflow/dags/01-1c-excel-pipeline/dags/orders_etl.py
[2026-06-09T13:06:30.676+0000] {logging_mixin.py:190} INFO - [2026-06-09T13:06:30.676+0000] {dag.py:3239} INFO - Sync 1 DAGs
[2026-06-09T13:06:30.686+0000] {logging_mixin.py:190} INFO - [2026-06-09T13:06:30.686+0000] {dag.py:4180} INFO - Setting next_dagrun for 1c_orders_etl to 2026-06-09 08:00:00+00:00, run_after=2026-06-10 08:00:00+00:00
[2026-06-09T13:06:30.694+0000] {processor.py:208} INFO - Processing /opt/airflow/dags/01-1c-excel-pipeline/dags/orders_etl.py took 0.307 seconds
[2026-06-09T13:07:01.040+0000] {processor.py:186} INFO - Started process (PID=173) to work on /opt/airflow/dags/01-1c-excel-pipeline/dags/orders_etl.py
[2026-06-09T13:07:01.041+0000] {processor.py:914} INFO - Processing file /opt/airflow/dags/01-1c-excel-pipeline/dags/orders_etl.py for tasks to queue
[2026-06-09T13:07:01.043+0000] {logging_mixin.py:190} INFO - [2026-06-09T13:07:01.043+0000] {dagbag.py:588} INFO - Filling up the DagBag from /opt/airflow/dags/01-1c-excel-pipeline/dags/orders_etl.py
[2026-06-09T13:07:01.285+0000] {processor.py:925} INFO - DAG(s) '1c_orders_etl' retrieved from /opt/airflow/dags/01-1c-excel-pipeline/dags/orders_etl.py
[2026-06-09T13:07:01.296+0000] {logging_mixin.py:190} INFO - [2026-06-09T13:07:01.295+0000] {dag.py:3239} INFO - Sync 1 DAGs
[2026-06-09T13:07:01.305+0000] {logging_mixin.py:190} INFO - [2026-06-09T13:07:01.305+0000] {dag.py:4180} INFO - Setting next_dagrun for 1c_orders_etl to 2026-06-09 08:00:00+00:00, run_after=2026-06-10 08:00:00+00:00
[2026-06-09T13:07:01.313+0000] {processor.py:208} INFO - Processing /opt/airflow/dags/01-1c-excel-pipeline/dags/orders_etl.py took 0.279 seconds
[2026-06-09T13:07:31.562+0000] {processor.py:186} INFO - Started process (PID=177) to work on /opt/airflow/dags/01-1c-excel-pipeline/dags/orders_etl.py
[2026-06-09T13:07:31.562+0000] {processor.py:914} INFO - Processing file /opt/airflow/dags/01-1c-excel-pipeline/dags/orders_etl.py for tasks to queue
[2026-06-09T13:07:31.564+0000] {logging_mixin.py:190} INFO - [2026-06-09T13:07:31.564+0000] {dagbag.py:588} INFO - Filling up the DagBag from /opt/airflow/dags/01-1c-excel-pipeline/dags/orders_etl.py
[2026-06-09T13:07:31.850+0000] {processor.py:925} INFO - DAG(s) '1c_orders_etl' retrieved from /opt/airflow/dags/01-1c-excel-pipeline/dags/orders_etl.py
[2026-06-09T13:07:31.861+0000] {logging_mixin.py:190} INFO - [2026-06-09T13:07:31.861+0000] {dag.py:3239} INFO - Sync 1 DAGs
[2026-06-09T13:07:31.871+0000] {logging_mixin.py:190} INFO - [2026-06-09T13:07:31.871+0000] {dag.py:4180} INFO - Setting next_dagrun for 1c_orders_etl to 2026-06-09 08:00:00+00:00, run_after=2026-06-10 08:00:00+00:00
[2026-06-09T13:07:31.878+0000] {processor.py:208} INFO - Processing /opt/airflow/dags/01-1c-excel-pipeline/dags/orders_etl.py took 0.322 seconds
[2026-06-09T13:08:02.093+0000] {processor.py:186} INFO - Started process (PID=181) to work on /opt/airflow/dags/01-1c-excel-pipeline/dags/orders_etl.py
[2026-06-09T13:08:02.094+0000] {processor.py:914} INFO - Processing file /opt/airflow/dags/01-1c-excel-pipeline/dags/orders_etl.py for tasks to queue
[2026-06-09T13:08:02.095+0000] {logging_mixin.py:190} INFO - [2026-06-09T13:08:02.095+0000] {dagbag.py:588} INFO - Filling up the DagBag from /opt/airflow/dags/01-1c-excel-pipeline/dags/orders_etl.py
[2026-06-09T13:08:02.372+0000] {processor.py:925} INFO - DAG(s) '1c_orders_etl' retrieved from /opt/airflow/dags/01-1c-excel-pipeline/dags/orders_etl.py
[2026-06-09T13:08:02.383+0000] {logging_mixin.py:190} INFO - [2026-06-09T13:08:02.382+0000] {dag.py:3239} INFO - Sync 1 DAGs
[2026-06-09T13:08:02.398+0000] {logging_mixin.py:190} INFO - [2026-06-09T13:08:02.398+0000] {dag.py:4180} INFO - Setting next_dagrun for 1c_orders_etl to 2026-06-09 08:00:00+00:00, run_after=2026-06-10 08:00:00+00:00
[2026-06-09T13:08:02.411+0000] {processor.py:208} INFO - Processing /opt/airflow/dags/01-1c-excel-pipeline/dags/orders_etl.py took 0.323 seconds
[2026-06-09T13:08:32.702+0000] {processor.py:186} INFO - Started process (PID=185) to work on /opt/airflow/dags/01-1c-excel-pipeline/dags/orders_etl.py
[2026-06-09T13:08:32.703+0000] {processor.py:914} INFO - Processing file /opt/airflow/dags/01-1c-excel-pipeline/dags/orders_etl.py for tasks to queue
[2026-06-09T13:08:32.705+0000] {logging_mixin.py:190} INFO - [2026-06-09T13:08:32.705+0000] {dagbag.py:588} INFO - Filling up the DagBag from /opt/airflow/dags/01-1c-excel-pipeline/dags/orders_etl.py
[2026-06-09T13:08:32.943+0000] {processor.py:925} INFO - DAG(s) '1c_orders_etl' retrieved from /opt/airflow/dags/01-1c-excel-pipeline/dags/orders_etl.py
[2026-06-09T13:08:32.953+0000] {logging_mixin.py:190} INFO - [2026-06-09T13:08:32.953+0000] {dag.py:3239} INFO - Sync 1 DAGs
[2026-06-09T13:08:32.962+0000] {logging_mixin.py:190} INFO - [2026-06-09T13:08:32.962+0000] {dag.py:4180} INFO - Setting next_dagrun for 1c_orders_etl to 2026-06-09 08:00:00+00:00, run_after=2026-06-10 08:00:00+00:00
[2026-06-09T13:08:32.969+0000] {processor.py:208} INFO - Processing /opt/airflow/dags/01-1c-excel-pipeline/dags/orders_etl.py took 0.275 seconds
[2026-06-09T13:09:03.285+0000] {processor.py:186} INFO - Started process (PID=189) to work on /opt/airflow/dags/01-1c-excel-pipeline/dags/orders_etl.py
[2026-06-09T13:09:03.286+0000] {processor.py:914} INFO - Processing file /opt/airflow/dags/01-1c-excel-pipeline/dags/orders_etl.py for tasks to queue
[2026-06-09T13:09:03.288+0000] {logging_mixin.py:190} INFO - [2026-06-09T13:09:03.287+0000] {dagbag.py:588} INFO - Filling up the DagBag from /opt/airflow/dags/01-1c-excel-pipeline/dags/orders_etl.py
[2026-06-09T13:09:03.625+0000] {processor.py:925} INFO - DAG(s) '1c_orders_etl' retrieved from /opt/airflow/dags/01-1c-excel-pipeline/dags/orders_etl.py
[2026-06-09T13:09:03.638+0000] {logging_mixin.py:190} INFO - [2026-06-09T13:09:03.637+0000] {dag.py:3239} INFO - Sync 1 DAGs
[2026-06-09T13:09:03.648+0000] {logging_mixin.py:190} INFO - [2026-06-09T13:09:03.648+0000] {dag.py:4180} INFO - Setting next_dagrun for 1c_orders_etl to 2026-06-09 08:00:00+00:00, run_after=2026-06-10 08:00:00+00:00
[2026-06-09T13:09:03.655+0000] {processor.py:208} INFO - Processing /opt/airflow/dags/01-1c-excel-pipeline/dags/orders_etl.py took 0.378 seconds
[2026-06-09T13:09:33.876+0000] {processor.py:186} INFO - Started process (PID=193) to work on /opt/airflow/dags/01-1c-excel-pipeline/dags/orders_etl.py
[2026-06-09T13:09:33.877+0000] {processor.py:914} INFO - Processing file /opt/airflow/dags/01-1c-excel-pipeline/dags/orders_etl.py for tasks to queue
[2026-06-09T13:09:33.879+0000] {logging_mixin.py:190} INFO - [2026-06-09T13:09:33.878+0000] {dagbag.py:588} INFO - Filling up the DagBag from /opt/airflow/dags/01-1c-excel-pipeline/dags/orders_etl.py
[2026-06-09T13:09:34.125+0000] {processor.py:925} INFO - DAG(s) '1c_orders_etl' retrieved from /opt/airflow/dags/01-1c-excel-pipeline/dags/orders_etl.py
[2026-06-09T13:09:34.135+0000] {logging_mixin.py:190} INFO - [2026-06-09T13:09:34.135+0000] {dag.py:3239} INFO - Sync 1 DAGs
[2026-06-09T13:09:34.145+0000] {logging_mixin.py:190} INFO - [2026-06-09T13:09:34.145+0000] {dag.py:4180} INFO - Setting next_dagrun for 1c_orders_etl to 2026-06-09 08:00:00+00:00, run_after=2026-06-10 08:00:00+00:00
[2026-06-09T13:09:34.152+0000] {processor.py:208} INFO - Processing /opt/airflow/dags/01-1c-excel-pipeline/dags/orders_etl.py took 0.284 seconds
[2026-06-09T13:10:04.457+0000] {processor.py:186} INFO - Started process (PID=197) to work on /opt/airflow/dags/01-1c-excel-pipeline/dags/orders_etl.py
[2026-06-09T13:10:04.459+0000] {processor.py:914} INFO - Processing file /opt/airflow/dags/01-1c-excel-pipeline/dags/orders_etl.py for tasks to queue
[2026-06-09T13:10:04.461+0000] {logging_mixin.py:190} INFO - [2026-06-09T13:10:04.461+0000] {dagbag.py:588} INFO - Filling up the DagBag from /opt/airflow/dags/01-1c-excel-pipeline/dags/orders_etl.py
[2026-06-09T13:10:04.710+0000] {processor.py:925} INFO - DAG(s) '1c_orders_etl' retrieved from /opt/airflow/dags/01-1c-excel-pipeline/dags/orders_etl.py
[2026-06-09T13:10:04.721+0000] {logging_mixin.py:190} INFO - [2026-06-09T13:10:04.720+0000] {dag.py:3239} INFO - Sync 1 DAGs
[2026-06-09T13:10:04.731+0000] {logging_mixin.py:190} INFO - [2026-06-09T13:10:04.731+0000] {dag.py:4180} INFO - Setting next_dagrun for 1c_orders_etl to 2026-06-09 08:00:00+00:00, run_after=2026-06-10 08:00:00+00:00
[2026-06-09T13:10:04.739+0000] {processor.py:208} INFO - Processing /opt/airflow/dags/01-1c-excel-pipeline/dags/orders_etl.py took 0.289 seconds
[2026-06-09T13:10:35.019+0000] {processor.py:186} INFO - Started process (PID=201) to work on /opt/airflow/dags/01-1c-excel-pipeline/dags/orders_etl.py
[2026-06-09T13:10:35.019+0000] {processor.py:914} INFO - Processing file /opt/airflow/dags/01-1c-excel-pipeline/dags/orders_etl.py for tasks to queue
[2026-06-09T13:10:35.021+0000] {logging_mixin.py:190} INFO - [2026-06-09T13:10:35.021+0000] {dagbag.py:588} INFO - Filling up the DagBag from /opt/airflow/dags/01-1c-excel-pipeline/dags/orders_etl.py
[2026-06-09T13:10:35.293+0000] {processor.py:925} INFO - DAG(s) '1c_orders_etl' retrieved from /opt/airflow/dags/01-1c-excel-pipeline/dags/orders_etl.py
[2026-06-09T13:10:35.304+0000] {logging_mixin.py:190} INFO - [2026-06-09T13:10:35.303+0000] {dag.py:3239} INFO - Sync 1 DAGs
[2026-06-09T13:10:35.313+0000] {logging_mixin.py:190} INFO - [2026-06-09T13:10:35.313+0000] {dag.py:4180} INFO - Setting next_dagrun for 1c_orders_etl to 2026-06-09 08:00:00+00:00, run_after=2026-06-10 08:00:00+00:00
[2026-06-09T13:10:35.320+0000] {processor.py:208} INFO - Processing /opt/airflow/dags/01-1c-excel-pipeline/dags/orders_etl.py took 0.308 seconds
[2026-06-09T13:11:05.668+0000] {processor.py:186} INFO - Started process (PID=205) to work on /opt/airflow/dags/01-1c-excel-pipeline/dags/orders_etl.py
[2026-06-09T13:11:05.669+0000] {processor.py:914} INFO - Processing file /opt/airflow/dags/01-1c-excel-pipeline/dags/orders_etl.py for tasks to queue
[2026-06-09T13:11:05.671+0000] {logging_mixin.py:190} INFO - [2026-06-09T13:11:05.671+0000] {dagbag.py:588} INFO - Filling up the DagBag from /opt/airflow/dags/01-1c-excel-pipeline/dags/orders_etl.py
[2026-06-09T13:11:05.951+0000] {processor.py:925} INFO - DAG(s) '1c_orders_etl' retrieved from /opt/airflow/dags/01-1c-excel-pipeline/dags/orders_etl.py
[2026-06-09T13:11:05.963+0000] {logging_mixin.py:190} INFO - [2026-06-09T13:11:05.963+0000] {dag.py:3239} INFO - Sync 1 DAGs
[2026-06-09T13:11:05.973+0000] {logging_mixin.py:190} INFO - [2026-06-09T13:11:05.973+0000] {dag.py:4180} INFO - Setting next_dagrun for 1c_orders_etl to 2026-06-09 08:00:00+00:00, run_after=2026-06-10 08:00:00+00:00
[2026-06-09T13:11:05.980+0000] {processor.py:208} INFO - Processing /opt/airflow/dags/01-1c-excel-pipeline/dags/orders_etl.py took 0.319 seconds
[2026-06-09T13:11:36.301+0000] {processor.py:186} INFO - Started process (PID=209) to work on /opt/airflow/dags/01-1c-excel-pipeline/dags/orders_etl.py
[2026-06-09T13:11:36.302+0000] {processor.py:914} INFO - Processing file /opt/airflow/dags/01-1c-excel-pipeline/dags/orders_etl.py for tasks to queue
[2026-06-09T13:11:36.304+0000] {logging_mixin.py:190} INFO - [2026-06-09T13:11:36.304+0000] {dagbag.py:588} INFO - Filling up the DagBag from /opt/airflow/dags/01-1c-excel-pipeline/dags/orders_etl.py
[2026-06-09T13:11:36.661+0000] {processor.py:925} INFO - DAG(s) '1c_orders_etl' retrieved from /opt/airflow/dags/01-1c-excel-pipeline/dags/orders_etl.py
[2026-06-09T13:11:36.672+0000] {logging_mixin.py:190} INFO - [2026-06-09T13:11:36.672+0000] {dag.py:3239} INFO - Sync 1 DAGs
[2026-06-09T13:11:36.683+0000] {logging_mixin.py:190} INFO - [2026-06-09T13:11:36.683+0000] {dag.py:4180} INFO - Setting next_dagrun for 1c_orders_etl to 2026-06-09 08:00:00+00:00, run_after=2026-06-10 08:00:00+00:00
[2026-06-09T13:11:36.690+0000] {processor.py:208} INFO - Processing /opt/airflow/dags/01-1c-excel-pipeline/dags/orders_etl.py took 0.400 seconds
[2026-06-09T13:12:06.732+0000] {processor.py:186} INFO - Started process (PID=213) to work on /opt/airflow/dags/01-1c-excel-pipeline/dags/orders_etl.py
[2026-06-09T13:12:06.733+0000] {processor.py:914} INFO - Processing file /opt/airflow/dags/01-1c-excel-pipeline/dags/orders_etl.py for tasks to queue
[2026-06-09T13:12:06.735+0000] {logging_mixin.py:190} INFO - [2026-06-09T13:12:06.735+0000] {dagbag.py:588} INFO - Filling up the DagBag from /opt/airflow/dags/01-1c-excel-pipeline/dags/orders_etl.py
[2026-06-09T13:12:06.989+0000] {processor.py:925} INFO - DAG(s) '1c_orders_etl' retrieved from /opt/airflow/dags/01-1c-excel-pipeline/dags/orders_etl.py
[2026-06-09T13:12:07.000+0000] {logging_mixin.py:190} INFO - [2026-06-09T13:12:06.999+0000] {dag.py:3239} INFO - Sync 1 DAGs
[2026-06-09T13:12:07.010+0000] {logging_mixin.py:190} INFO - [2026-06-09T13:12:07.010+0000] {dag.py:4180} INFO - Setting next_dagrun for 1c_orders_etl to 2026-06-09 08:00:00+00:00, run_after=2026-06-10 08:00:00+00:00
[2026-06-09T13:12:07.017+0000] {processor.py:208} INFO - Processing /opt/airflow/dags/01-1c-excel-pipeline/dags/orders_etl.py took 0.292 seconds
[2026-06-09T13:12:37.417+0000] {processor.py:186} INFO - Started process (PID=217) to work on /opt/airflow/dags/01-1c-excel-pipeline/dags/orders_etl.py
[2026-06-09T13:12:37.418+0000] {processor.py:914} INFO - Processing file /opt/airflow/dags/01-1c-excel-pipeline/dags/orders_etl.py for tasks to queue
[2026-06-09T13:12:37.420+0000] {logging_mixin.py:190} INFO - [2026-06-09T13:12:37.420+0000] {dagbag.py:588} INFO - Filling up the DagBag from /opt/airflow/dags/01-1c-excel-pipeline/dags/orders_etl.py
[2026-06-09T13:12:37.684+0000] {processor.py:925} INFO - DAG(s) '1c_orders_etl' retrieved from /opt/airflow/dags/01-1c-excel-pipeline/dags/orders_etl.py
[2026-06-09T13:12:37.694+0000] {logging_mixin.py:190} INFO - [2026-06-09T13:12:37.693+0000] {dag.py:3239} INFO - Sync 1 DAGs
[2026-06-09T13:12:37.702+0000] {logging_mixin.py:190} INFO - [2026-06-09T13:12:37.702+0000] {dag.py:4180} INFO - Setting next_dagrun for 1c_orders_etl to 2026-06-09 08:00:00+00:00, run_after=2026-06-10 08:00:00+00:00
[2026-06-09T13:12:37.710+0000] {processor.py:208} INFO - Processing /opt/airflow/dags/01-1c-excel-pipeline/dags/orders_etl.py took 0.299 seconds
[2026-06-09T13:13:08.233+0000] {processor.py:186} INFO - Started process (PID=221) to work on /opt/airflow/dags/01-1c-excel-pipeline/dags/orders_etl.py
[2026-06-09T13:13:08.233+0000] {processor.py:914} INFO - Processing file /opt/airflow/dags/01-1c-excel-pipeline/dags/orders_etl.py for tasks to queue
[2026-06-09T13:13:08.235+0000] {logging_mixin.py:190} INFO - [2026-06-09T13:13:08.234+0000] {dagbag.py:588} INFO - Filling up the DagBag from /opt/airflow/dags/01-1c-excel-pipeline/dags/orders_etl.py
[2026-06-09T13:13:08.389+0000] {processor.py:925} INFO - DAG(s) '1c_orders_etl' retrieved from /opt/airflow/dags/01-1c-excel-pipeline/dags/orders_etl.py
[2026-06-09T13:13:08.402+0000] {logging_mixin.py:190} INFO - [2026-06-09T13:13:08.402+0000] {dag.py:3239} INFO - Sync 1 DAGs
[2026-06-09T13:13:08.413+0000] {logging_mixin.py:190} INFO - [2026-06-09T13:13:08.413+0000] {dag.py:4180} INFO - Setting next_dagrun for 1c_orders_etl to 2026-06-09 08:00:00+00:00, run_after=2026-06-10 08:00:00+00:00
[2026-06-09T13:13:08.422+0000] {processor.py:208} INFO - Processing /opt/airflow/dags/01-1c-excel-pipeline/dags/orders_etl.py took 0.192 seconds
[2026-06-09T13:13:38.683+0000] {processor.py:186} INFO - Started process (PID=225) to work on /opt/airflow/dags/01-1c-excel-pipeline/dags/orders_etl.py
[2026-06-09T13:13:38.683+0000] {processor.py:914} INFO - Processing file /opt/airflow/dags/01-1c-excel-pipeline/dags/orders_etl.py for tasks to queue
[2026-06-09T13:13:38.685+0000] {logging_mixin.py:190} INFO - [2026-06-09T13:13:38.685+0000] {dagbag.py:588} INFO - Filling up the DagBag from /opt/airflow/dags/01-1c-excel-pipeline/dags/orders_etl.py
[2026-06-09T13:13:38.878+0000] {processor.py:925} INFO - DAG(s) '1c_orders_etl' retrieved from /opt/airflow/dags/01-1c-excel-pipeline/dags/orders_etl.py
[2026-06-09T13:13:38.894+0000] {logging_mixin.py:190} INFO - [2026-06-09T13:13:38.894+0000] {dag.py:3239} INFO - Sync 1 DAGs
[2026-06-09T13:13:38.907+0000] {logging_mixin.py:190} INFO - [2026-06-09T13:13:38.907+0000] {dag.py:4180} INFO - Setting next_dagrun for 1c_orders_etl to 2026-06-09 08:00:00+00:00, run_after=2026-06-10 08:00:00+00:00
[2026-06-09T13:13:38.915+0000] {processor.py:208} INFO - Processing /opt/airflow/dags/01-1c-excel-pipeline/dags/orders_etl.py took 0.236 seconds
[2026-06-09T13:14:09.245+0000] {processor.py:186} INFO - Started process (PID=229) to work on /opt/airflow/dags/01-1c-excel-pipeline/dags/orders_etl.py
[2026-06-09T13:14:09.246+0000] {processor.py:914} INFO - Processing file /opt/airflow/dags/01-1c-excel-pipeline/dags/orders_etl.py for tasks to queue
[2026-06-09T13:14:09.249+0000] {logging_mixin.py:190} INFO - [2026-06-09T13:14:09.248+0000] {dagbag.py:588} INFO - Filling up the DagBag from /opt/airflow/dags/01-1c-excel-pipeline/dags/orders_etl.py
[2026-06-09T13:14:09.424+0000] {processor.py:925} INFO - DAG(s) '1c_orders_etl' retrieved from /opt/airflow/dags/01-1c-excel-pipeline/dags/orders_etl.py
[2026-06-09T13:14:09.439+0000] {logging_mixin.py:190} INFO - [2026-06-09T13:14:09.439+0000] {dag.py:3239} INFO - Sync 1 DAGs
[2026-06-09T13:14:09.452+0000] {logging_mixin.py:190} INFO - [2026-06-09T13:14:09.452+0000] {dag.py:4180} INFO - Setting next_dagrun for 1c_orders_etl to 2026-06-09 08:00:00+00:00, run_after=2026-06-10 08:00:00+00:00
[2026-06-09T13:14:09.462+0000] {processor.py:208} INFO - Processing /opt/airflow/dags/01-1c-excel-pipeline/dags/orders_etl.py took 0.224 seconds
[2026-06-09T13:14:39.858+0000] {processor.py:186} INFO - Started process (PID=233) to work on /opt/airflow/dags/01-1c-excel-pipeline/dags/orders_etl.py
[2026-06-09T13:14:39.859+0000] {processor.py:914} INFO - Processing file /opt/airflow/dags/01-1c-excel-pipeline/dags/orders_etl.py for tasks to queue
[2026-06-09T13:14:39.861+0000] {logging_mixin.py:190} INFO - [2026-06-09T13:14:39.861+0000] {dagbag.py:588} INFO - Filling up the DagBag from /opt/airflow/dags/01-1c-excel-pipeline/dags/orders_etl.py
[2026-06-09T13:14:40.061+0000] {processor.py:925} INFO - DAG(s) '1c_orders_etl' retrieved from /opt/airflow/dags/01-1c-excel-pipeline/dags/orders_etl.py
[2026-06-09T13:14:40.075+0000] {logging_mixin.py:190} INFO - [2026-06-09T13:14:40.075+0000] {dag.py:3239} INFO - Sync 1 DAGs
[2026-06-09T13:14:40.085+0000] {logging_mixin.py:190} INFO - [2026-06-09T13:14:40.085+0000] {dag.py:4180} INFO - Setting next_dagrun for 1c_orders_etl to 2026-06-09 08:00:00+00:00, run_after=2026-06-10 08:00:00+00:00
[2026-06-09T13:14:40.093+0000] {processor.py:208} INFO - Processing /opt/airflow/dags/01-1c-excel-pipeline/dags/orders_etl.py took 0.243 seconds
[2026-06-09T13:15:10.480+0000] {processor.py:186} INFO - Started process (PID=237) to work on /opt/airflow/dags/01-1c-excel-pipeline/dags/orders_etl.py
[2026-06-09T13:15:10.481+0000] {processor.py:914} INFO - Processing file /opt/airflow/dags/01-1c-excel-pipeline/dags/orders_etl.py for tasks to queue
[2026-06-09T13:15:10.483+0000] {logging_mixin.py:190} INFO - [2026-06-09T13:15:10.483+0000] {dagbag.py:588} INFO - Filling up the DagBag from /opt/airflow/dags/01-1c-excel-pipeline/dags/orders_etl.py
[2026-06-09T13:15:10.761+0000] {processor.py:925} INFO - DAG(s) '1c_orders_etl' retrieved from /opt/airflow/dags/01-1c-excel-pipeline/dags/orders_etl.py
[2026-06-09T13:15:10.776+0000] {logging_mixin.py:190} INFO - [2026-06-09T13:15:10.776+0000] {dag.py:3239} INFO - Sync 1 DAGs
[2026-06-09T13:15:10.789+0000] {logging_mixin.py:190} INFO - [2026-06-09T13:15:10.789+0000] {dag.py:4180} INFO - Setting next_dagrun for 1c_orders_etl to 2026-06-09 08:00:00+00:00, run_after=2026-06-10 08:00:00+00:00
[2026-06-09T13:15:10.798+0000] {processor.py:208} INFO - Processing /opt/airflow/dags/01-1c-excel-pipeline/dags/orders_etl.py took 0.332 seconds
[2026-06-09T13:15:41.089+0000] {processor.py:186} INFO - Started process (PID=241) to work on /opt/airflow/dags/01-1c-excel-pipeline/dags/orders_etl.py
[2026-06-09T13:15:41.090+0000] {processor.py:914} INFO - Processing file /opt/airflow/dags/01-1c-excel-pipeline/dags/orders_etl.py for tasks to queue
[2026-06-09T13:15:41.092+0000] {logging_mixin.py:190} INFO - [2026-06-09T13:15:41.092+0000] {dagbag.py:588} INFO - Filling up the DagBag from /opt/airflow/dags/01-1c-excel-pipeline/dags/orders_etl.py
[2026-06-09T13:15:41.281+0000] {processor.py:925} INFO - DAG(s) '1c_orders_etl' retrieved from /opt/airflow/dags/01-1c-excel-pipeline/dags/orders_etl.py
[2026-06-09T13:15:41.294+0000] {logging_mixin.py:190} INFO - [2026-06-09T13:15:41.294+0000] {dag.py:3239} INFO - Sync 1 DAGs
[2026-06-09T13:15:41.307+0000] {logging_mixin.py:190} INFO - [2026-06-09T13:15:41.307+0000] {dag.py:4180} INFO - Setting next_dagrun for 1c_orders_etl to 2026-06-09 08:00:00+00:00, run_after=2026-06-10 08:00:00+00:00
[2026-06-09T13:15:41.315+0000] {processor.py:208} INFO - Processing /opt/airflow/dags/01-1c-excel-pipeline/dags/orders_etl.py took 0.234 seconds
[2026-06-09T13:16:11.593+0000] {processor.py:186} INFO - Started process (PID=245) to work on /opt/airflow/dags/01-1c-excel-pipeline/dags/orders_etl.py
[2026-06-09T13:16:11.594+0000] {processor.py:914} INFO - Processing file /opt/airflow/dags/01-1c-excel-pipeline/dags/orders_etl.py for tasks to queue
[2026-06-09T13:16:11.596+0000] {logging_mixin.py:190} INFO - [2026-06-09T13:16:11.596+0000] {dagbag.py:588} INFO - Filling up the DagBag from /opt/airflow/dags/01-1c-excel-pipeline/dags/orders_etl.py
[2026-06-09T13:16:11.753+0000] {processor.py:925} INFO - DAG(s) '1c_orders_etl' retrieved from /opt/airflow/dags/01-1c-excel-pipeline/dags/orders_etl.py
[2026-06-09T13:16:11.768+0000] {logging_mixin.py:190} INFO - [2026-06-09T13:16:11.768+0000] {dag.py:3239} INFO - Sync 1 DAGs
[2026-06-09T13:16:11.780+0000] {logging_mixin.py:190} INFO - [2026-06-09T13:16:11.779+0000] {dag.py:4180} INFO - Setting next_dagrun for 1c_orders_etl to 2026-06-09 08:00:00+00:00, run_after=2026-06-10 08:00:00+00:00
[2026-06-09T13:16:11.787+0000] {processor.py:208} INFO - Processing /opt/airflow/dags/01-1c-excel-pipeline/dags/orders_etl.py took 0.203 seconds
[2026-06-09T13:16:42.125+0000] {processor.py:186} INFO - Started process (PID=249) to work on /opt/airflow/dags/01-1c-excel-pipeline/dags/orders_etl.py
[2026-06-09T13:16:42.127+0000] {processor.py:914} INFO - Processing file /opt/airflow/dags/01-1c-excel-pipeline/dags/orders_etl.py for tasks to queue
[2026-06-09T13:16:42.130+0000] {logging_mixin.py:190} INFO - [2026-06-09T13:16:42.129+0000] {dagbag.py:588} INFO - Filling up the DagBag from /opt/airflow/dags/01-1c-excel-pipeline/dags/orders_etl.py
[2026-06-09T13:16:42.295+0000] {processor.py:925} INFO - DAG(s) '1c_orders_etl' retrieved from /opt/airflow/dags/01-1c-excel-pipeline/dags/orders_etl.py
[2026-06-09T13:16:42.308+0000] {logging_mixin.py:190} INFO - [2026-06-09T13:16:42.308+0000] {dag.py:3239} INFO - Sync 1 DAGs
[2026-06-09T13:16:42.319+0000] {logging_mixin.py:190} INFO - [2026-06-09T13:16:42.319+0000] {dag.py:4180} INFO - Setting next_dagrun for 1c_orders_etl to 2026-06-09 08:00:00+00:00, run_after=2026-06-10 08:00:00+00:00
[2026-06-09T13:16:42.327+0000] {processor.py:208} INFO - Processing /opt/airflow/dags/01-1c-excel-pipeline/dags/orders_etl.py took 0.210 seconds
[2026-06-09T13:17:12.621+0000] {processor.py:186} INFO - Started process (PID=253) to work on /opt/airflow/dags/01-1c-excel-pipeline/dags/orders_etl.py
[2026-06-09T13:17:12.622+0000] {processor.py:914} INFO - Processing file /opt/airflow/dags/01-1c-excel-pipeline/dags/orders_etl.py for tasks to queue
[2026-06-09T13:17:12.624+0000] {logging_mixin.py:190} INFO - [2026-06-09T13:17:12.624+0000] {dagbag.py:588} INFO - Filling up the DagBag from /opt/airflow/dags/01-1c-excel-pipeline/dags/orders_etl.py
[2026-06-09T13:17:12.793+0000] {processor.py:925} INFO - DAG(s) '1c_orders_etl' retrieved from /opt/airflow/dags/01-1c-excel-pipeline/dags/orders_etl.py
[2026-06-09T13:17:12.806+0000] {logging_mixin.py:190} INFO - [2026-06-09T13:17:12.806+0000] {dag.py:3239} INFO - Sync 1 DAGs
[2026-06-09T13:17:12.819+0000] {logging_mixin.py:190} INFO - [2026-06-09T13:17:12.819+0000] {dag.py:4180} INFO - Setting next_dagrun for 1c_orders_etl to 2026-06-09 08:00:00+00:00, run_after=2026-06-10 08:00:00+00:00
[2026-06-09T13:17:12.828+0000] {processor.py:208} INFO - Processing /opt/airflow/dags/01-1c-excel-pipeline/dags/orders_etl.py took 0.215 seconds
[2026-06-09T13:17:43.069+0000] {processor.py:186} INFO - Started process (PID=257) to work on /opt/airflow/dags/01-1c-excel-pipeline/dags/orders_etl.py
[2026-06-09T13:17:43.071+0000] {processor.py:914} INFO - Processing file /opt/airflow/dags/01-1c-excel-pipeline/dags/orders_etl.py for tasks to queue
[2026-06-09T13:17:43.073+0000] {logging_mixin.py:190} INFO - [2026-06-09T13:17:43.073+0000] {dagbag.py:588} INFO - Filling up the DagBag from /opt/airflow/dags/01-1c-excel-pipeline/dags/orders_etl.py
[2026-06-09T13:17:43.252+0000] {processor.py:925} INFO - DAG(s) '1c_orders_etl' retrieved from /opt/airflow/dags/01-1c-excel-pipeline/dags/orders_etl.py
[2026-06-09T13:17:43.265+0000] {logging_mixin.py:190} INFO - [2026-06-09T13:17:43.265+0000] {dag.py:3239} INFO - Sync 1 DAGs
[2026-06-09T13:17:43.276+0000] {logging_mixin.py:190} INFO - [2026-06-09T13:17:43.276+0000] {dag.py:4180} INFO - Setting next_dagrun for 1c_orders_etl to 2026-06-09 08:00:00+00:00, run_after=2026-06-10 08:00:00+00:00
[2026-06-09T13:17:43.284+0000] {processor.py:208} INFO - Processing /opt/airflow/dags/01-1c-excel-pipeline/dags/orders_etl.py took 0.222 seconds
[2026-06-09T13:18:13.603+0000] {processor.py:186} INFO - Started process (PID=261) to work on /opt/airflow/dags/01-1c-excel-pipeline/dags/orders_etl.py
[2026-06-09T13:18:13.604+0000] {processor.py:914} INFO - Processing file /opt/airflow/dags/01-1c-excel-pipeline/dags/orders_etl.py for tasks to queue
[2026-06-09T13:18:13.609+0000] {logging_mixin.py:190} INFO - [2026-06-09T13:18:13.609+0000] {dagbag.py:588} INFO - Filling up the DagBag from /opt/airflow/dags/01-1c-excel-pipeline/dags/orders_etl.py
[2026-06-09T13:18:13.792+0000] {processor.py:925} INFO - DAG(s) '1c_orders_etl' retrieved from /opt/airflow/dags/01-1c-excel-pipeline/dags/orders_etl.py
[2026-06-09T13:18:13.806+0000] {logging_mixin.py:190} INFO - [2026-06-09T13:18:13.806+0000] {dag.py:3239} INFO - Sync 1 DAGs
[2026-06-09T13:18:13.817+0000] {logging_mixin.py:190} INFO - [2026-06-09T13:18:13.817+0000] {dag.py:4180} INFO - Setting next_dagrun for 1c_orders_etl to 2026-06-09 08:00:00+00:00, run_after=2026-06-10 08:00:00+00:00
[2026-06-09T13:18:13.825+0000] {processor.py:208} INFO - Processing /opt/airflow/dags/01-1c-excel-pipeline/dags/orders_etl.py took 0.229 seconds
[2026-06-09T13:18:44.198+0000] {processor.py:186} INFO - Started process (PID=265) to work on /opt/airflow/dags/01-1c-excel-pipeline/dags/orders_etl.py
[2026-06-09T13:18:44.199+0000] {processor.py:914} INFO - Processing file /opt/airflow/dags/01-1c-excel-pipeline/dags/orders_etl.py for tasks to queue
[2026-06-09T13:18:44.201+0000] {logging_mixin.py:190} INFO - [2026-06-09T13:18:44.201+0000] {dagbag.py:588} INFO - Filling up the DagBag from /opt/airflow/dags/01-1c-excel-pipeline/dags/orders_etl.py
[2026-06-09T13:18:44.359+0000] {processor.py:925} INFO - DAG(s) '1c_orders_etl' retrieved from /opt/airflow/dags/01-1c-excel-pipeline/dags/orders_etl.py
[2026-06-09T13:18:44.371+0000] {logging_mixin.py:190} INFO - [2026-06-09T13:18:44.371+0000] {dag.py:3239} INFO - Sync 1 DAGs
[2026-06-09T13:18:44.382+0000] {logging_mixin.py:190} INFO - [2026-06-09T13:18:44.382+0000] {dag.py:4180} INFO - Setting next_dagrun for 1c_orders_etl to 2026-06-09 08:00:00+00:00, run_after=2026-06-10 08:00:00+00:00
[2026-06-09T13:18:44.391+0000] {processor.py:208} INFO - Processing /opt/airflow/dags/01-1c-excel-pipeline/dags/orders_etl.py took 0.199 seconds
[2026-06-09T13:19:14.793+0000] {processor.py:186} INFO - Started process (PID=269) to work on /opt/airflow/dags/01-1c-excel-pipeline/dags/orders_etl.py
[2026-06-09T13:19:14.794+0000] {processor.py:914} INFO - Processing file /opt/airflow/dags/01-1c-excel-pipeline/dags/orders_etl.py for tasks to queue
[2026-06-09T13:19:14.796+0000] {logging_mixin.py:190} INFO - [2026-06-09T13:19:14.795+0000] {dagbag.py:588} INFO - Filling up the DagBag from /opt/airflow/dags/01-1c-excel-pipeline/dags/orders_etl.py
[2026-06-09T13:19:15.044+0000] {processor.py:925} INFO - DAG(s) '1c_orders_etl' retrieved from /opt/airflow/dags/01-1c-excel-pipeline/dags/orders_etl.py
[2026-06-09T13:19:15.061+0000] {logging_mixin.py:190} INFO - [2026-06-09T13:19:15.060+0000] {dag.py:3239} INFO - Sync 1 DAGs
[2026-06-09T13:19:15.074+0000] {logging_mixin.py:190} INFO - [2026-06-09T13:19:15.074+0000] {dag.py:4180} INFO - Setting next_dagrun for 1c_orders_etl to 2026-06-09 08:00:00+00:00, run_after=2026-06-10 08:00:00+00:00
[2026-06-09T13:19:15.083+0000] {processor.py:208} INFO - Processing /opt/airflow/dags/01-1c-excel-pipeline/dags/orders_etl.py took 0.298 seconds
[2026-06-09T13:19:45.348+0000] {processor.py:186} INFO - Started process (PID=273) to work on /opt/airflow/dags/01-1c-excel-pipeline/dags/orders_etl.py
[2026-06-09T13:19:45.351+0000] {processor.py:914} INFO - Processing file /opt/airflow/dags/01-1c-excel-pipeline/dags/orders_etl.py for tasks to queue
[2026-06-09T13:19:45.353+0000] {logging_mixin.py:190} INFO - [2026-06-09T13:19:45.353+0000] {dagbag.py:588} INFO - Filling up the DagBag from /opt/airflow/dags/01-1c-excel-pipeline/dags/orders_etl.py
[2026-06-09T13:19:45.511+0000] {processor.py:925} INFO - DAG(s) '1c_orders_etl' retrieved from /opt/airflow/dags/01-1c-excel-pipeline/dags/orders_etl.py
[2026-06-09T13:19:45.523+0000] {logging_mixin.py:190} INFO - [2026-06-09T13:19:45.523+0000] {dag.py:3239} INFO - Sync 1 DAGs
[2026-06-09T13:19:45.534+0000] {logging_mixin.py:190} INFO - [2026-06-09T13:19:45.534+0000] {dag.py:4180} INFO - Setting next_dagrun for 1c_orders_etl to 2026-06-09 08:00:00+00:00, run_after=2026-06-10 08:00:00+00:00
[2026-06-09T13:19:45.541+0000] {processor.py:208} INFO - Processing /opt/airflow/dags/01-1c-excel-pipeline/dags/orders_etl.py took 0.199 seconds
[2026-06-09T13:20:15.841+0000] {processor.py:186} INFO - Started process (PID=277) to work on /opt/airflow/dags/01-1c-excel-pipeline/dags/orders_etl.py
[2026-06-09T13:20:15.842+0000] {processor.py:914} INFO - Processing file /opt/airflow/dags/01-1c-excel-pipeline/dags/orders_etl.py for tasks to queue
[2026-06-09T13:20:15.844+0000] {logging_mixin.py:190} INFO - [2026-06-09T13:20:15.844+0000] {dagbag.py:588} INFO - Filling up the DagBag from /opt/airflow/dags/01-1c-excel-pipeline/dags/orders_etl.py
[2026-06-09T13:20:16.009+0000] {processor.py:925} INFO - DAG(s) '1c_orders_etl' retrieved from /opt/airflow/dags/01-1c-excel-pipeline/dags/orders_etl.py
[2026-06-09T13:20:16.021+0000] {logging_mixin.py:190} INFO - [2026-06-09T13:20:16.021+0000] {dag.py:3239} INFO - Sync 1 DAGs
[2026-06-09T13:20:16.032+0000] {logging_mixin.py:190} INFO - [2026-06-09T13:20:16.031+0000] {dag.py:4180} INFO - Setting next_dagrun for 1c_orders_etl to 2026-06-09 08:00:00+00:00, run_after=2026-06-10 08:00:00+00:00
[2026-06-09T13:20:16.039+0000] {processor.py:208} INFO - Processing /opt/airflow/dags/01-1c-excel-pipeline/dags/orders_etl.py took 0.205 seconds
[2026-06-09T13:20:46.450+0000] {processor.py:186} INFO - Started process (PID=281) to work on /opt/airflow/dags/01-1c-excel-pipeline/dags/orders_etl.py
[2026-06-09T13:20:46.451+0000] {processor.py:914} INFO - Processing file /opt/airflow/dags/01-1c-excel-pipeline/dags/orders_etl.py for tasks to queue
[2026-06-09T13:20:46.453+0000] {logging_mixin.py:190} INFO - [2026-06-09T13:20:46.453+0000] {dagbag.py:588} INFO - Filling up the DagBag from /opt/airflow/dags/01-1c-excel-pipeline/dags/orders_etl.py
[2026-06-09T13:20:46.630+0000] {processor.py:925} INFO - DAG(s) '1c_orders_etl' retrieved from /opt/airflow/dags/01-1c-excel-pipeline/dags/orders_etl.py
[2026-06-09T13:20:46.642+0000] {logging_mixin.py:190} INFO - [2026-06-09T13:20:46.642+0000] {dag.py:3239} INFO - Sync 1 DAGs
[2026-06-09T13:20:46.653+0000] {logging_mixin.py:190} INFO - [2026-06-09T13:20:46.653+0000] {dag.py:4180} INFO - Setting next_dagrun for 1c_orders_etl to 2026-06-09 08:00:00+00:00, run_after=2026-06-10 08:00:00+00:00
[2026-06-09T13:20:46.661+0000] {processor.py:208} INFO - Processing /opt/airflow/dags/01-1c-excel-pipeline/dags/orders_etl.py took 0.218 seconds
[2026-06-09T13:21:17.020+0000] {processor.py:186} INFO - Started process (PID=285) to work on /opt/airflow/dags/01-1c-excel-pipeline/dags/orders_etl.py
[2026-06-09T13:21:17.021+0000] {processor.py:914} INFO - Processing file /opt/airflow/dags/01-1c-excel-pipeline/dags/orders_etl.py for tasks to queue
[2026-06-09T13:21:17.023+0000] {logging_mixin.py:190} INFO - [2026-06-09T13:21:17.023+0000] {dagbag.py:588} INFO - Filling up the DagBag from /opt/airflow/dags/01-1c-excel-pipeline/dags/orders_etl.py
[2026-06-09T13:21:17.260+0000] {processor.py:925} INFO - DAG(s) '1c_orders_etl' retrieved from /opt/airflow/dags/01-1c-excel-pipeline/dags/orders_etl.py
[2026-06-09T13:21:17.277+0000] {logging_mixin.py:190} INFO - [2026-06-09T13:21:17.277+0000] {dag.py:3239} INFO - Sync 1 DAGs
[2026-06-09T13:21:17.289+0000] {logging_mixin.py:190} INFO - [2026-06-09T13:21:17.289+0000] {dag.py:4180} INFO - Setting next_dagrun for 1c_orders_etl to 2026-06-09 08:00:00+00:00, run_after=2026-06-10 08:00:00+00:00
[2026-06-09T13:21:17.298+0000] {processor.py:208} INFO - Processing /opt/airflow/dags/01-1c-excel-pipeline/dags/orders_etl.py took 0.285 seconds
[2026-06-09T13:21:47.533+0000] {processor.py:186} INFO - Started process (PID=289) to work on /opt/airflow/dags/01-1c-excel-pipeline/dags/orders_etl.py
[2026-06-09T13:21:47.534+0000] {processor.py:914} INFO - Processing file /opt/airflow/dags/01-1c-excel-pipeline/dags/orders_etl.py for tasks to queue
[2026-06-09T13:21:47.536+0000] {logging_mixin.py:190} INFO - [2026-06-09T13:21:47.536+0000] {dagbag.py:588} INFO - Filling up the DagBag from /opt/airflow/dags/01-1c-excel-pipeline/dags/orders_etl.py
[2026-06-09T13:21:47.710+0000] {processor.py:925} INFO - DAG(s) '1c_orders_etl' retrieved from /opt/airflow/dags/01-1c-excel-pipeline/dags/orders_etl.py
[2026-06-09T13:21:47.723+0000] {logging_mixin.py:190} INFO - [2026-06-09T13:21:47.722+0000] {dag.py:3239} INFO - Sync 1 DAGs
[2026-06-09T13:21:47.734+0000] {logging_mixin.py:190} INFO - [2026-06-09T13:21:47.734+0000] {dag.py:4180} INFO - Setting next_dagrun for 1c_orders_etl to 2026-06-09 08:00:00+00:00, run_after=2026-06-10 08:00:00+00:00
[2026-06-09T13:21:47.741+0000] {processor.py:208} INFO - Processing /opt/airflow/dags/01-1c-excel-pipeline/dags/orders_etl.py took 0.216 seconds
[2026-06-09T13:22:18.072+0000] {processor.py:186} INFO - Started process (PID=293) to work on /opt/airflow/dags/01-1c-excel-pipeline/dags/orders_etl.py
[2026-06-09T13:22:18.073+0000] {processor.py:914} INFO - Processing file /opt/airflow/dags/01-1c-excel-pipeline/dags/orders_etl.py for tasks to queue
[2026-06-09T13:22:18.075+0000] {logging_mixin.py:190} INFO - [2026-06-09T13:22:18.075+0000] {dagbag.py:588} INFO - Filling up the DagBag from /opt/airflow/dags/01-1c-excel-pipeline/dags/orders_etl.py
[2026-06-09T13:22:18.244+0000] {processor.py:925} INFO - DAG(s) '1c_orders_etl' retrieved from /opt/airflow/dags/01-1c-excel-pipeline/dags/orders_etl.py
[2026-06-09T13:22:18.257+0000] {logging_mixin.py:190} INFO - [2026-06-09T13:22:18.257+0000] {dag.py:3239} INFO - Sync 1 DAGs
[2026-06-09T13:22:18.268+0000] {logging_mixin.py:190} INFO - [2026-06-09T13:22:18.268+0000] {dag.py:4180} INFO - Setting next_dagrun for 1c_orders_etl to 2026-06-09 08:00:00+00:00, run_after=2026-06-10 08:00:00+00:00
[2026-06-09T13:22:18.276+0000] {processor.py:208} INFO - Processing /opt/airflow/dags/01-1c-excel-pipeline/dags/orders_etl.py took 0.212 seconds
[2026-06-09T13:22:48.592+0000] {processor.py:186} INFO - Started process (PID=297) to work on /opt/airflow/dags/01-1c-excel-pipeline/dags/orders_etl.py
[2026-06-09T13:22:48.593+0000] {processor.py:914} INFO - Processing file /opt/airflow/dags/01-1c-excel-pipeline/dags/orders_etl.py for tasks to queue
[2026-06-09T13:22:48.595+0000] {logging_mixin.py:190} INFO - [2026-06-09T13:22:48.595+0000] {dagbag.py:588} INFO - Filling up the DagBag from /opt/airflow/dags/01-1c-excel-pipeline/dags/orders_etl.py
[2026-06-09T13:22:48.795+0000] {processor.py:925} INFO - DAG(s) '1c_orders_etl' retrieved from /opt/airflow/dags/01-1c-excel-pipeline/dags/orders_etl.py
[2026-06-09T13:22:48.808+0000] {logging_mixin.py:190} INFO - [2026-06-09T13:22:48.808+0000] {dag.py:3239} INFO - Sync 1 DAGs
[2026-06-09T13:22:48.820+0000] {logging_mixin.py:190} INFO - [2026-06-09T13:22:48.820+0000] {dag.py:4180} INFO - Setting next_dagrun for 1c_orders_etl to 2026-06-09 08:00:00+00:00, run_after=2026-06-10 08:00:00+00:00
[2026-06-09T13:22:48.829+0000] {processor.py:208} INFO - Processing /opt/airflow/dags/01-1c-excel-pipeline/dags/orders_etl.py took 0.244 seconds
[2026-06-09T13:23:19.104+0000] {processor.py:186} INFO - Started process (PID=301) to work on /opt/airflow/dags/01-1c-excel-pipeline/dags/orders_etl.py
[2026-06-09T13:23:19.106+0000] {processor.py:914} INFO - Processing file /opt/airflow/dags/01-1c-excel-pipeline/dags/orders_etl.py for tasks to queue
[2026-06-09T13:23:19.108+0000] {logging_mixin.py:190} INFO - [2026-06-09T13:23:19.107+0000] {dagbag.py:588} INFO - Filling up the DagBag from /opt/airflow/dags/01-1c-excel-pipeline/dags/orders_etl.py
[2026-06-09T13:23:19.305+0000] {processor.py:925} INFO - DAG(s) '1c_orders_etl' retrieved from /opt/airflow/dags/01-1c-excel-pipeline/dags/orders_etl.py
[2026-06-09T13:23:19.322+0000] {logging_mixin.py:190} INFO - [2026-06-09T13:23:19.322+0000] {dag.py:3239} INFO - Sync 1 DAGs
[2026-06-09T13:23:19.336+0000] {logging_mixin.py:190} INFO - [2026-06-09T13:23:19.335+0000] {dag.py:4180} INFO - Setting next_dagrun for 1c_orders_etl to 2026-06-09 08:00:00+00:00, run_after=2026-06-10 08:00:00+00:00
[2026-06-09T13:23:19.346+0000] {processor.py:208} INFO - Processing /opt/airflow/dags/01-1c-excel-pipeline/dags/orders_etl.py took 0.248 seconds
[2026-06-09T13:23:49.613+0000] {processor.py:186} INFO - Started process (PID=305) to work on /opt/airflow/dags/01-1c-excel-pipeline/dags/orders_etl.py
[2026-06-09T13:23:49.614+0000] {processor.py:914} INFO - Processing file /opt/airflow/dags/01-1c-excel-pipeline/dags/orders_etl.py for tasks to queue
[2026-06-09T13:23:49.616+0000] {logging_mixin.py:190} INFO - [2026-06-09T13:23:49.616+0000] {dagbag.py:588} INFO - Filling up the DagBag from /opt/airflow/dags/01-1c-excel-pipeline/dags/orders_etl.py
[2026-06-09T13:23:49.805+0000] {processor.py:925} INFO - DAG(s) '1c_orders_etl' retrieved from /opt/airflow/dags/01-1c-excel-pipeline/dags/orders_etl.py
[2026-06-09T13:23:49.819+0000] {logging_mixin.py:190} INFO - [2026-06-09T13:23:49.819+0000] {dag.py:3239} INFO - Sync 1 DAGs
[2026-06-09T13:23:49.832+0000] {logging_mixin.py:190} INFO - [2026-06-09T13:23:49.832+0000] {dag.py:4180} INFO - Setting next_dagrun for 1c_orders_etl to 2026-06-09 08:00:00+00:00, run_after=2026-06-10 08:00:00+00:00
[2026-06-09T13:23:49.840+0000] {processor.py:208} INFO - Processing /opt/airflow/dags/01-1c-excel-pipeline/dags/orders_etl.py took 0.234 seconds
[2026-06-09T13:24:20.079+0000] {processor.py:186} INFO - Started process (PID=309) to work on /opt/airflow/dags/01-1c-excel-pipeline/dags/orders_etl.py
[2026-06-09T13:24:20.080+0000] {processor.py:914} INFO - Processing file /opt/airflow/dags/01-1c-excel-pipeline/dags/orders_etl.py for tasks to queue
[2026-06-09T13:24:20.083+0000] {logging_mixin.py:190} INFO - [2026-06-09T13:24:20.083+0000] {dagbag.py:588} INFO - Filling up the DagBag from /opt/airflow/dags/01-1c-excel-pipeline/dags/orders_etl.py
[2026-06-09T13:24:20.266+0000] {processor.py:925} INFO - DAG(s) '1c_orders_etl' retrieved from /opt/airflow/dags/01-1c-excel-pipeline/dags/orders_etl.py
[2026-06-09T13:24:20.282+0000] {logging_mixin.py:190} INFO - [2026-06-09T13:24:20.281+0000] {dag.py:3239} INFO - Sync 1 DAGs
[2026-06-09T13:24:20.293+0000] {logging_mixin.py:190} INFO - [2026-06-09T13:24:20.293+0000] {dag.py:4180} INFO - Setting next_dagrun for 1c_orders_etl to 2026-06-09 08:00:00+00:00, run_after=2026-06-10 08:00:00+00:00
[2026-06-09T13:24:20.301+0000] {processor.py:208} INFO - Processing /opt/airflow/dags/01-1c-excel-pipeline/dags/orders_etl.py took 0.228 seconds
[2026-06-09T13:24:50.582+0000] {processor.py:186} INFO - Started process (PID=313) to work on /opt/airflow/dags/01-1c-excel-pipeline/dags/orders_etl.py
[2026-06-09T13:24:50.583+0000] {processor.py:914} INFO - Processing file /opt/airflow/dags/01-1c-excel-pipeline/dags/orders_etl.py for tasks to queue
[2026-06-09T13:24:50.585+0000] {logging_mixin.py:190} INFO - [2026-06-09T13:24:50.585+0000] {dagbag.py:588} INFO - Filling up the DagBag from /opt/airflow/dags/01-1c-excel-pipeline/dags/orders_etl.py
[2026-06-09T13:24:50.766+0000] {processor.py:925} INFO - DAG(s) '1c_orders_etl' retrieved from /opt/airflow/dags/01-1c-excel-pipeline/dags/orders_etl.py
[2026-06-09T13:24:50.779+0000] {logging_mixin.py:190} INFO - [2026-06-09T13:24:50.779+0000] {dag.py:3239} INFO - Sync 1 DAGs
[2026-06-09T13:24:50.791+0000] {logging_mixin.py:190} INFO - [2026-06-09T13:24:50.791+0000] {dag.py:4180} INFO - Setting next_dagrun for 1c_orders_etl to 2026-06-09 08:00:00+00:00, run_after=2026-06-10 08:00:00+00:00
[2026-06-09T13:24:50.799+0000] {processor.py:208} INFO - Processing /opt/airflow/dags/01-1c-excel-pipeline/dags/orders_etl.py took 0.223 seconds
[2026-06-09T13:25:21.107+0000] {processor.py:186} INFO - Started process (PID=317) to work on /opt/airflow/dags/01-1c-excel-pipeline/dags/orders_etl.py
[2026-06-09T13:25:21.109+0000] {processor.py:914} INFO - Processing file /opt/airflow/dags/01-1c-excel-pipeline/dags/orders_etl.py for tasks to queue
[2026-06-09T13:25:21.111+0000] {logging_mixin.py:190} INFO - [2026-06-09T13:25:21.111+0000] {dagbag.py:588} INFO - Filling up the DagBag from /opt/airflow/dags/01-1c-excel-pipeline/dags/orders_etl.py
[2026-06-09T13:25:21.316+0000] {processor.py:925} INFO - DAG(s) '1c_orders_etl' retrieved from /opt/airflow/dags/01-1c-excel-pipeline/dags/orders_etl.py
[2026-06-09T13:25:21.330+0000] {logging_mixin.py:190} INFO - [2026-06-09T13:25:21.330+0000] {dag.py:3239} INFO - Sync 1 DAGs
[2026-06-09T13:25:21.341+0000] {logging_mixin.py:190} INFO - [2026-06-09T13:25:21.341+0000] {dag.py:4180} INFO - Setting next_dagrun for 1c_orders_etl to 2026-06-09 08:00:00+00:00, run_after=2026-06-10 08:00:00+00:00
[2026-06-09T13:25:21.350+0000] {processor.py:208} INFO - Processing /opt/airflow/dags/01-1c-excel-pipeline/dags/orders_etl.py took 0.248 seconds
[2026-06-09T13:25:51.611+0000] {processor.py:186} INFO - Started process (PID=321) to work on /opt/airflow/dags/01-1c-excel-pipeline/dags/orders_etl.py
[2026-06-09T13:25:51.612+0000] {processor.py:914} INFO - Processing file /opt/airflow/dags/01-1c-excel-pipeline/dags/orders_etl.py for tasks to queue
[2026-06-09T13:25:51.615+0000] {logging_mixin.py:190} INFO - [2026-06-09T13:25:51.614+0000] {dagbag.py:588} INFO - Filling up the DagBag from /opt/airflow/dags/01-1c-excel-pipeline/dags/orders_etl.py
[2026-06-09T13:25:51.803+0000] {processor.py:925} INFO - DAG(s) '1c_orders_etl' retrieved from /opt/airflow/dags/01-1c-excel-pipeline/dags/orders_etl.py
[2026-06-09T13:25:51.818+0000] {logging_mixin.py:190} INFO - [2026-06-09T13:25:51.817+0000] {dag.py:3239} INFO - Sync 1 DAGs
[2026-06-09T13:25:51.830+0000] {logging_mixin.py:190} INFO - [2026-06-09T13:25:51.830+0000] {dag.py:4180} INFO - Setting next_dagrun for 1c_orders_etl to 2026-06-09 08:00:00+00:00, run_after=2026-06-10 08:00:00+00:00
[2026-06-09T13:25:51.838+0000] {processor.py:208} INFO - Processing /opt/airflow/dags/01-1c-excel-pipeline/dags/orders_etl.py took 0.234 seconds
[2026-06-09T13:26:22.126+0000] {processor.py:186} INFO - Started process (PID=325) to work on /opt/airflow/dags/01-1c-excel-pipeline/dags/orders_etl.py
[2026-06-09T13:26:22.127+0000] {processor.py:914} INFO - Processing file /opt/airflow/dags/01-1c-excel-pipeline/dags/orders_etl.py for tasks to queue
[2026-06-09T13:26:22.130+0000] {logging_mixin.py:190} INFO - [2026-06-09T13:26:22.130+0000] {dagbag.py:588} INFO - Filling up the DagBag from /opt/airflow/dags/01-1c-excel-pipeline/dags/orders_etl.py
[2026-06-09T13:26:22.299+0000] {processor.py:925} INFO - DAG(s) '1c_orders_etl' retrieved from /opt/airflow/dags/01-1c-excel-pipeline/dags/orders_etl.py
[2026-06-09T13:26:22.314+0000] {logging_mixin.py:190} INFO - [2026-06-09T13:26:22.314+0000] {dag.py:3239} INFO - Sync 1 DAGs
[2026-06-09T13:26:22.326+0000] {logging_mixin.py:190} INFO - [2026-06-09T13:26:22.326+0000] {dag.py:4180} INFO - Setting next_dagrun for 1c_orders_etl to 2026-06-09 08:00:00+00:00, run_after=2026-06-10 08:00:00+00:00
[2026-06-09T13:26:22.333+0000] {processor.py:208} INFO - Processing /opt/airflow/dags/01-1c-excel-pipeline/dags/orders_etl.py took 0.217 seconds
[2026-06-09T13:26:52.629+0000] {processor.py:186} INFO - Started process (PID=329) to work on /opt/airflow/dags/01-1c-excel-pipeline/dags/orders_etl.py
[2026-06-09T13:26:52.630+0000] {processor.py:914} INFO - Processing file /opt/airflow/dags/01-1c-excel-pipeline/dags/orders_etl.py for tasks to queue
[2026-06-09T13:26:52.632+0000] {logging_mixin.py:190} INFO - [2026-06-09T13:26:52.632+0000] {dagbag.py:588} INFO - Filling up the DagBag from /opt/airflow/dags/01-1c-excel-pipeline/dags/orders_etl.py
[2026-06-09T13:26:52.805+0000] {processor.py:925} INFO - DAG(s) '1c_orders_etl' retrieved from /opt/airflow/dags/01-1c-excel-pipeline/dags/orders_etl.py
[2026-06-09T13:26:52.818+0000] {logging_mixin.py:190} INFO - [2026-06-09T13:26:52.818+0000] {dag.py:3239} INFO - Sync 1 DAGs
[2026-06-09T13:26:52.829+0000] {logging_mixin.py:190} INFO - [2026-06-09T13:26:52.829+0000] {dag.py:4180} INFO - Setting next_dagrun for 1c_orders_etl to 2026-06-09 08:00:00+00:00, run_after=2026-06-10 08:00:00+00:00
[2026-06-09T13:26:52.837+0000] {processor.py:208} INFO - Processing /opt/airflow/dags/01-1c-excel-pipeline/dags/orders_etl.py took 0.214 seconds
[2026-06-09T13:27:23.090+0000] {processor.py:186} INFO - Started process (PID=333) to work on /opt/airflow/dags/01-1c-excel-pipeline/dags/orders_etl.py
[2026-06-09T13:27:23.091+0000] {processor.py:914} INFO - Processing file /opt/airflow/dags/01-1c-excel-pipeline/dags/orders_etl.py for tasks to queue
[2026-06-09T13:27:23.094+0000] {logging_mixin.py:190} INFO - [2026-06-09T13:27:23.094+0000] {dagbag.py:588} INFO - Filling up the DagBag from /opt/airflow/dags/01-1c-excel-pipeline/dags/orders_etl.py
[2026-06-09T13:27:23.285+0000] {processor.py:925} INFO - DAG(s) '1c_orders_etl' retrieved from /opt/airflow/dags/01-1c-excel-pipeline/dags/orders_etl.py
[2026-06-09T13:27:23.298+0000] {logging_mixin.py:190} INFO - [2026-06-09T13:27:23.297+0000] {dag.py:3239} INFO - Sync 1 DAGs
[2026-06-09T13:27:23.308+0000] {logging_mixin.py:190} INFO - [2026-06-09T13:27:23.308+0000] {dag.py:4180} INFO - Setting next_dagrun for 1c_orders_etl to 2026-06-09 08:00:00+00:00, run_after=2026-06-10 08:00:00+00:00
[2026-06-09T13:27:23.316+0000] {processor.py:208} INFO - Processing /opt/airflow/dags/01-1c-excel-pipeline/dags/orders_etl.py took 0.233 seconds
[2026-06-09T13:27:53.606+0000] {processor.py:186} INFO - Started process (PID=337) to work on /opt/airflow/dags/01-1c-excel-pipeline/dags/orders_etl.py
[2026-06-09T13:27:53.608+0000] {processor.py:914} INFO - Processing file /opt/airflow/dags/01-1c-excel-pipeline/dags/orders_etl.py for tasks to queue
[2026-06-09T13:27:53.611+0000] {logging_mixin.py:190} INFO - [2026-06-09T13:27:53.610+0000] {dagbag.py:588} INFO - Filling up the DagBag from /opt/airflow/dags/01-1c-excel-pipeline/dags/orders_etl.py
[2026-06-09T13:27:53.786+0000] {processor.py:925} INFO - DAG(s) '1c_orders_etl' retrieved from /opt/airflow/dags/01-1c-excel-pipeline/dags/orders_etl.py
[2026-06-09T13:27:53.802+0000] {logging_mixin.py:190} INFO - [2026-06-09T13:27:53.801+0000] {dag.py:3239} INFO - Sync 1 DAGs
[2026-06-09T13:27:53.815+0000] {logging_mixin.py:190} INFO - [2026-06-09T13:27:53.815+0000] {dag.py:4180} INFO - Setting next_dagrun for 1c_orders_etl to 2026-06-09 08:00:00+00:00, run_after=2026-06-10 08:00:00+00:00
[2026-06-09T13:27:53.823+0000] {processor.py:208} INFO - Processing /opt/airflow/dags/01-1c-excel-pipeline/dags/orders_etl.py took 0.223 seconds
[2026-06-09T13:28:24.163+0000] {processor.py:186} INFO - Started process (PID=341) to work on /opt/airflow/dags/01-1c-excel-pipeline/dags/orders_etl.py
[2026-06-09T13:28:24.164+0000] {processor.py:914} INFO - Processing file /opt/airflow/dags/01-1c-excel-pipeline/dags/orders_etl.py for tasks to queue
[2026-06-09T13:28:24.166+0000] {logging_mixin.py:190} INFO - [2026-06-09T13:28:24.166+0000] {dagbag.py:588} INFO - Filling up the DagBag from /opt/airflow/dags/01-1c-excel-pipeline/dags/orders_etl.py
[2026-06-09T13:28:24.376+0000] {processor.py:925} INFO - DAG(s) '1c_orders_etl' retrieved from /opt/airflow/dags/01-1c-excel-pipeline/dags/orders_etl.py
[2026-06-09T13:28:24.393+0000] {logging_mixin.py:190} INFO - [2026-06-09T13:28:24.393+0000] {dag.py:3239} INFO - Sync 1 DAGs
[2026-06-09T13:28:24.408+0000] {logging_mixin.py:190} INFO - [2026-06-09T13:28:24.408+0000] {dag.py:4180} INFO - Setting next_dagrun for 1c_orders_etl to 2026-06-09 08:00:00+00:00, run_after=2026-06-10 08:00:00+00:00
[2026-06-09T13:28:24.418+0000] {processor.py:208} INFO - Processing /opt/airflow/dags/01-1c-excel-pipeline/dags/orders_etl.py took 0.262 seconds
[2026-06-09T13:28:54.672+0000] {processor.py:186} INFO - Started process (PID=345) to work on /opt/airflow/dags/01-1c-excel-pipeline/dags/orders_etl.py
[2026-06-09T13:28:54.673+0000] {processor.py:914} INFO - Processing file /opt/airflow/dags/01-1c-excel-pipeline/dags/orders_etl.py for tasks to queue
[2026-06-09T13:28:54.676+0000] {logging_mixin.py:190} INFO - [2026-06-09T13:28:54.675+0000] {dagbag.py:588} INFO - Filling up the DagBag from /opt/airflow/dags/01-1c-excel-pipeline/dags/orders_etl.py
[2026-06-09T13:28:54.840+0000] {processor.py:925} INFO - DAG(s) '1c_orders_etl' retrieved from /opt/airflow/dags/01-1c-excel-pipeline/dags/orders_etl.py
[2026-06-09T13:28:54.854+0000] {logging_mixin.py:190} INFO - [2026-06-09T13:28:54.854+0000] {dag.py:3239} INFO - Sync 1 DAGs
[2026-06-09T13:28:54.866+0000] {logging_mixin.py:190} INFO - [2026-06-09T13:28:54.866+0000] {dag.py:4180} INFO - Setting next_dagrun for 1c_orders_etl to 2026-06-09 08:00:00+00:00, run_after=2026-06-10 08:00:00+00:00
[2026-06-09T13:28:54.874+0000] {processor.py:208} INFO - Processing /opt/airflow/dags/01-1c-excel-pipeline/dags/orders_etl.py took 0.209 seconds
[2026-06-09T13:29:25.208+0000] {processor.py:186} INFO - Started process (PID=349) to work on /opt/airflow/dags/01-1c-excel-pipeline/dags/orders_etl.py
[2026-06-09T13:29:25.210+0000] {processor.py:914} INFO - Processing file /opt/airflow/dags/01-1c-excel-pipeline/dags/orders_etl.py for tasks to queue
[2026-06-09T13:29:25.213+0000] {logging_mixin.py:190} INFO - [2026-06-09T13:29:25.212+0000] {dagbag.py:588} INFO - Filling up the DagBag from /opt/airflow/dags/01-1c-excel-pipeline/dags/orders_etl.py
[2026-06-09T13:29:25.406+0000] {processor.py:925} INFO - DAG(s) '1c_orders_etl' retrieved from /opt/airflow/dags/01-1c-excel-pipeline/dags/orders_etl.py
[2026-06-09T13:29:25.421+0000] {logging_mixin.py:190} INFO - [2026-06-09T13:29:25.421+0000] {dag.py:3239} INFO - Sync 1 DAGs
[2026-06-09T13:29:25.433+0000] {logging_mixin.py:190} INFO - [2026-06-09T13:29:25.433+0000] {dag.py:4180} INFO - Setting next_dagrun for 1c_orders_etl to 2026-06-09 08:00:00+00:00, run_after=2026-06-10 08:00:00+00:00
[2026-06-09T13:29:25.441+0000] {processor.py:208} INFO - Processing /opt/airflow/dags/01-1c-excel-pipeline/dags/orders_etl.py took 0.239 seconds
[2026-06-09T13:29:55.775+0000] {processor.py:186} INFO - Started process (PID=353) to work on /opt/airflow/dags/01-1c-excel-pipeline/dags/orders_etl.py
[2026-06-09T13:29:55.776+0000] {processor.py:914} INFO - Processing file /opt/airflow/dags/01-1c-excel-pipeline/dags/orders_etl.py for tasks to queue
[2026-06-09T13:29:55.779+0000] {logging_mixin.py:190} INFO - [2026-06-09T13:29:55.778+0000] {dagbag.py:588} INFO - Filling up the DagBag from /opt/airflow/dags/01-1c-excel-pipeline/dags/orders_etl.py
[2026-06-09T13:29:55.971+0000] {processor.py:925} INFO - DAG(s) '1c_orders_etl' retrieved from /opt/airflow/dags/01-1c-excel-pipeline/dags/orders_etl.py
[2026-06-09T13:29:55.985+0000] {logging_mixin.py:190} INFO - [2026-06-09T13:29:55.984+0000] {dag.py:3239} INFO - Sync 1 DAGs
[2026-06-09T13:29:55.996+0000] {logging_mixin.py:190} INFO - [2026-06-09T13:29:55.996+0000] {dag.py:4180} INFO - Setting next_dagrun for 1c_orders_etl to 2026-06-09 08:00:00+00:00, run_after=2026-06-10 08:00:00+00:00
[2026-06-09T13:29:56.004+0000] {processor.py:208} INFO - Processing /opt/airflow/dags/01-1c-excel-pipeline/dags/orders_etl.py took 0.236 seconds
[2026-06-09T13:30:26.289+0000] {processor.py:186} INFO - Started process (PID=357) to work on /opt/airflow/dags/01-1c-excel-pipeline/dags/orders_etl.py
[2026-06-09T13:30:26.290+0000] {processor.py:914} INFO - Processing file /opt/airflow/dags/01-1c-excel-pipeline/dags/orders_etl.py for tasks to queue
[2026-06-09T13:30:26.293+0000] {logging_mixin.py:190} INFO - [2026-06-09T13:30:26.293+0000] {dagbag.py:588} INFO - Filling up the DagBag from /opt/airflow/dags/01-1c-excel-pipeline/dags/orders_etl.py
[2026-06-09T13:30:26.484+0000] {processor.py:925} INFO - DAG(s) '1c_orders_etl' retrieved from /opt/airflow/dags/01-1c-excel-pipeline/dags/orders_etl.py
[2026-06-09T13:30:26.500+0000] {logging_mixin.py:190} INFO - [2026-06-09T13:30:26.500+0000] {dag.py:3239} INFO - Sync 1 DAGs
[2026-06-09T13:30:26.513+0000] {logging_mixin.py:190} INFO - [2026-06-09T13:30:26.512+0000] {dag.py:4180} INFO - Setting next_dagrun for 1c_orders_etl to 2026-06-09 08:00:00+00:00, run_after=2026-06-10 08:00:00+00:00
[2026-06-09T13:30:26.523+0000] {processor.py:208} INFO - Processing /opt/airflow/dags/01-1c-excel-pipeline/dags/orders_etl.py took 0.241 seconds
[2026-06-09T13:30:56.754+0000] {processor.py:186} INFO - Started process (PID=361) to work on /opt/airflow/dags/01-1c-excel-pipeline/dags/orders_etl.py
[2026-06-09T13:30:56.754+0000] {processor.py:914} INFO - Processing file /opt/airflow/dags/01-1c-excel-pipeline/dags/orders_etl.py for tasks to queue
[2026-06-09T13:30:56.756+0000] {logging_mixin.py:190} INFO - [2026-06-09T13:30:56.756+0000] {dagbag.py:588} INFO - Filling up the DagBag from /opt/airflow/dags/01-1c-excel-pipeline/dags/orders_etl.py
[2026-06-09T13:30:56.908+0000] {processor.py:925} INFO - DAG(s) '1c_orders_etl' retrieved from /opt/airflow/dags/01-1c-excel-pipeline/dags/orders_etl.py
[2026-06-09T13:30:56.920+0000] {logging_mixin.py:190} INFO - [2026-06-09T13:30:56.920+0000] {dag.py:3239} INFO - Sync 1 DAGs
[2026-06-09T13:30:56.930+0000] {logging_mixin.py:190} INFO - [2026-06-09T13:30:56.930+0000] {dag.py:4180} INFO - Setting next_dagrun for 1c_orders_etl to 2026-06-09 08:00:00+00:00, run_after=2026-06-10 08:00:00+00:00
[2026-06-09T13:30:56.938+0000] {processor.py:208} INFO - Processing /opt/airflow/dags/01-1c-excel-pipeline/dags/orders_etl.py took 0.189 seconds
[2026-06-09T13:31:27.242+0000] {processor.py:186} INFO - Started process (PID=365) to work on /opt/airflow/dags/01-1c-excel-pipeline/dags/orders_etl.py
[2026-06-09T13:31:27.243+0000] {processor.py:914} INFO - Processing file /opt/airflow/dags/01-1c-excel-pipeline/dags/orders_etl.py for tasks to queue
[2026-06-09T13:31:27.245+0000] {logging_mixin.py:190} INFO - [2026-06-09T13:31:27.245+0000] {dagbag.py:588} INFO - Filling up the DagBag from /opt/airflow/dags/01-1c-excel-pipeline/dags/orders_etl.py
[2026-06-09T13:31:27.416+0000] {processor.py:925} INFO - DAG(s) '1c_orders_etl' retrieved from /opt/airflow/dags/01-1c-excel-pipeline/dags/orders_etl.py
[2026-06-09T13:31:27.429+0000] {logging_mixin.py:190} INFO - [2026-06-09T13:31:27.428+0000] {dag.py:3239} INFO - Sync 1 DAGs
[2026-06-09T13:31:27.439+0000] {logging_mixin.py:190} INFO - [2026-06-09T13:31:27.439+0000] {dag.py:4180} INFO - Setting next_dagrun for 1c_orders_etl to 2026-06-09 08:00:00+00:00, run_after=2026-06-10 08:00:00+00:00
[2026-06-09T13:31:27.446+0000] {processor.py:208} INFO - Processing /opt/airflow/dags/01-1c-excel-pipeline/dags/orders_etl.py took 0.211 seconds
[2026-06-09T13:31:57.716+0000] {processor.py:186} INFO - Started process (PID=369) to work on /opt/airflow/dags/01-1c-excel-pipeline/dags/orders_etl.py
[2026-06-09T13:31:57.717+0000] {processor.py:914} INFO - Processing file /opt/airflow/dags/01-1c-excel-pipeline/dags/orders_etl.py for tasks to queue
[2026-06-09T13:31:57.719+0000] {logging_mixin.py:190} INFO - [2026-06-09T13:31:57.719+0000] {dagbag.py:588} INFO - Filling up the DagBag from /opt/airflow/dags/01-1c-excel-pipeline/dags/orders_etl.py
[2026-06-09T13:31:57.902+0000] {processor.py:925} INFO - DAG(s) '1c_orders_etl' retrieved from /opt/airflow/dags/01-1c-excel-pipeline/dags/orders_etl.py
[2026-06-09T13:31:57.915+0000] {logging_mixin.py:190} INFO - [2026-06-09T13:31:57.915+0000] {dag.py:3239} INFO - Sync 1 DAGs
[2026-06-09T13:31:57.927+0000] {logging_mixin.py:190} INFO - [2026-06-09T13:31:57.927+0000] {dag.py:4180} INFO - Setting next_dagrun for 1c_orders_etl to 2026-06-09 08:00:00+00:00, run_after=2026-06-10 08:00:00+00:00
[2026-06-09T13:31:57.935+0000] {processor.py:208} INFO - Processing /opt/airflow/dags/01-1c-excel-pipeline/dags/orders_etl.py took 0.227 seconds
[2026-06-09T13:32:28.259+0000] {processor.py:186} INFO - Started process (PID=373) to work on /opt/airflow/dags/01-1c-excel-pipeline/dags/orders_etl.py
[2026-06-09T13:32:28.260+0000] {processor.py:914} INFO - Processing file /opt/airflow/dags/01-1c-excel-pipeline/dags/orders_etl.py for tasks to queue
[2026-06-09T13:32:28.262+0000] {logging_mixin.py:190} INFO - [2026-06-09T13:32:28.262+0000] {dagbag.py:588} INFO - Filling up the DagBag from /opt/airflow/dags/01-1c-excel-pipeline/dags/orders_etl.py
[2026-06-09T13:32:28.435+0000] {processor.py:925} INFO - DAG(s) '1c_orders_etl' retrieved from /opt/airflow/dags/01-1c-excel-pipeline/dags/orders_etl.py
[2026-06-09T13:32:28.447+0000] {logging_mixin.py:190} INFO - [2026-06-09T13:32:28.447+0000] {dag.py:3239} INFO - Sync 1 DAGs
[2026-06-09T13:32:28.458+0000] {logging_mixin.py:190} INFO - [2026-06-09T13:32:28.458+0000] {dag.py:4180} INFO - Setting next_dagrun for 1c_orders_etl to 2026-06-09 08:00:00+00:00, run_after=2026-06-10 08:00:00+00:00
[2026-06-09T13:32:28.466+0000] {processor.py:208} INFO - Processing /opt/airflow/dags/01-1c-excel-pipeline/dags/orders_etl.py took 0.214 seconds
[2026-06-09T13:32:58.702+0000] {processor.py:186} INFO - Started process (PID=377) to work on /opt/airflow/dags/01-1c-excel-pipeline/dags/orders_etl.py
[2026-06-09T13:32:58.703+0000] {processor.py:914} INFO - Processing file /opt/airflow/dags/01-1c-excel-pipeline/dags/orders_etl.py for tasks to queue
[2026-06-09T13:32:58.705+0000] {logging_mixin.py:190} INFO - [2026-06-09T13:32:58.705+0000] {dagbag.py:588} INFO - Filling up the DagBag from /opt/airflow/dags/01-1c-excel-pipeline/dags/orders_etl.py
[2026-06-09T13:32:58.864+0000] {processor.py:925} INFO - DAG(s) '1c_orders_etl' retrieved from /opt/airflow/dags/01-1c-excel-pipeline/dags/orders_etl.py
[2026-06-09T13:32:58.877+0000] {logging_mixin.py:190} INFO - [2026-06-09T13:32:58.877+0000] {dag.py:3239} INFO - Sync 1 DAGs
[2026-06-09T13:32:58.888+0000] {logging_mixin.py:190} INFO - [2026-06-09T13:32:58.887+0000] {dag.py:4180} INFO - Setting next_dagrun for 1c_orders_etl to 2026-06-09 08:00:00+00:00, run_after=2026-06-10 08:00:00+00:00
[2026-06-09T13:32:58.895+0000] {processor.py:208} INFO - Processing /opt/airflow/dags/01-1c-excel-pipeline/dags/orders_etl.py took 0.199 seconds
[2026-06-09T13:33:29.199+0000] {processor.py:186} INFO - Started process (PID=381) to work on /opt/airflow/dags/01-1c-excel-pipeline/dags/orders_etl.py
[2026-06-09T13:33:29.200+0000] {processor.py:914} INFO - Processing file /opt/airflow/dags/01-1c-excel-pipeline/dags/orders_etl.py for tasks to queue
[2026-06-09T13:33:29.202+0000] {logging_mixin.py:190} INFO - [2026-06-09T13:33:29.202+0000] {dagbag.py:588} INFO - Filling up the DagBag from /opt/airflow/dags/01-1c-excel-pipeline/dags/orders_etl.py
[2026-06-09T13:33:29.369+0000] {processor.py:925} INFO - DAG(s) '1c_orders_etl' retrieved from /opt/airflow/dags/01-1c-excel-pipeline/dags/orders_etl.py
[2026-06-09T13:33:29.382+0000] {logging_mixin.py:190} INFO - [2026-06-09T13:33:29.382+0000] {dag.py:3239} INFO - Sync 1 DAGs
[2026-06-09T13:33:29.393+0000] {logging_mixin.py:190} INFO - [2026-06-09T13:33:29.393+0000] {dag.py:4180} INFO - Setting next_dagrun for 1c_orders_etl to 2026-06-09 08:00:00+00:00, run_after=2026-06-10 08:00:00+00:00
[2026-06-09T13:33:29.401+0000] {processor.py:208} INFO - Processing /opt/airflow/dags/01-1c-excel-pipeline/dags/orders_etl.py took 0.209 seconds
[2026-06-09T13:33:59.714+0000] {processor.py:186} INFO - Started process (PID=385) to work on /opt/airflow/dags/01-1c-excel-pipeline/dags/orders_etl.py
[2026-06-09T13:33:59.715+0000] {processor.py:914} INFO - Processing file /opt/airflow/dags/01-1c-excel-pipeline/dags/orders_etl.py for tasks to queue
[2026-06-09T13:33:59.717+0000] {logging_mixin.py:190} INFO - [2026-06-09T13:33:59.716+0000] {dagbag.py:588} INFO - Filling up the DagBag from /opt/airflow/dags/01-1c-excel-pipeline/dags/orders_etl.py
[2026-06-09T13:33:59.897+0000] {processor.py:925} INFO - DAG(s) '1c_orders_etl' retrieved from /opt/airflow/dags/01-1c-excel-pipeline/dags/orders_etl.py
[2026-06-09T13:33:59.910+0000] {logging_mixin.py:190} INFO - [2026-06-09T13:33:59.910+0000] {dag.py:3239} INFO - Sync 1 DAGs
[2026-06-09T13:33:59.923+0000] {logging_mixin.py:190} INFO - [2026-06-09T13:33:59.923+0000] {dag.py:4180} INFO - Setting next_dagrun for 1c_orders_etl to 2026-06-09 08:00:00+00:00, run_after=2026-06-10 08:00:00+00:00
[2026-06-09T13:33:59.931+0000] {processor.py:208} INFO - Processing /opt/airflow/dags/01-1c-excel-pipeline/dags/orders_etl.py took 0.224 seconds
[2026-06-09T13:34:30.254+0000] {processor.py:186} INFO - Started process (PID=389) to work on /opt/airflow/dags/01-1c-excel-pipeline/dags/orders_etl.py
[2026-06-09T13:34:30.255+0000] {processor.py:914} INFO - Processing file /opt/airflow/dags/01-1c-excel-pipeline/dags/orders_etl.py for tasks to queue
[2026-06-09T13:34:30.258+0000] {logging_mixin.py:190} INFO - [2026-06-09T13:34:30.257+0000] {dagbag.py:588} INFO - Filling up the DagBag from /opt/airflow/dags/01-1c-excel-pipeline/dags/orders_etl.py
[2026-06-09T13:34:30.434+0000] {processor.py:925} INFO - DAG(s) '1c_orders_etl' retrieved from /opt/airflow/dags/01-1c-excel-pipeline/dags/orders_etl.py
[2026-06-09T13:34:30.447+0000] {logging_mixin.py:190} INFO - [2026-06-09T13:34:30.447+0000] {dag.py:3239} INFO - Sync 1 DAGs
[2026-06-09T13:34:30.459+0000] {logging_mixin.py:190} INFO - [2026-06-09T13:34:30.459+0000] {dag.py:4180} INFO - Setting next_dagrun for 1c_orders_etl to 2026-06-09 08:00:00+00:00, run_after=2026-06-10 08:00:00+00:00
[2026-06-09T13:34:30.467+0000] {processor.py:208} INFO - Processing /opt/airflow/dags/01-1c-excel-pipeline/dags/orders_etl.py took 0.220 seconds
[2026-06-09T13:35:00.747+0000] {processor.py:186} INFO - Started process (PID=393) to work on /opt/airflow/dags/01-1c-excel-pipeline/dags/orders_etl.py
[2026-06-09T13:35:00.748+0000] {processor.py:914} INFO - Processing file /opt/airflow/dags/01-1c-excel-pipeline/dags/orders_etl.py for tasks to queue
[2026-06-09T13:35:00.751+0000] {logging_mixin.py:190} INFO - [2026-06-09T13:35:00.750+0000] {dagbag.py:588} INFO - Filling up the DagBag from /opt/airflow/dags/01-1c-excel-pipeline/dags/orders_etl.py
[2026-06-09T13:35:00.924+0000] {processor.py:925} INFO - DAG(s) '1c_orders_etl' retrieved from /opt/airflow/dags/01-1c-excel-pipeline/dags/orders_etl.py
[2026-06-09T13:35:00.937+0000] {logging_mixin.py:190} INFO - [2026-06-09T13:35:00.936+0000] {dag.py:3239} INFO - Sync 1 DAGs
[2026-06-09T13:35:00.947+0000] {logging_mixin.py:190} INFO - [2026-06-09T13:35:00.947+0000] {dag.py:4180} INFO - Setting next_dagrun for 1c_orders_etl to 2026-06-09 08:00:00+00:00, run_after=2026-06-10 08:00:00+00:00
[2026-06-09T13:35:00.954+0000] {processor.py:208} INFO - Processing /opt/airflow/dags/01-1c-excel-pipeline/dags/orders_etl.py took 0.215 seconds
[2026-06-09T13:35:31.199+0000] {processor.py:186} INFO - Started process (PID=397) to work on /opt/airflow/dags/01-1c-excel-pipeline/dags/orders_etl.py
[2026-06-09T13:35:31.200+0000] {processor.py:914} INFO - Processing file /opt/airflow/dags/01-1c-excel-pipeline/dags/orders_etl.py for tasks to queue
[2026-06-09T13:35:31.203+0000] {logging_mixin.py:190} INFO - [2026-06-09T13:35:31.202+0000] {dagbag.py:588} INFO - Filling up the DagBag from /opt/airflow/dags/01-1c-excel-pipeline/dags/orders_etl.py
[2026-06-09T13:35:31.390+0000] {processor.py:925} INFO - DAG(s) '1c_orders_etl' retrieved from /opt/airflow/dags/01-1c-excel-pipeline/dags/orders_etl.py
[2026-06-09T13:35:31.403+0000] {logging_mixin.py:190} INFO - [2026-06-09T13:35:31.403+0000] {dag.py:3239} INFO - Sync 1 DAGs
[2026-06-09T13:35:31.414+0000] {logging_mixin.py:190} INFO - [2026-06-09T13:35:31.414+0000] {dag.py:4180} INFO - Setting next_dagrun for 1c_orders_etl to 2026-06-09 08:00:00+00:00, run_after=2026-06-10 08:00:00+00:00
[2026-06-09T13:35:31.422+0000] {processor.py:208} INFO - Processing /opt/airflow/dags/01-1c-excel-pipeline/dags/orders_etl.py took 0.230 seconds
[2026-06-09T13:36:01.687+0000] {processor.py:186} INFO - Started process (PID=401) to work on /opt/airflow/dags/01-1c-excel-pipeline/dags/orders_etl.py
[2026-06-09T13:36:01.689+0000] {processor.py:914} INFO - Processing file /opt/airflow/dags/01-1c-excel-pipeline/dags/orders_etl.py for tasks to queue
[2026-06-09T13:36:01.691+0000] {logging_mixin.py:190} INFO - [2026-06-09T13:36:01.691+0000] {dagbag.py:588} INFO - Filling up the DagBag from /opt/airflow/dags/01-1c-excel-pipeline/dags/orders_etl.py
[2026-06-09T13:36:01.878+0000] {processor.py:925} INFO - DAG(s) '1c_orders_etl' retrieved from /opt/airflow/dags/01-1c-excel-pipeline/dags/orders_etl.py
[2026-06-09T13:36:01.890+0000] {logging_mixin.py:190} INFO - [2026-06-09T13:36:01.890+0000] {dag.py:3239} INFO - Sync 1 DAGs
[2026-06-09T13:36:01.902+0000] {logging_mixin.py:190} INFO - [2026-06-09T13:36:01.902+0000] {dag.py:4180} INFO - Setting next_dagrun for 1c_orders_etl to 2026-06-09 08:00:00+00:00, run_after=2026-06-10 08:00:00+00:00
[2026-06-09T13:36:01.910+0000] {processor.py:208} INFO - Processing /opt/airflow/dags/01-1c-excel-pipeline/dags/orders_etl.py took 0.229 seconds
[2026-06-09T13:36:32.167+0000] {processor.py:186} INFO - Started process (PID=405) to work on /opt/airflow/dags/01-1c-excel-pipeline/dags/orders_etl.py
[2026-06-09T13:36:32.167+0000] {processor.py:914} INFO - Processing file /opt/airflow/dags/01-1c-excel-pipeline/dags/orders_etl.py for tasks to queue
[2026-06-09T13:36:32.170+0000] {logging_mixin.py:190} INFO - [2026-06-09T13:36:32.169+0000] {dagbag.py:588} INFO - Filling up the DagBag from /opt/airflow/dags/01-1c-excel-pipeline/dags/orders_etl.py
[2026-06-09T13:36:32.354+0000] {processor.py:925} INFO - DAG(s) '1c_orders_etl' retrieved from /opt/airflow/dags/01-1c-excel-pipeline/dags/orders_etl.py
[2026-06-09T13:36:32.368+0000] {logging_mixin.py:190} INFO - [2026-06-09T13:36:32.368+0000] {dag.py:3239} INFO - Sync 1 DAGs
[2026-06-09T13:36:32.381+0000] {logging_mixin.py:190} INFO - [2026-06-09T13:36:32.381+0000] {dag.py:4180} INFO - Setting next_dagrun for 1c_orders_etl to 2026-06-09 08:00:00+00:00, run_after=2026-06-10 08:00:00+00:00
[2026-06-09T13:36:32.389+0000] {processor.py:208} INFO - Processing /opt/airflow/dags/01-1c-excel-pipeline/dags/orders_etl.py took 0.229 seconds
[2026-06-09T13:37:02.721+0000] {processor.py:186} INFO - Started process (PID=409) to work on /opt/airflow/dags/01-1c-excel-pipeline/dags/orders_etl.py
[2026-06-09T13:37:02.722+0000] {processor.py:914} INFO - Processing file /opt/airflow/dags/01-1c-excel-pipeline/dags/orders_etl.py for tasks to queue
[2026-06-09T13:37:02.724+0000] {logging_mixin.py:190} INFO - [2026-06-09T13:37:02.724+0000] {dagbag.py:588} INFO - Filling up the DagBag from /opt/airflow/dags/01-1c-excel-pipeline/dags/orders_etl.py
[2026-06-09T13:37:02.937+0000] {processor.py:925} INFO - DAG(s) '1c_orders_etl' retrieved from /opt/airflow/dags/01-1c-excel-pipeline/dags/orders_etl.py
[2026-06-09T13:37:02.952+0000] {logging_mixin.py:190} INFO - [2026-06-09T13:37:02.951+0000] {dag.py:3239} INFO - Sync 1 DAGs
[2026-06-09T13:37:02.964+0000] {logging_mixin.py:190} INFO - [2026-06-09T13:37:02.963+0000] {dag.py:4180} INFO - Setting next_dagrun for 1c_orders_etl to 2026-06-09 08:00:00+00:00, run_after=2026-06-10 08:00:00+00:00
[2026-06-09T13:37:02.972+0000] {processor.py:208} INFO - Processing /opt/airflow/dags/01-1c-excel-pipeline/dags/orders_etl.py took 0.257 seconds
[2026-06-09T13:37:33.290+0000] {processor.py:186} INFO - Started process (PID=413) to work on /opt/airflow/dags/01-1c-excel-pipeline/dags/orders_etl.py
[2026-06-09T13:37:33.291+0000] {processor.py:914} INFO - Processing file /opt/airflow/dags/01-1c-excel-pipeline/dags/orders_etl.py for tasks to queue
[2026-06-09T13:37:33.292+0000] {logging_mixin.py:190} INFO - [2026-06-09T13:37:33.292+0000] {dagbag.py:588} INFO - Filling up the DagBag from /opt/airflow/dags/01-1c-excel-pipeline/dags/orders_etl.py
[2026-06-09T13:37:33.464+0000] {processor.py:925} INFO - DAG(s) '1c_orders_etl' retrieved from /opt/airflow/dags/01-1c-excel-pipeline/dags/orders_etl.py
[2026-06-09T13:37:33.477+0000] {logging_mixin.py:190} INFO - [2026-06-09T13:37:33.477+0000] {dag.py:3239} INFO - Sync 1 DAGs
[2026-06-09T13:37:33.489+0000] {logging_mixin.py:190} INFO - [2026-06-09T13:37:33.489+0000] {dag.py:4180} INFO - Setting next_dagrun for 1c_orders_etl to 2026-06-09 08:00:00+00:00, run_after=2026-06-10 08:00:00+00:00
[2026-06-09T13:37:33.496+0000] {processor.py:208} INFO - Processing /opt/airflow/dags/01-1c-excel-pipeline/dags/orders_etl.py took 0.212 seconds
[2026-06-09T13:38:03.787+0000] {processor.py:186} INFO - Started process (PID=417) to work on /opt/airflow/dags/01-1c-excel-pipeline/dags/orders_etl.py
[2026-06-09T13:38:03.788+0000] {processor.py:914} INFO - Processing file /opt/airflow/dags/01-1c-excel-pipeline/dags/orders_etl.py for tasks to queue
[2026-06-09T13:38:03.791+0000] {logging_mixin.py:190} INFO - [2026-06-09T13:38:03.790+0000] {dagbag.py:588} INFO - Filling up the DagBag from /opt/airflow/dags/01-1c-excel-pipeline/dags/orders_etl.py
[2026-06-09T13:38:03.981+0000] {processor.py:925} INFO - DAG(s) '1c_orders_etl' retrieved from /opt/airflow/dags/01-1c-excel-pipeline/dags/orders_etl.py
[2026-06-09T13:38:03.994+0000] {logging_mixin.py:190} INFO - [2026-06-09T13:38:03.994+0000] {dag.py:3239} INFO - Sync 1 DAGs
[2026-06-09T13:38:04.008+0000] {logging_mixin.py:190} INFO - [2026-06-09T13:38:04.008+0000] {dag.py:4180} INFO - Setting next_dagrun for 1c_orders_etl to 2026-06-09 08:00:00+00:00, run_after=2026-06-10 08:00:00+00:00
[2026-06-09T13:38:04.017+0000] {processor.py:208} INFO - Processing /opt/airflow/dags/01-1c-excel-pipeline/dags/orders_etl.py took 0.235 seconds
[2026-06-09T13:38:34.346+0000] {processor.py:186} INFO - Started process (PID=421) to work on /opt/airflow/dags/01-1c-excel-pipeline/dags/orders_etl.py
[2026-06-09T13:38:34.346+0000] {processor.py:914} INFO - Processing file /opt/airflow/dags/01-1c-excel-pipeline/dags/orders_etl.py for tasks to queue
[2026-06-09T13:38:34.348+0000] {logging_mixin.py:190} INFO - [2026-06-09T13:38:34.348+0000] {dagbag.py:588} INFO - Filling up the DagBag from /opt/airflow/dags/01-1c-excel-pipeline/dags/orders_etl.py
[2026-06-09T13:38:34.519+0000] {processor.py:925} INFO - DAG(s) '1c_orders_etl' retrieved from /opt/airflow/dags/01-1c-excel-pipeline/dags/orders_etl.py
[2026-06-09T13:38:34.534+0000] {logging_mixin.py:190} INFO - [2026-06-09T13:38:34.534+0000] {dag.py:3239} INFO - Sync 1 DAGs
[2026-06-09T13:38:34.546+0000] {logging_mixin.py:190} INFO - [2026-06-09T13:38:34.545+0000] {dag.py:4180} INFO - Setting next_dagrun for 1c_orders_etl to 2026-06-09 08:00:00+00:00, run_after=2026-06-10 08:00:00+00:00
[2026-06-09T13:38:34.553+0000] {processor.py:208} INFO - Processing /opt/airflow/dags/01-1c-excel-pipeline/dags/orders_etl.py took 0.213 seconds
[2026-06-09T13:39:04.889+0000] {processor.py:186} INFO - Started process (PID=425) to work on /opt/airflow/dags/01-1c-excel-pipeline/dags/orders_etl.py
[2026-06-09T13:39:04.890+0000] {processor.py:914} INFO - Processing file /opt/airflow/dags/01-1c-excel-pipeline/dags/orders_etl.py for tasks to queue
[2026-06-09T13:39:04.892+0000] {logging_mixin.py:190} INFO - [2026-06-09T13:39:04.892+0000] {dagbag.py:588} INFO - Filling up the DagBag from /opt/airflow/dags/01-1c-excel-pipeline/dags/orders_etl.py
[2026-06-09T13:39:05.063+0000] {processor.py:925} INFO - DAG(s) '1c_orders_etl' retrieved from /opt/airflow/dags/01-1c-excel-pipeline/dags/orders_etl.py
[2026-06-09T13:39:05.076+0000] {logging_mixin.py:190} INFO - [2026-06-09T13:39:05.076+0000] {dag.py:3239} INFO - Sync 1 DAGs
[2026-06-09T13:39:05.087+0000] {logging_mixin.py:190} INFO - [2026-06-09T13:39:05.087+0000] {dag.py:4180} INFO - Setting next_dagrun for 1c_orders_etl to 2026-06-09 08:00:00+00:00, run_after=2026-06-10 08:00:00+00:00
[2026-06-09T13:39:05.095+0000] {processor.py:208} INFO - Processing /opt/airflow/dags/01-1c-excel-pipeline/dags/orders_etl.py took 0.211 seconds
[2026-06-09T13:39:35.417+0000] {processor.py:186} INFO - Started process (PID=429) to work on /opt/airflow/dags/01-1c-excel-pipeline/dags/orders_etl.py
[2026-06-09T13:39:35.418+0000] {processor.py:914} INFO - Processing file /opt/airflow/dags/01-1c-excel-pipeline/dags/orders_etl.py for tasks to queue
[2026-06-09T13:39:35.420+0000] {logging_mixin.py:190} INFO - [2026-06-09T13:39:35.420+0000] {dagbag.py:588} INFO - Filling up the DagBag from /opt/airflow/dags/01-1c-excel-pipeline/dags/orders_etl.py
[2026-06-09T13:39:35.624+0000] {processor.py:925} INFO - DAG(s) '1c_orders_etl' retrieved from /opt/airflow/dags/01-1c-excel-pipeline/dags/orders_etl.py
[2026-06-09T13:39:35.638+0000] {logging_mixin.py:190} INFO - [2026-06-09T13:39:35.638+0000] {dag.py:3239} INFO - Sync 1 DAGs
[2026-06-09T13:39:35.651+0000] {logging_mixin.py:190} INFO - [2026-06-09T13:39:35.651+0000] {dag.py:4180} INFO - Setting next_dagrun for 1c_orders_etl to 2026-06-09 08:00:00+00:00, run_after=2026-06-10 08:00:00+00:00
[2026-06-09T13:39:35.660+0000] {processor.py:208} INFO - Processing /opt/airflow/dags/01-1c-excel-pipeline/dags/orders_etl.py took 0.252 seconds
[2026-06-09T13:40:05.950+0000] {processor.py:186} INFO - Started process (PID=433) to work on /opt/airflow/dags/01-1c-excel-pipeline/dags/orders_etl.py
[2026-06-09T13:40:05.950+0000] {processor.py:914} INFO - Processing file /opt/airflow/dags/01-1c-excel-pipeline/dags/orders_etl.py for tasks to queue
[2026-06-09T13:40:05.952+0000] {logging_mixin.py:190} INFO - [2026-06-09T13:40:05.951+0000] {dagbag.py:588} INFO - Filling up the DagBag from /opt/airflow/dags/01-1c-excel-pipeline/dags/orders_etl.py
[2026-06-09T13:40:06.162+0000] {processor.py:925} INFO - DAG(s) '1c_orders_etl' retrieved from /opt/airflow/dags/01-1c-excel-pipeline/dags/orders_etl.py
[2026-06-09T13:40:06.179+0000] {logging_mixin.py:190} INFO - [2026-06-09T13:40:06.178+0000] {dag.py:3239} INFO - Sync 1 DAGs
[2026-06-09T13:40:06.191+0000] {logging_mixin.py:190} INFO - [2026-06-09T13:40:06.191+0000] {dag.py:4180} INFO - Setting next_dagrun for 1c_orders_etl to 2026-06-09 08:00:00+00:00, run_after=2026-06-10 08:00:00+00:00
[2026-06-09T13:40:06.199+0000] {processor.py:208} INFO - Processing /opt/airflow/dags/01-1c-excel-pipeline/dags/orders_etl.py took 0.252 seconds
[2026-06-09T13:40:36.609+0000] {processor.py:186} INFO - Started process (PID=437) to work on /opt/airflow/dags/01-1c-excel-pipeline/dags/orders_etl.py
[2026-06-09T13:40:36.611+0000] {processor.py:914} INFO - Processing file /opt/airflow/dags/01-1c-excel-pipeline/dags/orders_etl.py for tasks to queue
[2026-06-09T13:40:36.613+0000] {logging_mixin.py:190} INFO - [2026-06-09T13:40:36.613+0000] {dagbag.py:588} INFO - Filling up the DagBag from /opt/airflow/dags/01-1c-excel-pipeline/dags/orders_etl.py
[2026-06-09T13:40:36.833+0000] {processor.py:925} INFO - DAG(s) '1c_orders_etl' retrieved from /opt/airflow/dags/01-1c-excel-pipeline/dags/orders_etl.py
[2026-06-09T13:40:36.848+0000] {logging_mixin.py:190} INFO - [2026-06-09T13:40:36.848+0000] {dag.py:3239} INFO - Sync 1 DAGs
[2026-06-09T13:40:36.861+0000] {logging_mixin.py:190} INFO - [2026-06-09T13:40:36.861+0000] {dag.py:4180} INFO - Setting next_dagrun for 1c_orders_etl to 2026-06-09 08:00:00+00:00, run_after=2026-06-10 08:00:00+00:00
[2026-06-09T13:40:36.869+0000] {processor.py:208} INFO - Processing /opt/airflow/dags/01-1c-excel-pipeline/dags/orders_etl.py took 0.267 seconds
[2026-06-09T13:41:07.179+0000] {processor.py:186} INFO - Started process (PID=441) to work on /opt/airflow/dags/01-1c-excel-pipeline/dags/orders_etl.py
[2026-06-09T13:41:07.180+0000] {processor.py:914} INFO - Processing file /opt/airflow/dags/01-1c-excel-pipeline/dags/orders_etl.py for tasks to queue
[2026-06-09T13:41:07.183+0000] {logging_mixin.py:190} INFO - [2026-06-09T13:41:07.182+0000] {dagbag.py:588} INFO - Filling up the DagBag from /opt/airflow/dags/01-1c-excel-pipeline/dags/orders_etl.py
[2026-06-09T13:41:07.360+0000] {processor.py:925} INFO - DAG(s) '1c_orders_etl' retrieved from /opt/airflow/dags/01-1c-excel-pipeline/dags/orders_etl.py
[2026-06-09T13:41:07.373+0000] {logging_mixin.py:190} INFO - [2026-06-09T13:41:07.373+0000] {dag.py:3239} INFO - Sync 1 DAGs
[2026-06-09T13:41:07.385+0000] {logging_mixin.py:190} INFO - [2026-06-09T13:41:07.384+0000] {dag.py:4180} INFO - Setting next_dagrun for 1c_orders_etl to 2026-06-09 08:00:00+00:00, run_after=2026-06-10 08:00:00+00:00
[2026-06-09T13:41:07.393+0000] {processor.py:208} INFO - Processing /opt/airflow/dags/01-1c-excel-pipeline/dags/orders_etl.py took 0.220 seconds
[2026-06-09T13:41:37.782+0000] {processor.py:186} INFO - Started process (PID=445) to work on /opt/airflow/dags/01-1c-excel-pipeline/dags/orders_etl.py
[2026-06-09T13:41:37.783+0000] {processor.py:914} INFO - Processing file /opt/airflow/dags/01-1c-excel-pipeline/dags/orders_etl.py for tasks to queue
[2026-06-09T13:41:37.786+0000] {logging_mixin.py:190} INFO - [2026-06-09T13:41:37.786+0000] {dagbag.py:588} INFO - Filling up the DagBag from /opt/airflow/dags/01-1c-excel-pipeline/dags/orders_etl.py
[2026-06-09T13:41:38.017+0000] {processor.py:925} INFO - DAG(s) '1c_orders_etl' retrieved from /opt/airflow/dags/01-1c-excel-pipeline/dags/orders_etl.py
[2026-06-09T13:41:38.038+0000] {logging_mixin.py:190} INFO - [2026-06-09T13:41:38.038+0000] {dag.py:3239} INFO - Sync 1 DAGs
[2026-06-09T13:41:38.050+0000] {logging_mixin.py:190} INFO - [2026-06-09T13:41:38.050+0000] {dag.py:4180} INFO - Setting next_dagrun for 1c_orders_etl to 2026-06-09 08:00:00+00:00, run_after=2026-06-10 08:00:00+00:00
[2026-06-09T13:41:38.058+0000] {processor.py:208} INFO - Processing /opt/airflow/dags/01-1c-excel-pipeline/dags/orders_etl.py took 0.283 seconds
[2026-06-09T13:42:08.308+0000] {processor.py:186} INFO - Started process (PID=449) to work on /opt/airflow/dags/01-1c-excel-pipeline/dags/orders_etl.py
[2026-06-09T13:42:08.309+0000] {processor.py:914} INFO - Processing file /opt/airflow/dags/01-1c-excel-pipeline/dags/orders_etl.py for tasks to queue
[2026-06-09T13:42:08.312+0000] {logging_mixin.py:190} INFO - [2026-06-09T13:42:08.312+0000] {dagbag.py:588} INFO - Filling up the DagBag from /opt/airflow/dags/01-1c-excel-pipeline/dags/orders_etl.py
[2026-06-09T13:42:08.490+0000] {processor.py:925} INFO - DAG(s) '1c_orders_etl' retrieved from /opt/airflow/dags/01-1c-excel-pipeline/dags/orders_etl.py
[2026-06-09T13:42:08.503+0000] {logging_mixin.py:190} INFO - [2026-06-09T13:42:08.503+0000] {dag.py:3239} INFO - Sync 1 DAGs
[2026-06-09T13:42:08.515+0000] {logging_mixin.py:190} INFO - [2026-06-09T13:42:08.515+0000] {dag.py:4180} INFO - Setting next_dagrun for 1c_orders_etl to 2026-06-09 08:00:00+00:00, run_after=2026-06-10 08:00:00+00:00
[2026-06-09T13:42:08.522+0000] {processor.py:208} INFO - Processing /opt/airflow/dags/01-1c-excel-pipeline/dags/orders_etl.py took 0.221 seconds
[2026-06-09T13:42:38.933+0000] {processor.py:186} INFO - Started process (PID=453) to work on /opt/airflow/dags/01-1c-excel-pipeline/dags/orders_etl.py
[2026-06-09T13:42:38.934+0000] {processor.py:914} INFO - Processing file /opt/airflow/dags/01-1c-excel-pipeline/dags/orders_etl.py for tasks to queue
[2026-06-09T13:42:38.936+0000] {logging_mixin.py:190} INFO - [2026-06-09T13:42:38.936+0000] {dagbag.py:588} INFO - Filling up the DagBag from /opt/airflow/dags/01-1c-excel-pipeline/dags/orders_etl.py
[2026-06-09T13:42:39.166+0000] {processor.py:925} INFO - DAG(s) '1c_orders_etl' retrieved from /opt/airflow/dags/01-1c-excel-pipeline/dags/orders_etl.py
[2026-06-09T13:42:39.181+0000] {logging_mixin.py:190} INFO - [2026-06-09T13:42:39.181+0000] {dag.py:3239} INFO - Sync 1 DAGs
[2026-06-09T13:42:39.194+0000] {logging_mixin.py:190} INFO - [2026-06-09T13:42:39.194+0000] {dag.py:4180} INFO - Setting next_dagrun for 1c_orders_etl to 2026-06-09 08:00:00+00:00, run_after=2026-06-10 08:00:00+00:00
[2026-06-09T13:42:39.202+0000] {processor.py:208} INFO - Processing /opt/airflow/dags/01-1c-excel-pipeline/dags/orders_etl.py took 0.276 seconds
[2026-06-09T13:43:09.461+0000] {processor.py:186} INFO - Started process (PID=457) to work on /opt/airflow/dags/01-1c-excel-pipeline/dags/orders_etl.py
[2026-06-09T13:43:09.462+0000] {processor.py:914} INFO - Processing file /opt/airflow/dags/01-1c-excel-pipeline/dags/orders_etl.py for tasks to queue
[2026-06-09T13:43:09.465+0000] {logging_mixin.py:190} INFO - [2026-06-09T13:43:09.464+0000] {dagbag.py:588} INFO - Filling up the DagBag from /opt/airflow/dags/01-1c-excel-pipeline/dags/orders_etl.py
[2026-06-09T13:43:09.627+0000] {processor.py:925} INFO - DAG(s) '1c_orders_etl' retrieved from /opt/airflow/dags/01-1c-excel-pipeline/dags/orders_etl.py
[2026-06-09T13:43:09.641+0000] {logging_mixin.py:190} INFO - [2026-06-09T13:43:09.641+0000] {dag.py:3239} INFO - Sync 1 DAGs
[2026-06-09T13:43:09.653+0000] {logging_mixin.py:190} INFO - [2026-06-09T13:43:09.653+0000] {dag.py:4180} INFO - Setting next_dagrun for 1c_orders_etl to 2026-06-09 08:00:00+00:00, run_after=2026-06-10 08:00:00+00:00
[2026-06-09T13:43:09.662+0000] {processor.py:208} INFO - Processing /opt/airflow/dags/01-1c-excel-pipeline/dags/orders_etl.py took 0.208 seconds
[2026-06-09T13:43:40.029+0000] {processor.py:186} INFO - Started process (PID=461) to work on /opt/airflow/dags/01-1c-excel-pipeline/dags/orders_etl.py
[2026-06-09T13:43:40.030+0000] {processor.py:914} INFO - Processing file /opt/airflow/dags/01-1c-excel-pipeline/dags/orders_etl.py for tasks to queue
[2026-06-09T13:43:40.033+0000] {logging_mixin.py:190} INFO - [2026-06-09T13:43:40.033+0000] {dagbag.py:588} INFO - Filling up the DagBag from /opt/airflow/dags/01-1c-excel-pipeline/dags/orders_etl.py
[2026-06-09T13:43:40.248+0000] {processor.py:925} INFO - DAG(s) '1c_orders_etl' retrieved from /opt/airflow/dags/01-1c-excel-pipeline/dags/orders_etl.py
[2026-06-09T13:43:40.262+0000] {logging_mixin.py:190} INFO - [2026-06-09T13:43:40.262+0000] {dag.py:3239} INFO - Sync 1 DAGs
[2026-06-09T13:43:40.274+0000] {logging_mixin.py:190} INFO - [2026-06-09T13:43:40.273+0000] {dag.py:4180} INFO - Setting next_dagrun for 1c_orders_etl to 2026-06-09 08:00:00+00:00, run_after=2026-06-10 08:00:00+00:00
[2026-06-09T13:43:40.282+0000] {processor.py:208} INFO - Processing /opt/airflow/dags/01-1c-excel-pipeline/dags/orders_etl.py took 0.259 seconds
[2026-06-09T13:44:10.612+0000] {processor.py:186} INFO - Started process (PID=465) to work on /opt/airflow/dags/01-1c-excel-pipeline/dags/orders_etl.py
[2026-06-09T13:44:10.613+0000] {processor.py:914} INFO - Processing file /opt/airflow/dags/01-1c-excel-pipeline/dags/orders_etl.py for tasks to queue
[2026-06-09T13:44:10.616+0000] {logging_mixin.py:190} INFO - [2026-06-09T13:44:10.615+0000] {dagbag.py:588} INFO - Filling up the DagBag from /opt/airflow/dags/01-1c-excel-pipeline/dags/orders_etl.py
[2026-06-09T13:44:10.799+0000] {processor.py:925} INFO - DAG(s) '1c_orders_etl' retrieved from /opt/airflow/dags/01-1c-excel-pipeline/dags/orders_etl.py
[2026-06-09T13:44:10.812+0000] {logging_mixin.py:190} INFO - [2026-06-09T13:44:10.812+0000] {dag.py:3239} INFO - Sync 1 DAGs
[2026-06-09T13:44:10.824+0000] {logging_mixin.py:190} INFO - [2026-06-09T13:44:10.824+0000] {dag.py:4180} INFO - Setting next_dagrun for 1c_orders_etl to 2026-06-09 08:00:00+00:00, run_after=2026-06-10 08:00:00+00:00
[2026-06-09T13:44:10.833+0000] {processor.py:208} INFO - Processing /opt/airflow/dags/01-1c-excel-pipeline/dags/orders_etl.py took 0.227 seconds
[2026-06-09T13:44:41.188+0000] {processor.py:186} INFO - Started process (PID=469) to work on /opt/airflow/dags/01-1c-excel-pipeline/dags/orders_etl.py
[2026-06-09T13:44:41.189+0000] {processor.py:914} INFO - Processing file /opt/airflow/dags/01-1c-excel-pipeline/dags/orders_etl.py for tasks to queue
[2026-06-09T13:44:41.192+0000] {logging_mixin.py:190} INFO - [2026-06-09T13:44:41.191+0000] {dagbag.py:588} INFO - Filling up the DagBag from /opt/airflow/dags/01-1c-excel-pipeline/dags/orders_etl.py
[2026-06-09T13:44:41.352+0000] {processor.py:925} INFO - DAG(s) '1c_orders_etl' retrieved from /opt/airflow/dags/01-1c-excel-pipeline/dags/orders_etl.py
[2026-06-09T13:44:41.365+0000] {logging_mixin.py:190} INFO - [2026-06-09T13:44:41.365+0000] {dag.py:3239} INFO - Sync 1 DAGs
[2026-06-09T13:44:41.378+0000] {logging_mixin.py:190} INFO - [2026-06-09T13:44:41.378+0000] {dag.py:4180} INFO - Setting next_dagrun for 1c_orders_etl to 2026-06-09 08:00:00+00:00, run_after=2026-06-10 08:00:00+00:00
[2026-06-09T13:44:41.386+0000] {processor.py:208} INFO - Processing /opt/airflow/dags/01-1c-excel-pipeline/dags/orders_etl.py took 0.205 seconds
[2026-06-09T13:45:11.633+0000] {processor.py:186} INFO - Started process (PID=473) to work on /opt/airflow/dags/01-1c-excel-pipeline/dags/orders_etl.py
[2026-06-09T13:45:11.634+0000] {processor.py:914} INFO - Processing file /opt/airflow/dags/01-1c-excel-pipeline/dags/orders_etl.py for tasks to queue
[2026-06-09T13:45:11.637+0000] {logging_mixin.py:190} INFO - [2026-06-09T13:45:11.636+0000] {dagbag.py:588} INFO - Filling up the DagBag from /opt/airflow/dags/01-1c-excel-pipeline/dags/orders_etl.py
[2026-06-09T13:45:11.807+0000] {processor.py:925} INFO - DAG(s) '1c_orders_etl' retrieved from /opt/airflow/dags/01-1c-excel-pipeline/dags/orders_etl.py
[2026-06-09T13:45:11.820+0000] {logging_mixin.py:190} INFO - [2026-06-09T13:45:11.820+0000] {dag.py:3239} INFO - Sync 1 DAGs
[2026-06-09T13:45:11.830+0000] {logging_mixin.py:190} INFO - [2026-06-09T13:45:11.830+0000] {dag.py:4180} INFO - Setting next_dagrun for 1c_orders_etl to 2026-06-09 08:00:00+00:00, run_after=2026-06-10 08:00:00+00:00
[2026-06-09T13:45:11.838+0000] {processor.py:208} INFO - Processing /opt/airflow/dags/01-1c-excel-pipeline/dags/orders_etl.py took 0.210 seconds
[2026-06-09T13:45:42.191+0000] {processor.py:186} INFO - Started process (PID=477) to work on /opt/airflow/dags/01-1c-excel-pipeline/dags/orders_etl.py
[2026-06-09T13:45:42.192+0000] {processor.py:914} INFO - Processing file /opt/airflow/dags/01-1c-excel-pipeline/dags/orders_etl.py for tasks to queue
[2026-06-09T13:45:42.194+0000] {logging_mixin.py:190} INFO - [2026-06-09T13:45:42.193+0000] {dagbag.py:588} INFO - Filling up the DagBag from /opt/airflow/dags/01-1c-excel-pipeline/dags/orders_etl.py
[2026-06-09T13:45:42.419+0000] {processor.py:925} INFO - DAG(s) '1c_orders_etl' retrieved from /opt/airflow/dags/01-1c-excel-pipeline/dags/orders_etl.py
[2026-06-09T13:45:42.433+0000] {logging_mixin.py:190} INFO - [2026-06-09T13:45:42.433+0000] {dag.py:3239} INFO - Sync 1 DAGs
[2026-06-09T13:45:42.445+0000] {logging_mixin.py:190} INFO - [2026-06-09T13:45:42.445+0000] {dag.py:4180} INFO - Setting next_dagrun for 1c_orders_etl to 2026-06-09 08:00:00+00:00, run_after=2026-06-10 08:00:00+00:00
[2026-06-09T13:45:42.453+0000] {processor.py:208} INFO - Processing /opt/airflow/dags/01-1c-excel-pipeline/dags/orders_etl.py took 0.268 seconds
[2026-06-09T13:46:12.738+0000] {processor.py:186} INFO - Started process (PID=481) to work on /opt/airflow/dags/01-1c-excel-pipeline/dags/orders_etl.py
[2026-06-09T13:46:12.739+0000] {processor.py:914} INFO - Processing file /opt/airflow/dags/01-1c-excel-pipeline/dags/orders_etl.py for tasks to queue
[2026-06-09T13:46:12.741+0000] {logging_mixin.py:190} INFO - [2026-06-09T13:46:12.740+0000] {dagbag.py:588} INFO - Filling up the DagBag from /opt/airflow/dags/01-1c-excel-pipeline/dags/orders_etl.py
[2026-06-09T13:46:12.898+0000] {processor.py:925} INFO - DAG(s) '1c_orders_etl' retrieved from /opt/airflow/dags/01-1c-excel-pipeline/dags/orders_etl.py
[2026-06-09T13:46:12.910+0000] {logging_mixin.py:190} INFO - [2026-06-09T13:46:12.910+0000] {dag.py:3239} INFO - Sync 1 DAGs
[2026-06-09T13:46:12.922+0000] {logging_mixin.py:190} INFO - [2026-06-09T13:46:12.922+0000] {dag.py:4180} INFO - Setting next_dagrun for 1c_orders_etl to 2026-06-09 08:00:00+00:00, run_after=2026-06-10 08:00:00+00:00
[2026-06-09T13:46:12.929+0000] {processor.py:208} INFO - Processing /opt/airflow/dags/01-1c-excel-pipeline/dags/orders_etl.py took 0.196 seconds
[2026-06-09T13:46:43.234+0000] {processor.py:186} INFO - Started process (PID=485) to work on /opt/airflow/dags/01-1c-excel-pipeline/dags/orders_etl.py
[2026-06-09T13:46:43.235+0000] {processor.py:914} INFO - Processing file /opt/airflow/dags/01-1c-excel-pipeline/dags/orders_etl.py for tasks to queue
[2026-06-09T13:46:43.236+0000] {logging_mixin.py:190} INFO - [2026-06-09T13:46:43.236+0000] {dagbag.py:588} INFO - Filling up the DagBag from /opt/airflow/dags/01-1c-excel-pipeline/dags/orders_etl.py
[2026-06-09T13:46:43.426+0000] {processor.py:925} INFO - DAG(s) '1c_orders_etl' retrieved from /opt/airflow/dags/01-1c-excel-pipeline/dags/orders_etl.py
[2026-06-09T13:46:43.439+0000] {logging_mixin.py:190} INFO - [2026-06-09T13:46:43.439+0000] {dag.py:3239} INFO - Sync 1 DAGs
[2026-06-09T13:46:43.452+0000] {logging_mixin.py:190} INFO - [2026-06-09T13:46:43.452+0000] {dag.py:4180} INFO - Setting next_dagrun for 1c_orders_etl to 2026-06-09 08:00:00+00:00, run_after=2026-06-10 08:00:00+00:00
[2026-06-09T13:46:43.460+0000] {processor.py:208} INFO - Processing /opt/airflow/dags/01-1c-excel-pipeline/dags/orders_etl.py took 0.232 seconds
[2026-06-09T13:47:13.730+0000] {processor.py:186} INFO - Started process (PID=489) to work on /opt/airflow/dags/01-1c-excel-pipeline/dags/orders_etl.py
[2026-06-09T13:47:13.731+0000] {processor.py:914} INFO - Processing file /opt/airflow/dags/01-1c-excel-pipeline/dags/orders_etl.py for tasks to queue
[2026-06-09T13:47:13.733+0000] {logging_mixin.py:190} INFO - [2026-06-09T13:47:13.733+0000] {dagbag.py:588} INFO - Filling up the DagBag from /opt/airflow/dags/01-1c-excel-pipeline/dags/orders_etl.py
[2026-06-09T13:47:13.906+0000] {processor.py:925} INFO - DAG(s) '1c_orders_etl' retrieved from /opt/airflow/dags/01-1c-excel-pipeline/dags/orders_etl.py
[2026-06-09T13:47:13.920+0000] {logging_mixin.py:190} INFO - [2026-06-09T13:47:13.920+0000] {dag.py:3239} INFO - Sync 1 DAGs
[2026-06-09T13:47:13.932+0000] {logging_mixin.py:190} INFO - [2026-06-09T13:47:13.932+0000] {dag.py:4180} INFO - Setting next_dagrun for 1c_orders_etl to 2026-06-09 08:00:00+00:00, run_after=2026-06-10 08:00:00+00:00
[2026-06-09T13:47:13.940+0000] {processor.py:208} INFO - Processing /opt/airflow/dags/01-1c-excel-pipeline/dags/orders_etl.py took 0.215 seconds
[2026-06-09T13:47:44.256+0000] {processor.py:186} INFO - Started process (PID=493) to work on /opt/airflow/dags/01-1c-excel-pipeline/dags/orders_etl.py
[2026-06-09T13:47:44.256+0000] {processor.py:914} INFO - Processing file /opt/airflow/dags/01-1c-excel-pipeline/dags/orders_etl.py for tasks to queue
[2026-06-09T13:47:44.258+0000] {logging_mixin.py:190} INFO - [2026-06-09T13:47:44.258+0000] {dagbag.py:588} INFO - Filling up the DagBag from /opt/airflow/dags/01-1c-excel-pipeline/dags/orders_etl.py
[2026-06-09T13:47:44.421+0000] {processor.py:925} INFO - DAG(s) '1c_orders_etl' retrieved from /opt/airflow/dags/01-1c-excel-pipeline/dags/orders_etl.py
[2026-06-09T13:47:44.432+0000] {logging_mixin.py:190} INFO - [2026-06-09T13:47:44.432+0000] {dag.py:3239} INFO - Sync 1 DAGs
[2026-06-09T13:47:44.443+0000] {logging_mixin.py:190} INFO - [2026-06-09T13:47:44.443+0000] {dag.py:4180} INFO - Setting next_dagrun for 1c_orders_etl to 2026-06-09 08:00:00+00:00, run_after=2026-06-10 08:00:00+00:00
[2026-06-09T13:47:44.451+0000] {processor.py:208} INFO - Processing /opt/airflow/dags/01-1c-excel-pipeline/dags/orders_etl.py took 0.201 seconds
[2026-06-09T13:48:14.746+0000] {processor.py:186} INFO - Started process (PID=497) to work on /opt/airflow/dags/01-1c-excel-pipeline/dags/orders_etl.py
[2026-06-09T13:48:14.747+0000] {processor.py:914} INFO - Processing file /opt/airflow/dags/01-1c-excel-pipeline/dags/orders_etl.py for tasks to queue
[2026-06-09T13:48:14.750+0000] {logging_mixin.py:190} INFO - [2026-06-09T13:48:14.749+0000] {dagbag.py:588} INFO - Filling up the DagBag from /opt/airflow/dags/01-1c-excel-pipeline/dags/orders_etl.py
[2026-06-09T13:48:14.944+0000] {processor.py:925} INFO - DAG(s) '1c_orders_etl' retrieved from /opt/airflow/dags/01-1c-excel-pipeline/dags/orders_etl.py
[2026-06-09T13:48:14.961+0000] {logging_mixin.py:190} INFO - [2026-06-09T13:48:14.960+0000] {dag.py:3239} INFO - Sync 1 DAGs
[2026-06-09T13:48:14.974+0000] {logging_mixin.py:190} INFO - [2026-06-09T13:48:14.974+0000] {dag.py:4180} INFO - Setting next_dagrun for 1c_orders_etl to 2026-06-09 08:00:00+00:00, run_after=2026-06-10 08:00:00+00:00
[2026-06-09T13:48:14.983+0000] {processor.py:208} INFO - Processing /opt/airflow/dags/01-1c-excel-pipeline/dags/orders_etl.py took 0.243 seconds
[2026-06-09T13:48:45.299+0000] {processor.py:186} INFO - Started process (PID=501) to work on /opt/airflow/dags/01-1c-excel-pipeline/dags/orders_etl.py
[2026-06-09T13:48:45.299+0000] {processor.py:914} INFO - Processing file /opt/airflow/dags/01-1c-excel-pipeline/dags/orders_etl.py for tasks to queue
[2026-06-09T13:48:45.301+0000] {logging_mixin.py:190} INFO - [2026-06-09T13:48:45.300+0000] {dagbag.py:588} INFO - Filling up the DagBag from /opt/airflow/dags/01-1c-excel-pipeline/dags/orders_etl.py
[2026-06-09T13:48:45.493+0000] {processor.py:925} INFO - DAG(s) '1c_orders_etl' retrieved from /opt/airflow/dags/01-1c-excel-pipeline/dags/orders_etl.py
[2026-06-09T13:48:45.508+0000] {logging_mixin.py:190} INFO - [2026-06-09T13:48:45.507+0000] {dag.py:3239} INFO - Sync 1 DAGs
[2026-06-09T13:48:45.520+0000] {logging_mixin.py:190} INFO - [2026-06-09T13:48:45.520+0000] {dag.py:4180} INFO - Setting next_dagrun for 1c_orders_etl to 2026-06-09 08:00:00+00:00, run_after=2026-06-10 08:00:00+00:00
[2026-06-09T13:48:45.531+0000] {processor.py:208} INFO - Processing /opt/airflow/dags/01-1c-excel-pipeline/dags/orders_etl.py took 0.236 seconds
[2026-06-09T13:49:15.795+0000] {processor.py:186} INFO - Started process (PID=505) to work on /opt/airflow/dags/01-1c-excel-pipeline/dags/orders_etl.py
[2026-06-09T13:49:15.795+0000] {processor.py:914} INFO - Processing file /opt/airflow/dags/01-1c-excel-pipeline/dags/orders_etl.py for tasks to queue
[2026-06-09T13:49:15.797+0000] {logging_mixin.py:190} INFO - [2026-06-09T13:49:15.797+0000] {dagbag.py:588} INFO - Filling up the DagBag from /opt/airflow/dags/01-1c-excel-pipeline/dags/orders_etl.py
[2026-06-09T13:49:15.954+0000] {processor.py:925} INFO - DAG(s) '1c_orders_etl' retrieved from /opt/airflow/dags/01-1c-excel-pipeline/dags/orders_etl.py
[2026-06-09T13:49:15.967+0000] {logging_mixin.py:190} INFO - [2026-06-09T13:49:15.966+0000] {dag.py:3239} INFO - Sync 1 DAGs
[2026-06-09T13:49:15.977+0000] {logging_mixin.py:190} INFO - [2026-06-09T13:49:15.977+0000] {dag.py:4180} INFO - Setting next_dagrun for 1c_orders_etl to 2026-06-09 08:00:00+00:00, run_after=2026-06-10 08:00:00+00:00
[2026-06-09T13:49:15.984+0000] {processor.py:208} INFO - Processing /opt/airflow/dags/01-1c-excel-pipeline/dags/orders_etl.py took 0.195 seconds
[2026-06-09T13:49:46.231+0000] {processor.py:186} INFO - Started process (PID=509) to work on /opt/airflow/dags/01-1c-excel-pipeline/dags/orders_etl.py
[2026-06-09T13:49:46.232+0000] {processor.py:914} INFO - Processing file /opt/airflow/dags/01-1c-excel-pipeline/dags/orders_etl.py for tasks to queue
[2026-06-09T13:49:46.235+0000] {logging_mixin.py:190} INFO - [2026-06-09T13:49:46.234+0000] {dagbag.py:588} INFO - Filling up the DagBag from /opt/airflow/dags/01-1c-excel-pipeline/dags/orders_etl.py
[2026-06-09T13:49:46.395+0000] {processor.py:925} INFO - DAG(s) '1c_orders_etl' retrieved from /opt/airflow/dags/01-1c-excel-pipeline/dags/orders_etl.py
[2026-06-09T13:49:46.408+0000] {logging_mixin.py:190} INFO - [2026-06-09T13:49:46.407+0000] {dag.py:3239} INFO - Sync 1 DAGs
[2026-06-09T13:49:46.420+0000] {logging_mixin.py:190} INFO - [2026-06-09T13:49:46.419+0000] {dag.py:4180} INFO - Setting next_dagrun for 1c_orders_etl to 2026-06-09 08:00:00+00:00, run_after=2026-06-10 08:00:00+00:00
[2026-06-09T13:49:46.428+0000] {processor.py:208} INFO - Processing /opt/airflow/dags/01-1c-excel-pipeline/dags/orders_etl.py took 0.204 seconds
[2026-06-09T13:50:16.731+0000] {processor.py:186} INFO - Started process (PID=513) to work on /opt/airflow/dags/01-1c-excel-pipeline/dags/orders_etl.py
[2026-06-09T13:50:16.732+0000] {processor.py:914} INFO - Processing file /opt/airflow/dags/01-1c-excel-pipeline/dags/orders_etl.py for tasks to queue
[2026-06-09T13:50:16.735+0000] {logging_mixin.py:190} INFO - [2026-06-09T13:50:16.734+0000] {dagbag.py:588} INFO - Filling up the DagBag from /opt/airflow/dags/01-1c-excel-pipeline/dags/orders_etl.py
[2026-06-09T13:50:16.900+0000] {processor.py:925} INFO - DAG(s) '1c_orders_etl' retrieved from /opt/airflow/dags/01-1c-excel-pipeline/dags/orders_etl.py
[2026-06-09T13:50:16.912+0000] {logging_mixin.py:190} INFO - [2026-06-09T13:50:16.911+0000] {dag.py:3239} INFO - Sync 1 DAGs
[2026-06-09T13:50:16.923+0000] {logging_mixin.py:190} INFO - [2026-06-09T13:50:16.922+0000] {dag.py:4180} INFO - Setting next_dagrun for 1c_orders_etl to 2026-06-09 08:00:00+00:00, run_after=2026-06-10 08:00:00+00:00
[2026-06-09T13:50:16.930+0000] {processor.py:208} INFO - Processing /opt/airflow/dags/01-1c-excel-pipeline/dags/orders_etl.py took 0.206 seconds
[2026-06-09T13:50:47.254+0000] {processor.py:186} INFO - Started process (PID=517) to work on /opt/airflow/dags/01-1c-excel-pipeline/dags/orders_etl.py
[2026-06-09T13:50:47.255+0000] {processor.py:914} INFO - Processing file /opt/airflow/dags/01-1c-excel-pipeline/dags/orders_etl.py for tasks to queue
[2026-06-09T13:50:47.256+0000] {logging_mixin.py:190} INFO - [2026-06-09T13:50:47.256+0000] {dagbag.py:588} INFO - Filling up the DagBag from /opt/airflow/dags/01-1c-excel-pipeline/dags/orders_etl.py
[2026-06-09T13:50:47.440+0000] {processor.py:925} INFO - DAG(s) '1c_orders_etl' retrieved from /opt/airflow/dags/01-1c-excel-pipeline/dags/orders_etl.py
[2026-06-09T13:50:47.454+0000] {logging_mixin.py:190} INFO - [2026-06-09T13:50:47.453+0000] {dag.py:3239} INFO - Sync 1 DAGs
[2026-06-09T13:50:47.466+0000] {logging_mixin.py:190} INFO - [2026-06-09T13:50:47.466+0000] {dag.py:4180} INFO - Setting next_dagrun for 1c_orders_etl to 2026-06-09 08:00:00+00:00, run_after=2026-06-10 08:00:00+00:00
[2026-06-09T13:50:47.474+0000] {processor.py:208} INFO - Processing /opt/airflow/dags/01-1c-excel-pipeline/dags/orders_etl.py took 0.223 seconds
[2026-06-09T13:51:17.766+0000] {processor.py:186} INFO - Started process (PID=521) to work on /opt/airflow/dags/01-1c-excel-pipeline/dags/orders_etl.py
[2026-06-09T13:51:17.766+0000] {processor.py:914} INFO - Processing file /opt/airflow/dags/01-1c-excel-pipeline/dags/orders_etl.py for tasks to queue
[2026-06-09T13:51:17.768+0000] {logging_mixin.py:190} INFO - [2026-06-09T13:51:17.768+0000] {dagbag.py:588} INFO - Filling up the DagBag from /opt/airflow/dags/01-1c-excel-pipeline/dags/orders_etl.py
[2026-06-09T13:51:17.914+0000] {processor.py:925} INFO - DAG(s) '1c_orders_etl' retrieved from /opt/airflow/dags/01-1c-excel-pipeline/dags/orders_etl.py
[2026-06-09T13:51:17.927+0000] {logging_mixin.py:190} INFO - [2026-06-09T13:51:17.927+0000] {dag.py:3239} INFO - Sync 1 DAGs
[2026-06-09T13:51:17.938+0000] {logging_mixin.py:190} INFO - [2026-06-09T13:51:17.938+0000] {dag.py:4180} INFO - Setting next_dagrun for 1c_orders_etl to 2026-06-09 08:00:00+00:00, run_after=2026-06-10 08:00:00+00:00
[2026-06-09T13:51:17.946+0000] {processor.py:208} INFO - Processing /opt/airflow/dags/01-1c-excel-pipeline/dags/orders_etl.py took 0.184 seconds
[2026-06-09T13:51:48.235+0000] {processor.py:186} INFO - Started process (PID=525) to work on /opt/airflow/dags/01-1c-excel-pipeline/dags/orders_etl.py
[2026-06-09T13:51:48.236+0000] {processor.py:914} INFO - Processing file /opt/airflow/dags/01-1c-excel-pipeline/dags/orders_etl.py for tasks to queue
[2026-06-09T13:51:48.237+0000] {logging_mixin.py:190} INFO - [2026-06-09T13:51:48.237+0000] {dagbag.py:588} INFO - Filling up the DagBag from /opt/airflow/dags/01-1c-excel-pipeline/dags/orders_etl.py
[2026-06-09T13:51:48.389+0000] {processor.py:925} INFO - DAG(s) '1c_orders_etl' retrieved from /opt/airflow/dags/01-1c-excel-pipeline/dags/orders_etl.py
[2026-06-09T13:51:48.402+0000] {logging_mixin.py:190} INFO - [2026-06-09T13:51:48.402+0000] {dag.py:3239} INFO - Sync 1 DAGs
[2026-06-09T13:51:48.412+0000] {logging_mixin.py:190} INFO - [2026-06-09T13:51:48.412+0000] {dag.py:4180} INFO - Setting next_dagrun for 1c_orders_etl to 2026-06-09 08:00:00+00:00, run_after=2026-06-10 08:00:00+00:00
[2026-06-09T13:51:48.419+0000] {processor.py:208} INFO - Processing /opt/airflow/dags/01-1c-excel-pipeline/dags/orders_etl.py took 0.189 seconds
[2026-06-09T13:52:18.683+0000] {processor.py:186} INFO - Started process (PID=529) to work on /opt/airflow/dags/01-1c-excel-pipeline/dags/orders_etl.py
[2026-06-09T13:52:18.684+0000] {processor.py:914} INFO - Processing file /opt/airflow/dags/01-1c-excel-pipeline/dags/orders_etl.py for tasks to queue
[2026-06-09T13:52:18.687+0000] {logging_mixin.py:190} INFO - [2026-06-09T13:52:18.686+0000] {dagbag.py:588} INFO - Filling up the DagBag from /opt/airflow/dags/01-1c-excel-pipeline/dags/orders_etl.py
[2026-06-09T13:52:18.845+0000] {processor.py:925} INFO - DAG(s) '1c_orders_etl' retrieved from /opt/airflow/dags/01-1c-excel-pipeline/dags/orders_etl.py
[2026-06-09T13:52:18.857+0000] {logging_mixin.py:190} INFO - [2026-06-09T13:52:18.856+0000] {dag.py:3239} INFO - Sync 1 DAGs
[2026-06-09T13:52:18.868+0000] {logging_mixin.py:190} INFO - [2026-06-09T13:52:18.867+0000] {dag.py:4180} INFO - Setting next_dagrun for 1c_orders_etl to 2026-06-09 08:00:00+00:00, run_after=2026-06-10 08:00:00+00:00
[2026-06-09T13:52:18.875+0000] {processor.py:208} INFO - Processing /opt/airflow/dags/01-1c-excel-pipeline/dags/orders_etl.py took 0.199 seconds
[2026-06-09T13:52:49.193+0000] {processor.py:186} INFO - Started process (PID=533) to work on /opt/airflow/dags/01-1c-excel-pipeline/dags/orders_etl.py
[2026-06-09T13:52:49.193+0000] {processor.py:914} INFO - Processing file /opt/airflow/dags/01-1c-excel-pipeline/dags/orders_etl.py for tasks to queue
[2026-06-09T13:52:49.195+0000] {logging_mixin.py:190} INFO - [2026-06-09T13:52:49.195+0000] {dagbag.py:588} INFO - Filling up the DagBag from /opt/airflow/dags/01-1c-excel-pipeline/dags/orders_etl.py
[2026-06-09T13:52:49.345+0000] {processor.py:925} INFO - DAG(s) '1c_orders_etl' retrieved from /opt/airflow/dags/01-1c-excel-pipeline/dags/orders_etl.py
[2026-06-09T13:52:49.357+0000] {logging_mixin.py:190} INFO - [2026-06-09T13:52:49.356+0000] {dag.py:3239} INFO - Sync 1 DAGs
[2026-06-09T13:52:49.367+0000] {logging_mixin.py:190} INFO - [2026-06-09T13:52:49.367+0000] {dag.py:4180} INFO - Setting next_dagrun for 1c_orders_etl to 2026-06-09 08:00:00+00:00, run_after=2026-06-10 08:00:00+00:00
[2026-06-09T13:52:49.375+0000] {processor.py:208} INFO - Processing /opt/airflow/dags/01-1c-excel-pipeline/dags/orders_etl.py took 0.186 seconds
[2026-06-09T13:53:19.722+0000] {processor.py:186} INFO - Started process (PID=537) to work on /opt/airflow/dags/01-1c-excel-pipeline/dags/orders_etl.py
[2026-06-09T13:53:19.722+0000] {processor.py:914} INFO - Processing file /opt/airflow/dags/01-1c-excel-pipeline/dags/orders_etl.py for tasks to queue
[2026-06-09T13:53:19.723+0000] {logging_mixin.py:190} INFO - [2026-06-09T13:53:19.723+0000] {dagbag.py:588} INFO - Filling up the DagBag from /opt/airflow/dags/01-1c-excel-pipeline/dags/orders_etl.py
[2026-06-09T13:53:19.873+0000] {processor.py:925} INFO - DAG(s) '1c_orders_etl' retrieved from /opt/airflow/dags/01-1c-excel-pipeline/dags/orders_etl.py
[2026-06-09T13:53:19.886+0000] {logging_mixin.py:190} INFO - [2026-06-09T13:53:19.886+0000] {dag.py:3239} INFO - Sync 1 DAGs
[2026-06-09T13:53:19.898+0000] {logging_mixin.py:190} INFO - [2026-06-09T13:53:19.898+0000] {dag.py:4180} INFO - Setting next_dagrun for 1c_orders_etl to 2026-06-09 08:00:00+00:00, run_after=2026-06-10 08:00:00+00:00
[2026-06-09T13:53:19.906+0000] {processor.py:208} INFO - Processing /opt/airflow/dags/01-1c-excel-pipeline/dags/orders_etl.py took 0.189 seconds
[2026-06-09T13:53:50.222+0000] {processor.py:186} INFO - Started process (PID=541) to work on /opt/airflow/dags/01-1c-excel-pipeline/dags/orders_etl.py
[2026-06-09T13:53:50.223+0000] {processor.py:914} INFO - Processing file /opt/airflow/dags/01-1c-excel-pipeline/dags/orders_etl.py for tasks to queue
[2026-06-09T13:53:50.224+0000] {logging_mixin.py:190} INFO - [2026-06-09T13:53:50.224+0000] {dagbag.py:588} INFO - Filling up the DagBag from /opt/airflow/dags/01-1c-excel-pipeline/dags/orders_etl.py
[2026-06-09T13:53:50.413+0000] {processor.py:925} INFO - DAG(s) '1c_orders_etl' retrieved from /opt/airflow/dags/01-1c-excel-pipeline/dags/orders_etl.py
[2026-06-09T13:53:50.427+0000] {logging_mixin.py:190} INFO - [2026-06-09T13:53:50.427+0000] {dag.py:3239} INFO - Sync 1 DAGs
[2026-06-09T13:53:50.439+0000] {logging_mixin.py:190} INFO - [2026-06-09T13:53:50.439+0000] {dag.py:4180} INFO - Setting next_dagrun for 1c_orders_etl to 2026-06-09 08:00:00+00:00, run_after=2026-06-10 08:00:00+00:00
[2026-06-09T13:53:50.447+0000] {processor.py:208} INFO - Processing /opt/airflow/dags/01-1c-excel-pipeline/dags/orders_etl.py took 0.229 seconds
[2026-06-09T13:54:20.692+0000] {processor.py:186} INFO - Started process (PID=545) to work on /opt/airflow/dags/01-1c-excel-pipeline/dags/orders_etl.py
[2026-06-09T13:54:20.693+0000] {processor.py:914} INFO - Processing file /opt/airflow/dags/01-1c-excel-pipeline/dags/orders_etl.py for tasks to queue
[2026-06-09T13:54:20.694+0000] {logging_mixin.py:190} INFO - [2026-06-09T13:54:20.694+0000] {dagbag.py:588} INFO - Filling up the DagBag from /opt/airflow/dags/01-1c-excel-pipeline/dags/orders_etl.py
[2026-06-09T13:54:20.844+0000] {processor.py:925} INFO - DAG(s) '1c_orders_etl' retrieved from /opt/airflow/dags/01-1c-excel-pipeline/dags/orders_etl.py
[2026-06-09T13:54:20.856+0000] {logging_mixin.py:190} INFO - [2026-06-09T13:54:20.856+0000] {dag.py:3239} INFO - Sync 1 DAGs
[2026-06-09T13:54:20.867+0000] {logging_mixin.py:190} INFO - [2026-06-09T13:54:20.867+0000] {dag.py:4180} INFO - Setting next_dagrun for 1c_orders_etl to 2026-06-09 08:00:00+00:00, run_after=2026-06-10 08:00:00+00:00
[2026-06-09T13:54:20.875+0000] {processor.py:208} INFO - Processing /opt/airflow/dags/01-1c-excel-pipeline/dags/orders_etl.py took 0.187 seconds
[2026-06-09T13:54:51.191+0000] {processor.py:186} INFO - Started process (PID=549) to work on /opt/airflow/dags/01-1c-excel-pipeline/dags/orders_etl.py
[2026-06-09T13:54:51.192+0000] {processor.py:914} INFO - Processing file /opt/airflow/dags/01-1c-excel-pipeline/dags/orders_etl.py for tasks to queue
[2026-06-09T13:54:51.194+0000] {logging_mixin.py:190} INFO - [2026-06-09T13:54:51.194+0000] {dagbag.py:588} INFO - Filling up the DagBag from /opt/airflow/dags/01-1c-excel-pipeline/dags/orders_etl.py
[2026-06-09T13:54:51.362+0000] {processor.py:925} INFO - DAG(s) '1c_orders_etl' retrieved from /opt/airflow/dags/01-1c-excel-pipeline/dags/orders_etl.py
[2026-06-09T13:54:51.374+0000] {logging_mixin.py:190} INFO - [2026-06-09T13:54:51.374+0000] {dag.py:3239} INFO - Sync 1 DAGs
[2026-06-09T13:54:51.385+0000] {logging_mixin.py:190} INFO - [2026-06-09T13:54:51.385+0000] {dag.py:4180} INFO - Setting next_dagrun for 1c_orders_etl to 2026-06-09 08:00:00+00:00, run_after=2026-06-10 08:00:00+00:00
[2026-06-09T13:54:51.393+0000] {processor.py:208} INFO - Processing /opt/airflow/dags/01-1c-excel-pipeline/dags/orders_etl.py took 0.209 seconds
[2026-06-09T13:55:21.683+0000] {processor.py:186} INFO - Started process (PID=553) to work on /opt/airflow/dags/01-1c-excel-pipeline/dags/orders_etl.py
[2026-06-09T13:55:21.684+0000] {processor.py:914} INFO - Processing file /opt/airflow/dags/01-1c-excel-pipeline/dags/orders_etl.py for tasks to queue
[2026-06-09T13:55:21.686+0000] {logging_mixin.py:190} INFO - [2026-06-09T13:55:21.686+0000] {dagbag.py:588} INFO - Filling up the DagBag from /opt/airflow/dags/01-1c-excel-pipeline/dags/orders_etl.py
[2026-06-09T13:55:21.885+0000] {processor.py:925} INFO - DAG(s) '1c_orders_etl' retrieved from /opt/airflow/dags/01-1c-excel-pipeline/dags/orders_etl.py
[2026-06-09T13:55:21.899+0000] {logging_mixin.py:190} INFO - [2026-06-09T13:55:21.899+0000] {dag.py:3239} INFO - Sync 1 DAGs
[2026-06-09T13:55:21.911+0000] {logging_mixin.py:190} INFO - [2026-06-09T13:55:21.911+0000] {dag.py:4180} INFO - Setting next_dagrun for 1c_orders_etl to 2026-06-09 08:00:00+00:00, run_after=2026-06-10 08:00:00+00:00
[2026-06-09T13:55:21.919+0000] {processor.py:208} INFO - Processing /opt/airflow/dags/01-1c-excel-pipeline/dags/orders_etl.py took 0.244 seconds
[2026-06-09T13:55:52.190+0000] {processor.py:186} INFO - Started process (PID=557) to work on /opt/airflow/dags/01-1c-excel-pipeline/dags/orders_etl.py
[2026-06-09T13:55:52.192+0000] {processor.py:914} INFO - Processing file /opt/airflow/dags/01-1c-excel-pipeline/dags/orders_etl.py for tasks to queue
[2026-06-09T13:55:52.194+0000] {logging_mixin.py:190} INFO - [2026-06-09T13:55:52.194+0000] {dagbag.py:588} INFO - Filling up the DagBag from /opt/airflow/dags/01-1c-excel-pipeline/dags/orders_etl.py
[2026-06-09T13:55:52.360+0000] {processor.py:925} INFO - DAG(s) '1c_orders_etl' retrieved from /opt/airflow/dags/01-1c-excel-pipeline/dags/orders_etl.py
[2026-06-09T13:55:52.373+0000] {logging_mixin.py:190} INFO - [2026-06-09T13:55:52.373+0000] {dag.py:3239} INFO - Sync 1 DAGs
[2026-06-09T13:55:52.383+0000] {logging_mixin.py:190} INFO - [2026-06-09T13:55:52.383+0000] {dag.py:4180} INFO - Setting next_dagrun for 1c_orders_etl to 2026-06-09 08:00:00+00:00, run_after=2026-06-10 08:00:00+00:00
[2026-06-09T13:55:52.391+0000] {processor.py:208} INFO - Processing /opt/airflow/dags/01-1c-excel-pipeline/dags/orders_etl.py took 0.207 seconds
[2026-06-09T13:56:22.730+0000] {processor.py:186} INFO - Started process (PID=561) to work on /opt/airflow/dags/01-1c-excel-pipeline/dags/orders_etl.py
[2026-06-09T13:56:22.731+0000] {processor.py:914} INFO - Processing file /opt/airflow/dags/01-1c-excel-pipeline/dags/orders_etl.py for tasks to queue
[2026-06-09T13:56:22.733+0000] {logging_mixin.py:190} INFO - [2026-06-09T13:56:22.732+0000] {dagbag.py:588} INFO - Filling up the DagBag from /opt/airflow/dags/01-1c-excel-pipeline/dags/orders_etl.py
[2026-06-09T13:56:22.899+0000] {processor.py:925} INFO - DAG(s) '1c_orders_etl' retrieved from /opt/airflow/dags/01-1c-excel-pipeline/dags/orders_etl.py
[2026-06-09T13:56:22.911+0000] {logging_mixin.py:190} INFO - [2026-06-09T13:56:22.911+0000] {dag.py:3239} INFO - Sync 1 DAGs
[2026-06-09T13:56:22.922+0000] {logging_mixin.py:190} INFO - [2026-06-09T13:56:22.922+0000] {dag.py:4180} INFO - Setting next_dagrun for 1c_orders_etl to 2026-06-09 08:00:00+00:00, run_after=2026-06-10 08:00:00+00:00
[2026-06-09T13:56:22.929+0000] {processor.py:208} INFO - Processing /opt/airflow/dags/01-1c-excel-pipeline/dags/orders_etl.py took 0.204 seconds
[2026-06-09T13:56:53.251+0000] {processor.py:186} INFO - Started process (PID=565) to work on /opt/airflow/dags/01-1c-excel-pipeline/dags/orders_etl.py
[2026-06-09T13:56:53.252+0000] {processor.py:914} INFO - Processing file /opt/airflow/dags/01-1c-excel-pipeline/dags/orders_etl.py for tasks to queue
[2026-06-09T13:56:53.254+0000] {logging_mixin.py:190} INFO - [2026-06-09T13:56:53.253+0000] {dagbag.py:588} INFO - Filling up the DagBag from /opt/airflow/dags/01-1c-excel-pipeline/dags/orders_etl.py
[2026-06-09T13:56:53.407+0000] {processor.py:925} INFO - DAG(s) '1c_orders_etl' retrieved from /opt/airflow/dags/01-1c-excel-pipeline/dags/orders_etl.py
[2026-06-09T13:56:53.421+0000] {logging_mixin.py:190} INFO - [2026-06-09T13:56:53.421+0000] {dag.py:3239} INFO - Sync 1 DAGs
[2026-06-09T13:56:53.434+0000] {logging_mixin.py:190} INFO - [2026-06-09T13:56:53.434+0000] {dag.py:4180} INFO - Setting next_dagrun for 1c_orders_etl to 2026-06-09 08:00:00+00:00, run_after=2026-06-10 08:00:00+00:00
[2026-06-09T13:56:53.442+0000] {processor.py:208} INFO - Processing /opt/airflow/dags/01-1c-excel-pipeline/dags/orders_etl.py took 0.196 seconds
[2026-06-09T13:57:23.832+0000] {processor.py:186} INFO - Started process (PID=569) to work on /opt/airflow/dags/01-1c-excel-pipeline/dags/orders_etl.py
[2026-06-09T13:57:23.832+0000] {processor.py:914} INFO - Processing file /opt/airflow/dags/01-1c-excel-pipeline/dags/orders_etl.py for tasks to queue
[2026-06-09T13:57:23.834+0000] {logging_mixin.py:190} INFO - [2026-06-09T13:57:23.834+0000] {dagbag.py:588} INFO - Filling up the DagBag from /opt/airflow/dags/01-1c-excel-pipeline/dags/orders_etl.py
[2026-06-09T13:57:24.025+0000] {processor.py:925} INFO - DAG(s) '1c_orders_etl' retrieved from /opt/airflow/dags/01-1c-excel-pipeline/dags/orders_etl.py
[2026-06-09T13:57:24.039+0000] {logging_mixin.py:190} INFO - [2026-06-09T13:57:24.039+0000] {dag.py:3239} INFO - Sync 1 DAGs
[2026-06-09T13:57:24.050+0000] {logging_mixin.py:190} INFO - [2026-06-09T13:57:24.050+0000] {dag.py:4180} INFO - Setting next_dagrun for 1c_orders_etl to 2026-06-09 08:00:00+00:00, run_after=2026-06-10 08:00:00+00:00
[2026-06-09T13:57:24.060+0000] {processor.py:208} INFO - Processing /opt/airflow/dags/01-1c-excel-pipeline/dags/orders_etl.py took 0.232 seconds
[2026-06-09T13:57:54.309+0000] {processor.py:186} INFO - Started process (PID=573) to work on /opt/airflow/dags/01-1c-excel-pipeline/dags/orders_etl.py
[2026-06-09T13:57:54.310+0000] {processor.py:914} INFO - Processing file /opt/airflow/dags/01-1c-excel-pipeline/dags/orders_etl.py for tasks to queue
[2026-06-09T13:57:54.311+0000] {logging_mixin.py:190} INFO - [2026-06-09T13:57:54.311+0000] {dagbag.py:588} INFO - Filling up the DagBag from /opt/airflow/dags/01-1c-excel-pipeline/dags/orders_etl.py
[2026-06-09T13:57:54.465+0000] {processor.py:925} INFO - DAG(s) '1c_orders_etl' retrieved from /opt/airflow/dags/01-1c-excel-pipeline/dags/orders_etl.py
[2026-06-09T13:57:54.477+0000] {logging_mixin.py:190} INFO - [2026-06-09T13:57:54.477+0000] {dag.py:3239} INFO - Sync 1 DAGs
[2026-06-09T13:57:54.488+0000] {logging_mixin.py:190} INFO - [2026-06-09T13:57:54.488+0000] {dag.py:4180} INFO - Setting next_dagrun for 1c_orders_etl to 2026-06-09 08:00:00+00:00, run_after=2026-06-10 08:00:00+00:00
[2026-06-09T13:57:54.496+0000] {processor.py:208} INFO - Processing /opt/airflow/dags/01-1c-excel-pipeline/dags/orders_etl.py took 0.191 seconds
[2026-06-09T13:58:24.881+0000] {processor.py:186} INFO - Started process (PID=577) to work on /opt/airflow/dags/01-1c-excel-pipeline/dags/orders_etl.py
[2026-06-09T13:58:24.883+0000] {processor.py:914} INFO - Processing file /opt/airflow/dags/01-1c-excel-pipeline/dags/orders_etl.py for tasks to queue
[2026-06-09T13:58:24.885+0000] {logging_mixin.py:190} INFO - [2026-06-09T13:58:24.885+0000] {dagbag.py:588} INFO - Filling up the DagBag from /opt/airflow/dags/01-1c-excel-pipeline/dags/orders_etl.py
[2026-06-09T13:58:25.049+0000] {processor.py:925} INFO - DAG(s) '1c_orders_etl' retrieved from /opt/airflow/dags/01-1c-excel-pipeline/dags/orders_etl.py
[2026-06-09T13:58:25.064+0000] {logging_mixin.py:190} INFO - [2026-06-09T13:58:25.064+0000] {dag.py:3239} INFO - Sync 1 DAGs
[2026-06-09T13:58:25.077+0000] {logging_mixin.py:190} INFO - [2026-06-09T13:58:25.077+0000] {dag.py:4180} INFO - Setting next_dagrun for 1c_orders_etl to 2026-06-09 08:00:00+00:00, run_after=2026-06-10 08:00:00+00:00
[2026-06-09T13:58:25.085+0000] {processor.py:208} INFO - Processing /opt/airflow/dags/01-1c-excel-pipeline/dags/orders_etl.py took 0.211 seconds
[2026-06-09T13:58:55.444+0000] {processor.py:186} INFO - Started process (PID=581) to work on /opt/airflow/dags/01-1c-excel-pipeline/dags/orders_etl.py
[2026-06-09T13:58:55.445+0000] {processor.py:914} INFO - Processing file /opt/airflow/dags/01-1c-excel-pipeline/dags/orders_etl.py for tasks to queue
[2026-06-09T13:58:55.448+0000] {logging_mixin.py:190} INFO - [2026-06-09T13:58:55.447+0000] {dagbag.py:588} INFO - Filling up the DagBag from /opt/airflow/dags/01-1c-excel-pipeline/dags/orders_etl.py
[2026-06-09T13:58:55.643+0000] {processor.py:925} INFO - DAG(s) '1c_orders_etl' retrieved from /opt/airflow/dags/01-1c-excel-pipeline/dags/orders_etl.py
[2026-06-09T13:58:55.656+0000] {logging_mixin.py:190} INFO - [2026-06-09T13:58:55.656+0000] {dag.py:3239} INFO - Sync 1 DAGs
[2026-06-09T13:58:55.669+0000] {logging_mixin.py:190} INFO - [2026-06-09T13:58:55.669+0000] {dag.py:4180} INFO - Setting next_dagrun for 1c_orders_etl to 2026-06-09 08:00:00+00:00, run_after=2026-06-10 08:00:00+00:00
[2026-06-09T13:58:55.678+0000] {processor.py:208} INFO - Processing /opt/airflow/dags/01-1c-excel-pipeline/dags/orders_etl.py took 0.241 seconds
[2026-06-09T13:59:25.980+0000] {processor.py:186} INFO - Started process (PID=585) to work on /opt/airflow/dags/01-1c-excel-pipeline/dags/orders_etl.py
[2026-06-09T13:59:25.981+0000] {processor.py:914} INFO - Processing file /opt/airflow/dags/01-1c-excel-pipeline/dags/orders_etl.py for tasks to queue
[2026-06-09T13:59:25.983+0000] {logging_mixin.py:190} INFO - [2026-06-09T13:59:25.983+0000] {dagbag.py:588} INFO - Filling up the DagBag from /opt/airflow/dags/01-1c-excel-pipeline/dags/orders_etl.py
[2026-06-09T13:59:26.151+0000] {processor.py:925} INFO - DAG(s) '1c_orders_etl' retrieved from /opt/airflow/dags/01-1c-excel-pipeline/dags/orders_etl.py
[2026-06-09T13:59:26.164+0000] {logging_mixin.py:190} INFO - [2026-06-09T13:59:26.164+0000] {dag.py:3239} INFO - Sync 1 DAGs
[2026-06-09T13:59:26.176+0000] {logging_mixin.py:190} INFO - [2026-06-09T13:59:26.175+0000] {dag.py:4180} INFO - Setting next_dagrun for 1c_orders_etl to 2026-06-09 08:00:00+00:00, run_after=2026-06-10 08:00:00+00:00
[2026-06-09T13:59:26.183+0000] {processor.py:208} INFO - Processing /opt/airflow/dags/01-1c-excel-pipeline/dags/orders_etl.py took 0.210 seconds
[2026-06-09T13:59:56.479+0000] {processor.py:186} INFO - Started process (PID=589) to work on /opt/airflow/dags/01-1c-excel-pipeline/dags/orders_etl.py
[2026-06-09T13:59:56.480+0000] {processor.py:914} INFO - Processing file /opt/airflow/dags/01-1c-excel-pipeline/dags/orders_etl.py for tasks to queue
[2026-06-09T13:59:56.481+0000] {logging_mixin.py:190} INFO - [2026-06-09T13:59:56.481+0000] {dagbag.py:588} INFO - Filling up the DagBag from /opt/airflow/dags/01-1c-excel-pipeline/dags/orders_etl.py
[2026-06-09T13:59:56.689+0000] {processor.py:925} INFO - DAG(s) '1c_orders_etl' retrieved from /opt/airflow/dags/01-1c-excel-pipeline/dags/orders_etl.py
[2026-06-09T13:59:56.705+0000] {logging_mixin.py:190} INFO - [2026-06-09T13:59:56.704+0000] {dag.py:3239} INFO - Sync 1 DAGs
[2026-06-09T13:59:56.718+0000] {logging_mixin.py:190} INFO - [2026-06-09T13:59:56.717+0000] {dag.py:4180} INFO - Setting next_dagrun for 1c_orders_etl to 2026-06-09 08:00:00+00:00, run_after=2026-06-10 08:00:00+00:00
[2026-06-09T13:59:56.728+0000] {processor.py:208} INFO - Processing /opt/airflow/dags/01-1c-excel-pipeline/dags/orders_etl.py took 0.252 seconds
[2026-06-09T14:00:27.093+0000] {processor.py:186} INFO - Started process (PID=593) to work on /opt/airflow/dags/01-1c-excel-pipeline/dags/orders_etl.py
[2026-06-09T14:00:27.095+0000] {processor.py:914} INFO - Processing file /opt/airflow/dags/01-1c-excel-pipeline/dags/orders_etl.py for tasks to queue
[2026-06-09T14:00:27.098+0000] {logging_mixin.py:190} INFO - [2026-06-09T14:00:27.097+0000] {dagbag.py:588} INFO - Filling up the DagBag from /opt/airflow/dags/01-1c-excel-pipeline/dags/orders_etl.py
[2026-06-09T14:00:27.267+0000] {processor.py:925} INFO - DAG(s) '1c_orders_etl' retrieved from /opt/airflow/dags/01-1c-excel-pipeline/dags/orders_etl.py
[2026-06-09T14:00:27.281+0000] {logging_mixin.py:190} INFO - [2026-06-09T14:00:27.281+0000] {dag.py:3239} INFO - Sync 1 DAGs
[2026-06-09T14:00:27.293+0000] {logging_mixin.py:190} INFO - [2026-06-09T14:00:27.293+0000] {dag.py:4180} INFO - Setting next_dagrun for 1c_orders_etl to 2026-06-09 08:00:00+00:00, run_after=2026-06-10 08:00:00+00:00
[2026-06-09T14:00:27.301+0000] {processor.py:208} INFO - Processing /opt/airflow/dags/01-1c-excel-pipeline/dags/orders_etl.py took 0.215 seconds
[2026-06-09T14:00:57.580+0000] {processor.py:186} INFO - Started process (PID=597) to work on /opt/airflow/dags/01-1c-excel-pipeline/dags/orders_etl.py
[2026-06-09T14:00:57.581+0000] {processor.py:914} INFO - Processing file /opt/airflow/dags/01-1c-excel-pipeline/dags/orders_etl.py for tasks to queue
[2026-06-09T14:00:57.584+0000] {logging_mixin.py:190} INFO - [2026-06-09T14:00:57.583+0000] {dagbag.py:588} INFO - Filling up the DagBag from /opt/airflow/dags/01-1c-excel-pipeline/dags/orders_etl.py
[2026-06-09T14:00:57.740+0000] {processor.py:925} INFO - DAG(s) '1c_orders_etl' retrieved from /opt/airflow/dags/01-1c-excel-pipeline/dags/orders_etl.py
[2026-06-09T14:00:57.752+0000] {logging_mixin.py:190} INFO - [2026-06-09T14:00:57.752+0000] {dag.py:3239} INFO - Sync 1 DAGs
[2026-06-09T14:00:57.763+0000] {logging_mixin.py:190} INFO - [2026-06-09T14:00:57.763+0000] {dag.py:4180} INFO - Setting next_dagrun for 1c_orders_etl to 2026-06-09 08:00:00+00:00, run_after=2026-06-10 08:00:00+00:00
[2026-06-09T14:00:57.771+0000] {processor.py:208} INFO - Processing /opt/airflow/dags/01-1c-excel-pipeline/dags/orders_etl.py took 0.198 seconds
[2026-06-09T14:01:28.063+0000] {processor.py:186} INFO - Started process (PID=601) to work on /opt/airflow/dags/01-1c-excel-pipeline/dags/orders_etl.py
[2026-06-09T14:01:28.064+0000] {processor.py:914} INFO - Processing file /opt/airflow/dags/01-1c-excel-pipeline/dags/orders_etl.py for tasks to queue
[2026-06-09T14:01:28.067+0000] {logging_mixin.py:190} INFO - [2026-06-09T14:01:28.066+0000] {dagbag.py:588} INFO - Filling up the DagBag from /opt/airflow/dags/01-1c-excel-pipeline/dags/orders_etl.py
[2026-06-09T14:01:28.229+0000] {processor.py:925} INFO - DAG(s) '1c_orders_etl' retrieved from /opt/airflow/dags/01-1c-excel-pipeline/dags/orders_etl.py
[2026-06-09T14:01:28.241+0000] {logging_mixin.py:190} INFO - [2026-06-09T14:01:28.241+0000] {dag.py:3239} INFO - Sync 1 DAGs
[2026-06-09T14:01:28.251+0000] {logging_mixin.py:190} INFO - [2026-06-09T14:01:28.251+0000] {dag.py:4180} INFO - Setting next_dagrun for 1c_orders_etl to 2026-06-09 08:00:00+00:00, run_after=2026-06-10 08:00:00+00:00
[2026-06-09T14:01:28.259+0000] {processor.py:208} INFO - Processing /opt/airflow/dags/01-1c-excel-pipeline/dags/orders_etl.py took 0.203 seconds
[2026-06-09T14:01:58.671+0000] {processor.py:186} INFO - Started process (PID=605) to work on /opt/airflow/dags/01-1c-excel-pipeline/dags/orders_etl.py
[2026-06-09T14:01:58.673+0000] {processor.py:914} INFO - Processing file /opt/airflow/dags/01-1c-excel-pipeline/dags/orders_etl.py for tasks to queue
[2026-06-09T14:01:58.675+0000] {logging_mixin.py:190} INFO - [2026-06-09T14:01:58.675+0000] {dagbag.py:588} INFO - Filling up the DagBag from /opt/airflow/dags/01-1c-excel-pipeline/dags/orders_etl.py
[2026-06-09T14:01:58.872+0000] {processor.py:925} INFO - DAG(s) '1c_orders_etl' retrieved from /opt/airflow/dags/01-1c-excel-pipeline/dags/orders_etl.py
[2026-06-09T14:01:58.886+0000] {logging_mixin.py:190} INFO - [2026-06-09T14:01:58.886+0000] {dag.py:3239} INFO - Sync 1 DAGs
[2026-06-09T14:01:58.897+0000] {logging_mixin.py:190} INFO - [2026-06-09T14:01:58.896+0000] {dag.py:4180} INFO - Setting next_dagrun for 1c_orders_etl to 2026-06-09 08:00:00+00:00, run_after=2026-06-10 08:00:00+00:00
[2026-06-09T14:01:58.904+0000] {processor.py:208} INFO - Processing /opt/airflow/dags/01-1c-excel-pipeline/dags/orders_etl.py took 0.240 seconds
[2026-06-09T14:02:29.160+0000] {processor.py:186} INFO - Started process (PID=609) to work on /opt/airflow/dags/01-1c-excel-pipeline/dags/orders_etl.py
[2026-06-09T14:02:29.160+0000] {processor.py:914} INFO - Processing file /opt/airflow/dags/01-1c-excel-pipeline/dags/orders_etl.py for tasks to queue
[2026-06-09T14:02:29.163+0000] {logging_mixin.py:190} INFO - [2026-06-09T14:02:29.162+0000] {dagbag.py:588} INFO - Filling up the DagBag from /opt/airflow/dags/01-1c-excel-pipeline/dags/orders_etl.py
[2026-06-09T14:02:29.332+0000] {processor.py:925} INFO - DAG(s) '1c_orders_etl' retrieved from /opt/airflow/dags/01-1c-excel-pipeline/dags/orders_etl.py
[2026-06-09T14:02:29.346+0000] {logging_mixin.py:190} INFO - [2026-06-09T14:02:29.345+0000] {dag.py:3239} INFO - Sync 1 DAGs
[2026-06-09T14:02:29.358+0000] {logging_mixin.py:190} INFO - [2026-06-09T14:02:29.358+0000] {dag.py:4180} INFO - Setting next_dagrun for 1c_orders_etl to 2026-06-09 08:00:00+00:00, run_after=2026-06-10 08:00:00+00:00
[2026-06-09T14:02:29.366+0000] {processor.py:208} INFO - Processing /opt/airflow/dags/01-1c-excel-pipeline/dags/orders_etl.py took 0.213 seconds
[2026-06-09T14:02:59.710+0000] {processor.py:186} INFO - Started process (PID=613) to work on /opt/airflow/dags/01-1c-excel-pipeline/dags/orders_etl.py
[2026-06-09T14:02:59.711+0000] {processor.py:914} INFO - Processing file /opt/airflow/dags/01-1c-excel-pipeline/dags/orders_etl.py for tasks to queue
[2026-06-09T14:02:59.713+0000] {logging_mixin.py:190} INFO - [2026-06-09T14:02:59.713+0000] {dagbag.py:588} INFO - Filling up the DagBag from /opt/airflow/dags/01-1c-excel-pipeline/dags/orders_etl.py
[2026-06-09T14:02:59.867+0000] {processor.py:925} INFO - DAG(s) '1c_orders_etl' retrieved from /opt/airflow/dags/01-1c-excel-pipeline/dags/orders_etl.py
[2026-06-09T14:02:59.879+0000] {logging_mixin.py:190} INFO - [2026-06-09T14:02:59.879+0000] {dag.py:3239} INFO - Sync 1 DAGs
[2026-06-09T14:02:59.890+0000] {logging_mixin.py:190} INFO - [2026-06-09T14:02:59.889+0000] {dag.py:4180} INFO - Setting next_dagrun for 1c_orders_etl to 2026-06-09 08:00:00+00:00, run_after=2026-06-10 08:00:00+00:00
[2026-06-09T14:02:59.897+0000] {processor.py:208} INFO - Processing /opt/airflow/dags/01-1c-excel-pipeline/dags/orders_etl.py took 0.194 seconds
[2026-06-09T14:03:30.323+0000] {processor.py:186} INFO - Started process (PID=617) to work on /opt/airflow/dags/01-1c-excel-pipeline/dags/orders_etl.py
[2026-06-09T14:03:30.326+0000] {processor.py:914} INFO - Processing file /opt/airflow/dags/01-1c-excel-pipeline/dags/orders_etl.py for tasks to queue
[2026-06-09T14:03:30.329+0000] {logging_mixin.py:190} INFO - [2026-06-09T14:03:30.329+0000] {dagbag.py:588} INFO - Filling up the DagBag from /opt/airflow/dags/01-1c-excel-pipeline/dags/orders_etl.py
[2026-06-09T14:03:30.489+0000] {processor.py:925} INFO - DAG(s) '1c_orders_etl' retrieved from /opt/airflow/dags/01-1c-excel-pipeline/dags/orders_etl.py
[2026-06-09T14:03:30.501+0000] {logging_mixin.py:190} INFO - [2026-06-09T14:03:30.500+0000] {dag.py:3239} INFO - Sync 1 DAGs
[2026-06-09T14:03:30.511+0000] {logging_mixin.py:190} INFO - [2026-06-09T14:03:30.511+0000] {dag.py:4180} INFO - Setting next_dagrun for 1c_orders_etl to 2026-06-09 08:00:00+00:00, run_after=2026-06-10 08:00:00+00:00
[2026-06-09T14:03:30.519+0000] {processor.py:208} INFO - Processing /opt/airflow/dags/01-1c-excel-pipeline/dags/orders_etl.py took 0.203 seconds
[2026-06-09T14:04:00.821+0000] {processor.py:186} INFO - Started process (PID=621) to work on /opt/airflow/dags/01-1c-excel-pipeline/dags/orders_etl.py
[2026-06-09T14:04:00.822+0000] {processor.py:914} INFO - Processing file /opt/airflow/dags/01-1c-excel-pipeline/dags/orders_etl.py for tasks to queue
[2026-06-09T14:04:00.824+0000] {logging_mixin.py:190} INFO - [2026-06-09T14:04:00.824+0000] {dagbag.py:588} INFO - Filling up the DagBag from /opt/airflow/dags/01-1c-excel-pipeline/dags/orders_etl.py
[2026-06-09T14:04:01.007+0000] {processor.py:925} INFO - DAG(s) '1c_orders_etl' retrieved from /opt/airflow/dags/01-1c-excel-pipeline/dags/orders_etl.py
[2026-06-09T14:04:01.020+0000] {logging_mixin.py:190} INFO - [2026-06-09T14:04:01.020+0000] {dag.py:3239} INFO - Sync 1 DAGs
[2026-06-09T14:04:01.030+0000] {logging_mixin.py:190} INFO - [2026-06-09T14:04:01.030+0000] {dag.py:4180} INFO - Setting next_dagrun for 1c_orders_etl to 2026-06-09 08:00:00+00:00, run_after=2026-06-10 08:00:00+00:00
[2026-06-09T14:04:01.038+0000] {processor.py:208} INFO - Processing /opt/airflow/dags/01-1c-excel-pipeline/dags/orders_etl.py took 0.222 seconds
[2026-06-09T14:04:31.349+0000] {processor.py:186} INFO - Started process (PID=625) to work on /opt/airflow/dags/01-1c-excel-pipeline/dags/orders_etl.py
[2026-06-09T14:04:31.350+0000] {processor.py:914} INFO - Processing file /opt/airflow/dags/01-1c-excel-pipeline/dags/orders_etl.py for tasks to queue
[2026-06-09T14:04:31.353+0000] {logging_mixin.py:190} INFO - [2026-06-09T14:04:31.352+0000] {dagbag.py:588} INFO - Filling up the DagBag from /opt/airflow/dags/01-1c-excel-pipeline/dags/orders_etl.py
[2026-06-09T14:04:31.530+0000] {processor.py:925} INFO - DAG(s) '1c_orders_etl' retrieved from /opt/airflow/dags/01-1c-excel-pipeline/dags/orders_etl.py
[2026-06-09T14:04:31.543+0000] {logging_mixin.py:190} INFO - [2026-06-09T14:04:31.543+0000] {dag.py:3239} INFO - Sync 1 DAGs
[2026-06-09T14:04:31.556+0000] {logging_mixin.py:190} INFO - [2026-06-09T14:04:31.556+0000] {dag.py:4180} INFO - Setting next_dagrun for 1c_orders_etl to 2026-06-09 08:00:00+00:00, run_after=2026-06-10 08:00:00+00:00
[2026-06-09T14:04:31.565+0000] {processor.py:208} INFO - Processing /opt/airflow/dags/01-1c-excel-pipeline/dags/orders_etl.py took 0.223 seconds
[2026-06-09T14:05:01.889+0000] {processor.py:186} INFO - Started process (PID=629) to work on /opt/airflow/dags/01-1c-excel-pipeline/dags/orders_etl.py
[2026-06-09T14:05:01.890+0000] {processor.py:914} INFO - Processing file /opt/airflow/dags/01-1c-excel-pipeline/dags/orders_etl.py for tasks to queue
[2026-06-09T14:05:01.892+0000] {logging_mixin.py:190} INFO - [2026-06-09T14:05:01.892+0000] {dagbag.py:588} INFO - Filling up the DagBag from /opt/airflow/dags/01-1c-excel-pipeline/dags/orders_etl.py
[2026-06-09T14:05:02.098+0000] {processor.py:925} INFO - DAG(s) '1c_orders_etl' retrieved from /opt/airflow/dags/01-1c-excel-pipeline/dags/orders_etl.py
[2026-06-09T14:05:02.114+0000] {logging_mixin.py:190} INFO - [2026-06-09T14:05:02.114+0000] {dag.py:3239} INFO - Sync 1 DAGs
[2026-06-09T14:05:02.127+0000] {logging_mixin.py:190} INFO - [2026-06-09T14:05:02.127+0000] {dag.py:4180} INFO - Setting next_dagrun for 1c_orders_etl to 2026-06-09 08:00:00+00:00, run_after=2026-06-10 08:00:00+00:00
[2026-06-09T14:05:02.135+0000] {processor.py:208} INFO - Processing /opt/airflow/dags/01-1c-excel-pipeline/dags/orders_etl.py took 0.253 seconds
[2026-06-09T14:05:32.427+0000] {processor.py:186} INFO - Started process (PID=633) to work on /opt/airflow/dags/01-1c-excel-pipeline/dags/orders_etl.py
[2026-06-09T14:05:32.429+0000] {processor.py:914} INFO - Processing file /opt/airflow/dags/01-1c-excel-pipeline/dags/orders_etl.py for tasks to queue
[2026-06-09T14:05:32.431+0000] {logging_mixin.py:190} INFO - [2026-06-09T14:05:32.431+0000] {dagbag.py:588} INFO - Filling up the DagBag from /opt/airflow/dags/01-1c-excel-pipeline/dags/orders_etl.py
[2026-06-09T14:05:32.603+0000] {processor.py:925} INFO - DAG(s) '1c_orders_etl' retrieved from /opt/airflow/dags/01-1c-excel-pipeline/dags/orders_etl.py
[2026-06-09T14:05:32.617+0000] {logging_mixin.py:190} INFO - [2026-06-09T14:05:32.617+0000] {dag.py:3239} INFO - Sync 1 DAGs
[2026-06-09T14:05:32.628+0000] {logging_mixin.py:190} INFO - [2026-06-09T14:05:32.628+0000] {dag.py:4180} INFO - Setting next_dagrun for 1c_orders_etl to 2026-06-09 08:00:00+00:00, run_after=2026-06-10 08:00:00+00:00
[2026-06-09T14:05:32.636+0000] {processor.py:208} INFO - Processing /opt/airflow/dags/01-1c-excel-pipeline/dags/orders_etl.py took 0.218 seconds
[2026-06-09T14:06:03.087+0000] {processor.py:186} INFO - Started process (PID=637) to work on /opt/airflow/dags/01-1c-excel-pipeline/dags/orders_etl.py
[2026-06-09T14:06:03.088+0000] {processor.py:914} INFO - Processing file /opt/airflow/dags/01-1c-excel-pipeline/dags/orders_etl.py for tasks to queue
[2026-06-09T14:06:03.089+0000] {logging_mixin.py:190} INFO - [2026-06-09T14:06:03.089+0000] {dagbag.py:588} INFO - Filling up the DagBag from /opt/airflow/dags/01-1c-excel-pipeline/dags/orders_etl.py
[2026-06-09T14:06:03.287+0000] {processor.py:925} INFO - DAG(s) '1c_orders_etl' retrieved from /opt/airflow/dags/01-1c-excel-pipeline/dags/orders_etl.py
[2026-06-09T14:06:03.300+0000] {logging_mixin.py:190} INFO - [2026-06-09T14:06:03.300+0000] {dag.py:3239} INFO - Sync 1 DAGs
[2026-06-09T14:06:03.312+0000] {logging_mixin.py:190} INFO - [2026-06-09T14:06:03.312+0000] {dag.py:4180} INFO - Setting next_dagrun for 1c_orders_etl to 2026-06-09 08:00:00+00:00, run_after=2026-06-10 08:00:00+00:00
[2026-06-09T14:06:03.321+0000] {processor.py:208} INFO - Processing /opt/airflow/dags/01-1c-excel-pipeline/dags/orders_etl.py took 0.240 seconds
[2026-06-09T14:06:33.496+0000] {processor.py:186} INFO - Started process (PID=641) to work on /opt/airflow/dags/01-1c-excel-pipeline/dags/orders_etl.py
[2026-06-09T14:06:33.497+0000] {processor.py:914} INFO - Processing file /opt/airflow/dags/01-1c-excel-pipeline/dags/orders_etl.py for tasks to queue
[2026-06-09T14:06:33.500+0000] {logging_mixin.py:190} INFO - [2026-06-09T14:06:33.500+0000] {dagbag.py:588} INFO - Filling up the DagBag from /opt/airflow/dags/01-1c-excel-pipeline/dags/orders_etl.py
[2026-06-09T14:06:33.666+0000] {processor.py:925} INFO - DAG(s) '1c_orders_etl' retrieved from /opt/airflow/dags/01-1c-excel-pipeline/dags/orders_etl.py
[2026-06-09T14:06:33.679+0000] {logging_mixin.py:190} INFO - [2026-06-09T14:06:33.679+0000] {dag.py:3239} INFO - Sync 1 DAGs
[2026-06-09T14:06:33.692+0000] {logging_mixin.py:190} INFO - [2026-06-09T14:06:33.691+0000] {dag.py:4180} INFO - Setting next_dagrun for 1c_orders_etl to 2026-06-09 08:00:00+00:00, run_after=2026-06-10 08:00:00+00:00
[2026-06-09T14:06:33.700+0000] {processor.py:208} INFO - Processing /opt/airflow/dags/01-1c-excel-pipeline/dags/orders_etl.py took 0.210 seconds
[2026-06-09T14:07:03.932+0000] {processor.py:186} INFO - Started process (PID=645) to work on /opt/airflow/dags/01-1c-excel-pipeline/dags/orders_etl.py
[2026-06-09T14:07:03.933+0000] {processor.py:914} INFO - Processing file /opt/airflow/dags/01-1c-excel-pipeline/dags/orders_etl.py for tasks to queue
[2026-06-09T14:07:03.935+0000] {logging_mixin.py:190} INFO - [2026-06-09T14:07:03.935+0000] {dagbag.py:588} INFO - Filling up the DagBag from /opt/airflow/dags/01-1c-excel-pipeline/dags/orders_etl.py
[2026-06-09T14:07:04.102+0000] {processor.py:925} INFO - DAG(s) '1c_orders_etl' retrieved from /opt/airflow/dags/01-1c-excel-pipeline/dags/orders_etl.py
[2026-06-09T14:07:04.116+0000] {logging_mixin.py:190} INFO - [2026-06-09T14:07:04.116+0000] {dag.py:3239} INFO - Sync 1 DAGs
[2026-06-09T14:07:04.128+0000] {logging_mixin.py:190} INFO - [2026-06-09T14:07:04.127+0000] {dag.py:4180} INFO - Setting next_dagrun for 1c_orders_etl to 2026-06-09 08:00:00+00:00, run_after=2026-06-10 08:00:00+00:00
[2026-06-09T14:07:04.135+0000] {processor.py:208} INFO - Processing /opt/airflow/dags/01-1c-excel-pipeline/dags/orders_etl.py took 0.211 seconds
[2026-06-09T14:07:34.478+0000] {processor.py:186} INFO - Started process (PID=649) to work on /opt/airflow/dags/01-1c-excel-pipeline/dags/orders_etl.py
[2026-06-09T14:07:34.479+0000] {processor.py:914} INFO - Processing file /opt/airflow/dags/01-1c-excel-pipeline/dags/orders_etl.py for tasks to queue
[2026-06-09T14:07:34.482+0000] {logging_mixin.py:190} INFO - [2026-06-09T14:07:34.481+0000] {dagbag.py:588} INFO - Filling up the DagBag from /opt/airflow/dags/01-1c-excel-pipeline/dags/orders_etl.py
[2026-06-09T14:07:34.644+0000] {processor.py:925} INFO - DAG(s) '1c_orders_etl' retrieved from /opt/airflow/dags/01-1c-excel-pipeline/dags/orders_etl.py
[2026-06-09T14:07:34.656+0000] {logging_mixin.py:190} INFO - [2026-06-09T14:07:34.655+0000] {dag.py:3239} INFO - Sync 1 DAGs
[2026-06-09T14:07:34.666+0000] {logging_mixin.py:190} INFO - [2026-06-09T14:07:34.665+0000] {dag.py:4180} INFO - Setting next_dagrun for 1c_orders_etl to 2026-06-09 08:00:00+00:00, run_after=2026-06-10 08:00:00+00:00
[2026-06-09T14:07:34.673+0000] {processor.py:208} INFO - Processing /opt/airflow/dags/01-1c-excel-pipeline/dags/orders_etl.py took 0.201 seconds
[2026-06-09T14:08:05.029+0000] {processor.py:186} INFO - Started process (PID=653) to work on /opt/airflow/dags/01-1c-excel-pipeline/dags/orders_etl.py
[2026-06-09T14:08:05.030+0000] {processor.py:914} INFO - Processing file /opt/airflow/dags/01-1c-excel-pipeline/dags/orders_etl.py for tasks to queue
[2026-06-09T14:08:05.033+0000] {logging_mixin.py:190} INFO - [2026-06-09T14:08:05.033+0000] {dagbag.py:588} INFO - Filling up the DagBag from /opt/airflow/dags/01-1c-excel-pipeline/dags/orders_etl.py
[2026-06-09T14:08:05.196+0000] {processor.py:925} INFO - DAG(s) '1c_orders_etl' retrieved from /opt/airflow/dags/01-1c-excel-pipeline/dags/orders_etl.py
[2026-06-09T14:08:05.208+0000] {logging_mixin.py:190} INFO - [2026-06-09T14:08:05.208+0000] {dag.py:3239} INFO - Sync 1 DAGs
[2026-06-09T14:08:05.219+0000] {logging_mixin.py:190} INFO - [2026-06-09T14:08:05.219+0000] {dag.py:4180} INFO - Setting next_dagrun for 1c_orders_etl to 2026-06-09 08:00:00+00:00, run_after=2026-06-10 08:00:00+00:00
[2026-06-09T14:08:05.226+0000] {processor.py:208} INFO - Processing /opt/airflow/dags/01-1c-excel-pipeline/dags/orders_etl.py took 0.204 seconds
[2026-06-09T14:08:35.548+0000] {processor.py:186} INFO - Started process (PID=657) to work on /opt/airflow/dags/01-1c-excel-pipeline/dags/orders_etl.py
[2026-06-09T14:08:35.549+0000] {processor.py:914} INFO - Processing file /opt/airflow/dags/01-1c-excel-pipeline/dags/orders_etl.py for tasks to queue
[2026-06-09T14:08:35.552+0000] {logging_mixin.py:190} INFO - [2026-06-09T14:08:35.552+0000] {dagbag.py:588} INFO - Filling up the DagBag from /opt/airflow/dags/01-1c-excel-pipeline/dags/orders_etl.py
[2026-06-09T14:08:35.708+0000] {processor.py:925} INFO - DAG(s) '1c_orders_etl' retrieved from /opt/airflow/dags/01-1c-excel-pipeline/dags/orders_etl.py
[2026-06-09T14:08:35.720+0000] {logging_mixin.py:190} INFO - [2026-06-09T14:08:35.720+0000] {dag.py:3239} INFO - Sync 1 DAGs
[2026-06-09T14:08:35.731+0000] {logging_mixin.py:190} INFO - [2026-06-09T14:08:35.731+0000] {dag.py:4180} INFO - Setting next_dagrun for 1c_orders_etl to 2026-06-09 08:00:00+00:00, run_after=2026-06-10 08:00:00+00:00
[2026-06-09T14:08:35.738+0000] {processor.py:208} INFO - Processing /opt/airflow/dags/01-1c-excel-pipeline/dags/orders_etl.py took 0.197 seconds
[2026-06-09T14:09:06.013+0000] {processor.py:186} INFO - Started process (PID=661) to work on /opt/airflow/dags/01-1c-excel-pipeline/dags/orders_etl.py
[2026-06-09T14:09:06.013+0000] {processor.py:914} INFO - Processing file /opt/airflow/dags/01-1c-excel-pipeline/dags/orders_etl.py for tasks to queue
[2026-06-09T14:09:06.015+0000] {logging_mixin.py:190} INFO - [2026-06-09T14:09:06.015+0000] {dagbag.py:588} INFO - Filling up the DagBag from /opt/airflow/dags/01-1c-excel-pipeline/dags/orders_etl.py
[2026-06-09T14:09:06.179+0000] {processor.py:925} INFO - DAG(s) '1c_orders_etl' retrieved from /opt/airflow/dags/01-1c-excel-pipeline/dags/orders_etl.py
[2026-06-09T14:09:06.193+0000] {logging_mixin.py:190} INFO - [2026-06-09T14:09:06.193+0000] {dag.py:3239} INFO - Sync 1 DAGs
[2026-06-09T14:09:06.206+0000] {logging_mixin.py:190} INFO - [2026-06-09T14:09:06.205+0000] {dag.py:4180} INFO - Setting next_dagrun for 1c_orders_etl to 2026-06-09 08:00:00+00:00, run_after=2026-06-10 08:00:00+00:00
[2026-06-09T14:09:06.214+0000] {processor.py:208} INFO - Processing /opt/airflow/dags/01-1c-excel-pipeline/dags/orders_etl.py took 0.206 seconds
[2026-06-09T14:09:36.563+0000] {processor.py:186} INFO - Started process (PID=665) to work on /opt/airflow/dags/01-1c-excel-pipeline/dags/orders_etl.py
[2026-06-09T14:09:36.564+0000] {processor.py:914} INFO - Processing file /opt/airflow/dags/01-1c-excel-pipeline/dags/orders_etl.py for tasks to queue
[2026-06-09T14:09:36.566+0000] {logging_mixin.py:190} INFO - [2026-06-09T14:09:36.566+0000] {dagbag.py:588} INFO - Filling up the DagBag from /opt/airflow/dags/01-1c-excel-pipeline/dags/orders_etl.py
[2026-06-09T14:09:36.752+0000] {processor.py:925} INFO - DAG(s) '1c_orders_etl' retrieved from /opt/airflow/dags/01-1c-excel-pipeline/dags/orders_etl.py
[2026-06-09T14:09:36.765+0000] {logging_mixin.py:190} INFO - [2026-06-09T14:09:36.765+0000] {dag.py:3239} INFO - Sync 1 DAGs
[2026-06-09T14:09:36.777+0000] {logging_mixin.py:190} INFO - [2026-06-09T14:09:36.776+0000] {dag.py:4180} INFO - Setting next_dagrun for 1c_orders_etl to 2026-06-09 08:00:00+00:00, run_after=2026-06-10 08:00:00+00:00
[2026-06-09T14:09:36.784+0000] {processor.py:208} INFO - Processing /opt/airflow/dags/01-1c-excel-pipeline/dags/orders_etl.py took 0.229 seconds
[2026-06-09T14:10:07.070+0000] {processor.py:186} INFO - Started process (PID=669) to work on /opt/airflow/dags/01-1c-excel-pipeline/dags/orders_etl.py
[2026-06-09T14:10:07.070+0000] {processor.py:914} INFO - Processing file /opt/airflow/dags/01-1c-excel-pipeline/dags/orders_etl.py for tasks to queue
[2026-06-09T14:10:07.072+0000] {logging_mixin.py:190} INFO - [2026-06-09T14:10:07.072+0000] {dagbag.py:588} INFO - Filling up the DagBag from /opt/airflow/dags/01-1c-excel-pipeline/dags/orders_etl.py
[2026-06-09T14:10:07.241+0000] {processor.py:925} INFO - DAG(s) '1c_orders_etl' retrieved from /opt/airflow/dags/01-1c-excel-pipeline/dags/orders_etl.py
[2026-06-09T14:10:07.255+0000] {logging_mixin.py:190} INFO - [2026-06-09T14:10:07.254+0000] {dag.py:3239} INFO - Sync 1 DAGs
[2026-06-09T14:10:07.266+0000] {logging_mixin.py:190} INFO - [2026-06-09T14:10:07.266+0000] {dag.py:4180} INFO - Setting next_dagrun for 1c_orders_etl to 2026-06-09 08:00:00+00:00, run_after=2026-06-10 08:00:00+00:00
[2026-06-09T14:10:07.274+0000] {processor.py:208} INFO - Processing /opt/airflow/dags/01-1c-excel-pipeline/dags/orders_etl.py took 0.211 seconds
[2026-06-09T14:10:37.637+0000] {processor.py:186} INFO - Started process (PID=673) to work on /opt/airflow/dags/01-1c-excel-pipeline/dags/orders_etl.py
[2026-06-09T14:10:37.638+0000] {processor.py:914} INFO - Processing file /opt/airflow/dags/01-1c-excel-pipeline/dags/orders_etl.py for tasks to queue
[2026-06-09T14:10:37.640+0000] {logging_mixin.py:190} INFO - [2026-06-09T14:10:37.640+0000] {dagbag.py:588} INFO - Filling up the DagBag from /opt/airflow/dags/01-1c-excel-pipeline/dags/orders_etl.py
[2026-06-09T14:10:37.839+0000] {processor.py:925} INFO - DAG(s) '1c_orders_etl' retrieved from /opt/airflow/dags/01-1c-excel-pipeline/dags/orders_etl.py
[2026-06-09T14:10:37.852+0000] {logging_mixin.py:190} INFO - [2026-06-09T14:10:37.852+0000] {dag.py:3239} INFO - Sync 1 DAGs
[2026-06-09T14:10:37.865+0000] {logging_mixin.py:190} INFO - [2026-06-09T14:10:37.865+0000] {dag.py:4180} INFO - Setting next_dagrun for 1c_orders_etl to 2026-06-09 08:00:00+00:00, run_after=2026-06-10 08:00:00+00:00
[2026-06-09T14:10:37.873+0000] {processor.py:208} INFO - Processing /opt/airflow/dags/01-1c-excel-pipeline/dags/orders_etl.py took 0.243 seconds
[2026-06-09T14:11:08.274+0000] {processor.py:186} INFO - Started process (PID=677) to work on /opt/airflow/dags/01-1c-excel-pipeline/dags/orders_etl.py
[2026-06-09T14:11:08.276+0000] {processor.py:914} INFO - Processing file /opt/airflow/dags/01-1c-excel-pipeline/dags/orders_etl.py for tasks to queue
[2026-06-09T14:11:08.279+0000] {logging_mixin.py:190} INFO - [2026-06-09T14:11:08.278+0000] {dagbag.py:588} INFO - Filling up the DagBag from /opt/airflow/dags/01-1c-excel-pipeline/dags/orders_etl.py
[2026-06-09T14:11:08.499+0000] {processor.py:925} INFO - DAG(s) '1c_orders_etl' retrieved from /opt/airflow/dags/01-1c-excel-pipeline/dags/orders_etl.py
[2026-06-09T14:11:08.512+0000] {logging_mixin.py:190} INFO - [2026-06-09T14:11:08.512+0000] {dag.py:3239} INFO - Sync 1 DAGs
[2026-06-09T14:11:08.525+0000] {logging_mixin.py:190} INFO - [2026-06-09T14:11:08.525+0000] {dag.py:4180} INFO - Setting next_dagrun for 1c_orders_etl to 2026-06-09 08:00:00+00:00, run_after=2026-06-10 08:00:00+00:00
[2026-06-09T14:11:08.533+0000] {processor.py:208} INFO - Processing /opt/airflow/dags/01-1c-excel-pipeline/dags/orders_etl.py took 0.268 seconds
[2026-06-09T14:11:38.863+0000] {processor.py:186} INFO - Started process (PID=681) to work on /opt/airflow/dags/01-1c-excel-pipeline/dags/orders_etl.py
[2026-06-09T14:11:38.864+0000] {processor.py:914} INFO - Processing file /opt/airflow/dags/01-1c-excel-pipeline/dags/orders_etl.py for tasks to queue
[2026-06-09T14:11:38.866+0000] {logging_mixin.py:190} INFO - [2026-06-09T14:11:38.866+0000] {dagbag.py:588} INFO - Filling up the DagBag from /opt/airflow/dags/01-1c-excel-pipeline/dags/orders_etl.py
[2026-06-09T14:11:39.037+0000] {processor.py:925} INFO - DAG(s) '1c_orders_etl' retrieved from /opt/airflow/dags/01-1c-excel-pipeline/dags/orders_etl.py
[2026-06-09T14:11:39.051+0000] {logging_mixin.py:190} INFO - [2026-06-09T14:11:39.051+0000] {dag.py:3239} INFO - Sync 1 DAGs
[2026-06-09T14:11:39.063+0000] {logging_mixin.py:190} INFO - [2026-06-09T14:11:39.063+0000] {dag.py:4180} INFO - Setting next_dagrun for 1c_orders_etl to 2026-06-09 08:00:00+00:00, run_after=2026-06-10 08:00:00+00:00
[2026-06-09T14:11:39.071+0000] {processor.py:208} INFO - Processing /opt/airflow/dags/01-1c-excel-pipeline/dags/orders_etl.py took 0.215 seconds
[2026-06-09T14:12:09.471+0000] {processor.py:186} INFO - Started process (PID=685) to work on /opt/airflow/dags/01-1c-excel-pipeline/dags/orders_etl.py
[2026-06-09T14:12:09.472+0000] {processor.py:914} INFO - Processing file /opt/airflow/dags/01-1c-excel-pipeline/dags/orders_etl.py for tasks to queue
[2026-06-09T14:12:09.475+0000] {logging_mixin.py:190} INFO - [2026-06-09T14:12:09.475+0000] {dagbag.py:588} INFO - Filling up the DagBag from /opt/airflow/dags/01-1c-excel-pipeline/dags/orders_etl.py
[2026-06-09T14:12:09.663+0000] {processor.py:925} INFO - DAG(s) '1c_orders_etl' retrieved from /opt/airflow/dags/01-1c-excel-pipeline/dags/orders_etl.py
[2026-06-09T14:12:09.676+0000] {logging_mixin.py:190} INFO - [2026-06-09T14:12:09.676+0000] {dag.py:3239} INFO - Sync 1 DAGs
[2026-06-09T14:12:09.687+0000] {logging_mixin.py:190} INFO - [2026-06-09T14:12:09.686+0000] {dag.py:4180} INFO - Setting next_dagrun for 1c_orders_etl to 2026-06-09 08:00:00+00:00, run_after=2026-06-10 08:00:00+00:00
[2026-06-09T14:12:09.695+0000] {processor.py:208} INFO - Processing /opt/airflow/dags/01-1c-excel-pipeline/dags/orders_etl.py took 0.230 seconds
[2026-06-09T14:12:39.954+0000] {processor.py:186} INFO - Started process (PID=689) to work on /opt/airflow/dags/01-1c-excel-pipeline/dags/orders_etl.py
[2026-06-09T14:12:39.955+0000] {processor.py:914} INFO - Processing file /opt/airflow/dags/01-1c-excel-pipeline/dags/orders_etl.py for tasks to queue
[2026-06-09T14:12:39.958+0000] {logging_mixin.py:190} INFO - [2026-06-09T14:12:39.957+0000] {dagbag.py:588} INFO - Filling up the DagBag from /opt/airflow/dags/01-1c-excel-pipeline/dags/orders_etl.py
[2026-06-09T14:12:40.140+0000] {processor.py:925} INFO - DAG(s) '1c_orders_etl' retrieved from /opt/airflow/dags/01-1c-excel-pipeline/dags/orders_etl.py
[2026-06-09T14:12:40.153+0000] {logging_mixin.py:190} INFO - [2026-06-09T14:12:40.153+0000] {dag.py:3239} INFO - Sync 1 DAGs
[2026-06-09T14:12:40.165+0000] {logging_mixin.py:190} INFO - [2026-06-09T14:12:40.165+0000] {dag.py:4180} INFO - Setting next_dagrun for 1c_orders_etl to 2026-06-09 08:00:00+00:00, run_after=2026-06-10 08:00:00+00:00
[2026-06-09T14:12:40.173+0000] {processor.py:208} INFO - Processing /opt/airflow/dags/01-1c-excel-pipeline/dags/orders_etl.py took 0.225 seconds
[2026-06-09T14:13:10.455+0000] {processor.py:186} INFO - Started process (PID=693) to work on /opt/airflow/dags/01-1c-excel-pipeline/dags/orders_etl.py
[2026-06-09T14:13:10.456+0000] {processor.py:914} INFO - Processing file /opt/airflow/dags/01-1c-excel-pipeline/dags/orders_etl.py for tasks to queue
[2026-06-09T14:13:10.459+0000] {logging_mixin.py:190} INFO - [2026-06-09T14:13:10.458+0000] {dagbag.py:588} INFO - Filling up the DagBag from /opt/airflow/dags/01-1c-excel-pipeline/dags/orders_etl.py
[2026-06-09T14:13:10.621+0000] {processor.py:925} INFO - DAG(s) '1c_orders_etl' retrieved from /opt/airflow/dags/01-1c-excel-pipeline/dags/orders_etl.py
[2026-06-09T14:13:10.633+0000] {logging_mixin.py:190} INFO - [2026-06-09T14:13:10.633+0000] {dag.py:3239} INFO - Sync 1 DAGs
[2026-06-09T14:13:10.644+0000] {logging_mixin.py:190} INFO - [2026-06-09T14:13:10.644+0000] {dag.py:4180} INFO - Setting next_dagrun for 1c_orders_etl to 2026-06-09 08:00:00+00:00, run_after=2026-06-10 08:00:00+00:00
[2026-06-09T14:13:10.651+0000] {processor.py:208} INFO - Processing /opt/airflow/dags/01-1c-excel-pipeline/dags/orders_etl.py took 0.204 seconds
[2026-06-09T14:13:40.980+0000] {processor.py:186} INFO - Started process (PID=697) to work on /opt/airflow/dags/01-1c-excel-pipeline/dags/orders_etl.py
[2026-06-09T14:13:40.981+0000] {processor.py:914} INFO - Processing file /opt/airflow/dags/01-1c-excel-pipeline/dags/orders_etl.py for tasks to queue
[2026-06-09T14:13:40.984+0000] {logging_mixin.py:190} INFO - [2026-06-09T14:13:40.984+0000] {dagbag.py:588} INFO - Filling up the DagBag from /opt/airflow/dags/01-1c-excel-pipeline/dags/orders_etl.py
[2026-06-09T14:13:41.150+0000] {processor.py:925} INFO - DAG(s) '1c_orders_etl' retrieved from /opt/airflow/dags/01-1c-excel-pipeline/dags/orders_etl.py
[2026-06-09T14:13:41.164+0000] {logging_mixin.py:190} INFO - [2026-06-09T14:13:41.164+0000] {dag.py:3239} INFO - Sync 1 DAGs
[2026-06-09T14:13:41.175+0000] {logging_mixin.py:190} INFO - [2026-06-09T14:13:41.175+0000] {dag.py:4180} INFO - Setting next_dagrun for 1c_orders_etl to 2026-06-09 08:00:00+00:00, run_after=2026-06-10 08:00:00+00:00
[2026-06-09T14:13:41.184+0000] {processor.py:208} INFO - Processing /opt/airflow/dags/01-1c-excel-pipeline/dags/orders_etl.py took 0.212 seconds
[2026-06-09T14:14:11.566+0000] {processor.py:186} INFO - Started process (PID=701) to work on /opt/airflow/dags/01-1c-excel-pipeline/dags/orders_etl.py
[2026-06-09T14:14:11.567+0000] {processor.py:914} INFO - Processing file /opt/airflow/dags/01-1c-excel-pipeline/dags/orders_etl.py for tasks to queue
[2026-06-09T14:14:11.570+0000] {logging_mixin.py:190} INFO - [2026-06-09T14:14:11.570+0000] {dagbag.py:588} INFO - Filling up the DagBag from /opt/airflow/dags/01-1c-excel-pipeline/dags/orders_etl.py
[2026-06-09T14:14:11.744+0000] {processor.py:925} INFO - DAG(s) '1c_orders_etl' retrieved from /opt/airflow/dags/01-1c-excel-pipeline/dags/orders_etl.py
[2026-06-09T14:14:11.757+0000] {logging_mixin.py:190} INFO - [2026-06-09T14:14:11.757+0000] {dag.py:3239} INFO - Sync 1 DAGs
[2026-06-09T14:14:11.769+0000] {logging_mixin.py:190} INFO - [2026-06-09T14:14:11.769+0000] {dag.py:4180} INFO - Setting next_dagrun for 1c_orders_etl to 2026-06-09 08:00:00+00:00, run_after=2026-06-10 08:00:00+00:00
[2026-06-09T14:14:11.778+0000] {processor.py:208} INFO - Processing /opt/airflow/dags/01-1c-excel-pipeline/dags/orders_etl.py took 0.221 seconds
[2026-06-09T14:14:42.161+0000] {processor.py:186} INFO - Started process (PID=705) to work on /opt/airflow/dags/01-1c-excel-pipeline/dags/orders_etl.py
[2026-06-09T14:14:42.162+0000] {processor.py:914} INFO - Processing file /opt/airflow/dags/01-1c-excel-pipeline/dags/orders_etl.py for tasks to queue
[2026-06-09T14:14:42.164+0000] {logging_mixin.py:190} INFO - [2026-06-09T14:14:42.164+0000] {dagbag.py:588} INFO - Filling up the DagBag from /opt/airflow/dags/01-1c-excel-pipeline/dags/orders_etl.py
[2026-06-09T14:14:42.351+0000] {processor.py:925} INFO - DAG(s) '1c_orders_etl' retrieved from /opt/airflow/dags/01-1c-excel-pipeline/dags/orders_etl.py
[2026-06-09T14:14:42.368+0000] {logging_mixin.py:190} INFO - [2026-06-09T14:14:42.368+0000] {dag.py:3239} INFO - Sync 1 DAGs
[2026-06-09T14:14:42.380+0000] {logging_mixin.py:190} INFO - [2026-06-09T14:14:42.380+0000] {dag.py:4180} INFO - Setting next_dagrun for 1c_orders_etl to 2026-06-09 08:00:00+00:00, run_after=2026-06-10 08:00:00+00:00
[2026-06-09T14:14:42.387+0000] {processor.py:208} INFO - Processing /opt/airflow/dags/01-1c-excel-pipeline/dags/orders_etl.py took 0.233 seconds
[2026-06-09T14:15:12.630+0000] {processor.py:186} INFO - Started process (PID=709) to work on /opt/airflow/dags/01-1c-excel-pipeline/dags/orders_etl.py
[2026-06-09T14:15:12.631+0000] {processor.py:914} INFO - Processing file /opt/airflow/dags/01-1c-excel-pipeline/dags/orders_etl.py for tasks to queue
[2026-06-09T14:15:12.633+0000] {logging_mixin.py:190} INFO - [2026-06-09T14:15:12.633+0000] {dagbag.py:588} INFO - Filling up the DagBag from /opt/airflow/dags/01-1c-excel-pipeline/dags/orders_etl.py
[2026-06-09T14:15:12.791+0000] {processor.py:925} INFO - DAG(s) '1c_orders_etl' retrieved from /opt/airflow/dags/01-1c-excel-pipeline/dags/orders_etl.py
[2026-06-09T14:15:12.803+0000] {logging_mixin.py:190} INFO - [2026-06-09T14:15:12.803+0000] {dag.py:3239} INFO - Sync 1 DAGs
[2026-06-09T14:15:12.815+0000] {logging_mixin.py:190} INFO - [2026-06-09T14:15:12.815+0000] {dag.py:4180} INFO - Setting next_dagrun for 1c_orders_etl to 2026-06-09 08:00:00+00:00, run_after=2026-06-10 08:00:00+00:00
[2026-06-09T14:15:12.822+0000] {processor.py:208} INFO - Processing /opt/airflow/dags/01-1c-excel-pipeline/dags/orders_etl.py took 0.199 seconds
[2026-06-09T14:15:43.140+0000] {processor.py:186} INFO - Started process (PID=713) to work on /opt/airflow/dags/01-1c-excel-pipeline/dags/orders_etl.py
[2026-06-09T14:15:43.141+0000] {processor.py:914} INFO - Processing file /opt/airflow/dags/01-1c-excel-pipeline/dags/orders_etl.py for tasks to queue
[2026-06-09T14:15:43.144+0000] {logging_mixin.py:190} INFO - [2026-06-09T14:15:43.143+0000] {dagbag.py:588} INFO - Filling up the DagBag from /opt/airflow/dags/01-1c-excel-pipeline/dags/orders_etl.py
[2026-06-09T14:15:43.356+0000] {processor.py:925} INFO - DAG(s) '1c_orders_etl' retrieved from /opt/airflow/dags/01-1c-excel-pipeline/dags/orders_etl.py
[2026-06-09T14:15:43.370+0000] {logging_mixin.py:190} INFO - [2026-06-09T14:15:43.370+0000] {dag.py:3239} INFO - Sync 1 DAGs
[2026-06-09T14:15:43.382+0000] {logging_mixin.py:190} INFO - [2026-06-09T14:15:43.382+0000] {dag.py:4180} INFO - Setting next_dagrun for 1c_orders_etl to 2026-06-09 08:00:00+00:00, run_after=2026-06-10 08:00:00+00:00
[2026-06-09T14:15:43.390+0000] {processor.py:208} INFO - Processing /opt/airflow/dags/01-1c-excel-pipeline/dags/orders_etl.py took 0.256 seconds
[2026-06-09T14:16:13.672+0000] {processor.py:186} INFO - Started process (PID=717) to work on /opt/airflow/dags/01-1c-excel-pipeline/dags/orders_etl.py
[2026-06-09T14:16:13.673+0000] {processor.py:914} INFO - Processing file /opt/airflow/dags/01-1c-excel-pipeline/dags/orders_etl.py for tasks to queue
[2026-06-09T14:16:13.674+0000] {logging_mixin.py:190} INFO - [2026-06-09T14:16:13.674+0000] {dagbag.py:588} INFO - Filling up the DagBag from /opt/airflow/dags/01-1c-excel-pipeline/dags/orders_etl.py
[2026-06-09T14:16:13.819+0000] {processor.py:925} INFO - DAG(s) '1c_orders_etl' retrieved from /opt/airflow/dags/01-1c-excel-pipeline/dags/orders_etl.py
[2026-06-09T14:16:13.832+0000] {logging_mixin.py:190} INFO - [2026-06-09T14:16:13.832+0000] {dag.py:3239} INFO - Sync 1 DAGs
[2026-06-09T14:16:13.843+0000] {logging_mixin.py:190} INFO - [2026-06-09T14:16:13.843+0000] {dag.py:4180} INFO - Setting next_dagrun for 1c_orders_etl to 2026-06-09 08:00:00+00:00, run_after=2026-06-10 08:00:00+00:00
[2026-06-09T14:16:13.851+0000] {processor.py:208} INFO - Processing /opt/airflow/dags/01-1c-excel-pipeline/dags/orders_etl.py took 0.182 seconds
[2026-06-09T14:16:44.353+0000] {processor.py:186} INFO - Started process (PID=721) to work on /opt/airflow/dags/01-1c-excel-pipeline/dags/orders_etl.py
[2026-06-09T14:16:44.354+0000] {processor.py:914} INFO - Processing file /opt/airflow/dags/01-1c-excel-pipeline/dags/orders_etl.py for tasks to queue
[2026-06-09T14:16:44.356+0000] {logging_mixin.py:190} INFO - [2026-06-09T14:16:44.356+0000] {dagbag.py:588} INFO - Filling up the DagBag from /opt/airflow/dags/01-1c-excel-pipeline/dags/orders_etl.py
[2026-06-09T14:16:44.576+0000] {processor.py:925} INFO - DAG(s) '1c_orders_etl' retrieved from /opt/airflow/dags/01-1c-excel-pipeline/dags/orders_etl.py
[2026-06-09T14:16:44.592+0000] {logging_mixin.py:190} INFO - [2026-06-09T14:16:44.592+0000] {dag.py:3239} INFO - Sync 1 DAGs
[2026-06-09T14:16:44.605+0000] {logging_mixin.py:190} INFO - [2026-06-09T14:16:44.605+0000] {dag.py:4180} INFO - Setting next_dagrun for 1c_orders_etl to 2026-06-09 08:00:00+00:00, run_after=2026-06-10 08:00:00+00:00
[2026-06-09T14:16:44.613+0000] {processor.py:208} INFO - Processing /opt/airflow/dags/01-1c-excel-pipeline/dags/orders_etl.py took 0.267 seconds
[2026-06-09T14:17:14.880+0000] {processor.py:186} INFO - Started process (PID=725) to work on /opt/airflow/dags/01-1c-excel-pipeline/dags/orders_etl.py
[2026-06-09T14:17:14.882+0000] {processor.py:914} INFO - Processing file /opt/airflow/dags/01-1c-excel-pipeline/dags/orders_etl.py for tasks to queue
[2026-06-09T14:17:14.884+0000] {logging_mixin.py:190} INFO - [2026-06-09T14:17:14.884+0000] {dagbag.py:588} INFO - Filling up the DagBag from /opt/airflow/dags/01-1c-excel-pipeline/dags/orders_etl.py
[2026-06-09T14:17:15.057+0000] {processor.py:925} INFO - DAG(s) '1c_orders_etl' retrieved from /opt/airflow/dags/01-1c-excel-pipeline/dags/orders_etl.py
[2026-06-09T14:17:15.072+0000] {logging_mixin.py:190} INFO - [2026-06-09T14:17:15.072+0000] {dag.py:3239} INFO - Sync 1 DAGs
[2026-06-09T14:17:15.085+0000] {logging_mixin.py:190} INFO - [2026-06-09T14:17:15.085+0000] {dag.py:4180} INFO - Setting next_dagrun for 1c_orders_etl to 2026-06-09 08:00:00+00:00, run_after=2026-06-10 08:00:00+00:00
[2026-06-09T14:17:15.093+0000] {processor.py:208} INFO - Processing /opt/airflow/dags/01-1c-excel-pipeline/dags/orders_etl.py took 0.218 seconds
[2026-06-09T14:17:45.424+0000] {processor.py:186} INFO - Started process (PID=729) to work on /opt/airflow/dags/01-1c-excel-pipeline/dags/orders_etl.py
[2026-06-09T14:17:45.425+0000] {processor.py:914} INFO - Processing file /opt/airflow/dags/01-1c-excel-pipeline/dags/orders_etl.py for tasks to queue
[2026-06-09T14:17:45.427+0000] {logging_mixin.py:190} INFO - [2026-06-09T14:17:45.427+0000] {dagbag.py:588} INFO - Filling up the DagBag from /opt/airflow/dags/01-1c-excel-pipeline/dags/orders_etl.py
[2026-06-09T14:17:45.621+0000] {processor.py:925} INFO - DAG(s) '1c_orders_etl' retrieved from /opt/airflow/dags/01-1c-excel-pipeline/dags/orders_etl.py
[2026-06-09T14:17:45.634+0000] {logging_mixin.py:190} INFO - [2026-06-09T14:17:45.634+0000] {dag.py:3239} INFO - Sync 1 DAGs
[2026-06-09T14:17:45.646+0000] {logging_mixin.py:190} INFO - [2026-06-09T14:17:45.646+0000] {dag.py:4180} INFO - Setting next_dagrun for 1c_orders_etl to 2026-06-09 08:00:00+00:00, run_after=2026-06-10 08:00:00+00:00
[2026-06-09T14:17:45.654+0000] {processor.py:208} INFO - Processing /opt/airflow/dags/01-1c-excel-pipeline/dags/orders_etl.py took 0.236 seconds
[2026-06-09T14:18:15.972+0000] {processor.py:186} INFO - Started process (PID=733) to work on /opt/airflow/dags/01-1c-excel-pipeline/dags/orders_etl.py
[2026-06-09T14:18:15.973+0000] {processor.py:914} INFO - Processing file /opt/airflow/dags/01-1c-excel-pipeline/dags/orders_etl.py for tasks to queue
[2026-06-09T14:18:15.975+0000] {logging_mixin.py:190} INFO - [2026-06-09T14:18:15.975+0000] {dagbag.py:588} INFO - Filling up the DagBag from /opt/airflow/dags/01-1c-excel-pipeline/dags/orders_etl.py
[2026-06-09T14:18:16.135+0000] {processor.py:925} INFO - DAG(s) '1c_orders_etl' retrieved from /opt/airflow/dags/01-1c-excel-pipeline/dags/orders_etl.py
[2026-06-09T14:18:16.148+0000] {logging_mixin.py:190} INFO - [2026-06-09T14:18:16.148+0000] {dag.py:3239} INFO - Sync 1 DAGs
[2026-06-09T14:18:16.159+0000] {logging_mixin.py:190} INFO - [2026-06-09T14:18:16.158+0000] {dag.py:4180} INFO - Setting next_dagrun for 1c_orders_etl to 2026-06-09 08:00:00+00:00, run_after=2026-06-10 08:00:00+00:00
[2026-06-09T14:18:16.167+0000] {processor.py:208} INFO - Processing /opt/airflow/dags/01-1c-excel-pipeline/dags/orders_etl.py took 0.202 seconds
[2026-06-09T14:18:46.533+0000] {processor.py:186} INFO - Started process (PID=737) to work on /opt/airflow/dags/01-1c-excel-pipeline/dags/orders_etl.py
[2026-06-09T14:18:46.534+0000] {processor.py:914} INFO - Processing file /opt/airflow/dags/01-1c-excel-pipeline/dags/orders_etl.py for tasks to queue
[2026-06-09T14:18:46.537+0000] {logging_mixin.py:190} INFO - [2026-06-09T14:18:46.536+0000] {dagbag.py:588} INFO - Filling up the DagBag from /opt/airflow/dags/01-1c-excel-pipeline/dags/orders_etl.py
[2026-06-09T14:18:46.703+0000] {processor.py:925} INFO - DAG(s) '1c_orders_etl' retrieved from /opt/airflow/dags/01-1c-excel-pipeline/dags/orders_etl.py
[2026-06-09T14:18:46.715+0000] {logging_mixin.py:190} INFO - [2026-06-09T14:18:46.715+0000] {dag.py:3239} INFO - Sync 1 DAGs
[2026-06-09T14:18:46.728+0000] {logging_mixin.py:190} INFO - [2026-06-09T14:18:46.727+0000] {dag.py:4180} INFO - Setting next_dagrun for 1c_orders_etl to 2026-06-09 08:00:00+00:00, run_after=2026-06-10 08:00:00+00:00
[2026-06-09T14:18:46.736+0000] {processor.py:208} INFO - Processing /opt/airflow/dags/01-1c-excel-pipeline/dags/orders_etl.py took 0.211 seconds
[2026-06-09T14:19:17.045+0000] {processor.py:186} INFO - Started process (PID=741) to work on /opt/airflow/dags/01-1c-excel-pipeline/dags/orders_etl.py
[2026-06-09T14:19:17.046+0000] {processor.py:914} INFO - Processing file /opt/airflow/dags/01-1c-excel-pipeline/dags/orders_etl.py for tasks to queue
[2026-06-09T14:19:17.048+0000] {logging_mixin.py:190} INFO - [2026-06-09T14:19:17.048+0000] {dagbag.py:588} INFO - Filling up the DagBag from /opt/airflow/dags/01-1c-excel-pipeline/dags/orders_etl.py
[2026-06-09T14:19:17.218+0000] {processor.py:925} INFO - DAG(s) '1c_orders_etl' retrieved from /opt/airflow/dags/01-1c-excel-pipeline/dags/orders_etl.py
[2026-06-09T14:19:17.231+0000] {logging_mixin.py:190} INFO - [2026-06-09T14:19:17.230+0000] {dag.py:3239} INFO - Sync 1 DAGs
[2026-06-09T14:19:17.242+0000] {logging_mixin.py:190} INFO - [2026-06-09T14:19:17.242+0000] {dag.py:4180} INFO - Setting next_dagrun for 1c_orders_etl to 2026-06-09 08:00:00+00:00, run_after=2026-06-10 08:00:00+00:00
[2026-06-09T14:19:17.250+0000] {processor.py:208} INFO - Processing /opt/airflow/dags/01-1c-excel-pipeline/dags/orders_etl.py took 0.212 seconds
[2026-06-09T14:19:47.637+0000] {processor.py:186} INFO - Started process (PID=745) to work on /opt/airflow/dags/01-1c-excel-pipeline/dags/orders_etl.py
[2026-06-09T14:19:47.638+0000] {processor.py:914} INFO - Processing file /opt/airflow/dags/01-1c-excel-pipeline/dags/orders_etl.py for tasks to queue
[2026-06-09T14:19:47.640+0000] {logging_mixin.py:190} INFO - [2026-06-09T14:19:47.640+0000] {dagbag.py:588} INFO - Filling up the DagBag from /opt/airflow/dags/01-1c-excel-pipeline/dags/orders_etl.py
[2026-06-09T14:19:47.845+0000] {processor.py:925} INFO - DAG(s) '1c_orders_etl' retrieved from /opt/airflow/dags/01-1c-excel-pipeline/dags/orders_etl.py
[2026-06-09T14:19:47.858+0000] {logging_mixin.py:190} INFO - [2026-06-09T14:19:47.858+0000] {dag.py:3239} INFO - Sync 1 DAGs
[2026-06-09T14:19:47.870+0000] {logging_mixin.py:190} INFO - [2026-06-09T14:19:47.870+0000] {dag.py:4180} INFO - Setting next_dagrun for 1c_orders_etl to 2026-06-09 08:00:00+00:00, run_after=2026-06-10 08:00:00+00:00
[2026-06-09T14:19:47.878+0000] {processor.py:208} INFO - Processing /opt/airflow/dags/01-1c-excel-pipeline/dags/orders_etl.py took 0.248 seconds
[2026-06-09T14:20:18.141+0000] {processor.py:186} INFO - Started process (PID=749) to work on /opt/airflow/dags/01-1c-excel-pipeline/dags/orders_etl.py
[2026-06-09T14:20:18.142+0000] {processor.py:914} INFO - Processing file /opt/airflow/dags/01-1c-excel-pipeline/dags/orders_etl.py for tasks to queue
[2026-06-09T14:20:18.145+0000] {logging_mixin.py:190} INFO - [2026-06-09T14:20:18.144+0000] {dagbag.py:588} INFO - Filling up the DagBag from /opt/airflow/dags/01-1c-excel-pipeline/dags/orders_etl.py
[2026-06-09T14:20:18.302+0000] {processor.py:925} INFO - DAG(s) '1c_orders_etl' retrieved from /opt/airflow/dags/01-1c-excel-pipeline/dags/orders_etl.py
[2026-06-09T14:20:18.315+0000] {logging_mixin.py:190} INFO - [2026-06-09T14:20:18.314+0000] {dag.py:3239} INFO - Sync 1 DAGs
[2026-06-09T14:20:18.326+0000] {logging_mixin.py:190} INFO - [2026-06-09T14:20:18.326+0000] {dag.py:4180} INFO - Setting next_dagrun for 1c_orders_etl to 2026-06-09 08:00:00+00:00, run_after=2026-06-10 08:00:00+00:00
[2026-06-09T14:20:18.334+0000] {processor.py:208} INFO - Processing /opt/airflow/dags/01-1c-excel-pipeline/dags/orders_etl.py took 0.201 seconds
[2026-06-09T14:20:48.604+0000] {processor.py:186} INFO - Started process (PID=753) to work on /opt/airflow/dags/01-1c-excel-pipeline/dags/orders_etl.py
[2026-06-09T14:20:48.605+0000] {processor.py:914} INFO - Processing file /opt/airflow/dags/01-1c-excel-pipeline/dags/orders_etl.py for tasks to queue
[2026-06-09T14:20:48.608+0000] {logging_mixin.py:190} INFO - [2026-06-09T14:20:48.608+0000] {dagbag.py:588} INFO - Filling up the DagBag from /opt/airflow/dags/01-1c-excel-pipeline/dags/orders_etl.py
[2026-06-09T14:20:48.770+0000] {processor.py:925} INFO - DAG(s) '1c_orders_etl' retrieved from /opt/airflow/dags/01-1c-excel-pipeline/dags/orders_etl.py
[2026-06-09T14:20:48.783+0000] {logging_mixin.py:190} INFO - [2026-06-09T14:20:48.783+0000] {dag.py:3239} INFO - Sync 1 DAGs
[2026-06-09T14:20:48.796+0000] {logging_mixin.py:190} INFO - [2026-06-09T14:20:48.795+0000] {dag.py:4180} INFO - Setting next_dagrun for 1c_orders_etl to 2026-06-09 08:00:00+00:00, run_after=2026-06-10 08:00:00+00:00
[2026-06-09T14:20:48.803+0000] {processor.py:208} INFO - Processing /opt/airflow/dags/01-1c-excel-pipeline/dags/orders_etl.py took 0.206 seconds
[2026-06-09T14:21:19.099+0000] {processor.py:186} INFO - Started process (PID=757) to work on /opt/airflow/dags/01-1c-excel-pipeline/dags/orders_etl.py
[2026-06-09T14:21:19.101+0000] {processor.py:914} INFO - Processing file /opt/airflow/dags/01-1c-excel-pipeline/dags/orders_etl.py for tasks to queue
[2026-06-09T14:21:19.103+0000] {logging_mixin.py:190} INFO - [2026-06-09T14:21:19.103+0000] {dagbag.py:588} INFO - Filling up the DagBag from /opt/airflow/dags/01-1c-excel-pipeline/dags/orders_etl.py
[2026-06-09T14:21:19.345+0000] {processor.py:925} INFO - DAG(s) '1c_orders_etl' retrieved from /opt/airflow/dags/01-1c-excel-pipeline/dags/orders_etl.py
[2026-06-09T14:21:19.363+0000] {logging_mixin.py:190} INFO - [2026-06-09T14:21:19.363+0000] {dag.py:3239} INFO - Sync 1 DAGs
[2026-06-09T14:21:19.377+0000] {logging_mixin.py:190} INFO - [2026-06-09T14:21:19.376+0000] {dag.py:4180} INFO - Setting next_dagrun for 1c_orders_etl to 2026-06-09 08:00:00+00:00, run_after=2026-06-10 08:00:00+00:00
[2026-06-09T14:21:19.385+0000] {processor.py:208} INFO - Processing /opt/airflow/dags/01-1c-excel-pipeline/dags/orders_etl.py took 0.294 seconds
[2026-06-09T14:21:49.595+0000] {processor.py:186} INFO - Started process (PID=761) to work on /opt/airflow/dags/01-1c-excel-pipeline/dags/orders_etl.py
[2026-06-09T14:21:49.598+0000] {processor.py:914} INFO - Processing file /opt/airflow/dags/01-1c-excel-pipeline/dags/orders_etl.py for tasks to queue
[2026-06-09T14:21:49.600+0000] {logging_mixin.py:190} INFO - [2026-06-09T14:21:49.599+0000] {dagbag.py:588} INFO - Filling up the DagBag from /opt/airflow/dags/01-1c-excel-pipeline/dags/orders_etl.py
[2026-06-09T14:21:49.805+0000] {processor.py:925} INFO - DAG(s) '1c_orders_etl' retrieved from /opt/airflow/dags/01-1c-excel-pipeline/dags/orders_etl.py
[2026-06-09T14:21:49.821+0000] {logging_mixin.py:190} INFO - [2026-06-09T14:21:49.821+0000] {dag.py:3239} INFO - Sync 1 DAGs
[2026-06-09T14:21:49.833+0000] {logging_mixin.py:190} INFO - [2026-06-09T14:21:49.833+0000] {dag.py:4180} INFO - Setting next_dagrun for 1c_orders_etl to 2026-06-09 08:00:00+00:00, run_after=2026-06-10 08:00:00+00:00
[2026-06-09T14:21:49.841+0000] {processor.py:208} INFO - Processing /opt/airflow/dags/01-1c-excel-pipeline/dags/orders_etl.py took 0.253 seconds
[2026-06-09T14:22:20.112+0000] {processor.py:186} INFO - Started process (PID=765) to work on /opt/airflow/dags/01-1c-excel-pipeline/dags/orders_etl.py
[2026-06-09T14:22:20.114+0000] {processor.py:914} INFO - Processing file /opt/airflow/dags/01-1c-excel-pipeline/dags/orders_etl.py for tasks to queue
[2026-06-09T14:22:20.115+0000] {logging_mixin.py:190} INFO - [2026-06-09T14:22:20.115+0000] {dagbag.py:588} INFO - Filling up the DagBag from /opt/airflow/dags/01-1c-excel-pipeline/dags/orders_etl.py
[2026-06-09T14:22:20.367+0000] {processor.py:925} INFO - DAG(s) '1c_orders_etl' retrieved from /opt/airflow/dags/01-1c-excel-pipeline/dags/orders_etl.py
[2026-06-09T14:22:20.395+0000] {logging_mixin.py:190} INFO - [2026-06-09T14:22:20.394+0000] {dag.py:3239} INFO - Sync 1 DAGs
[2026-06-09T14:22:20.409+0000] {logging_mixin.py:190} INFO - [2026-06-09T14:22:20.409+0000] {dag.py:4180} INFO - Setting next_dagrun for 1c_orders_etl to 2026-06-09 08:00:00+00:00, run_after=2026-06-10 08:00:00+00:00
[2026-06-09T14:22:20.419+0000] {processor.py:208} INFO - Processing /opt/airflow/dags/01-1c-excel-pipeline/dags/orders_etl.py took 0.314 seconds
[2026-06-09T14:22:42.466+0000] {processor.py:186} INFO - Started process (PID=767) to work on /opt/airflow/dags/01-1c-excel-pipeline/dags/orders_etl.py
[2026-06-09T14:22:42.467+0000] {processor.py:914} INFO - Processing file /opt/airflow/dags/01-1c-excel-pipeline/dags/orders_etl.py for tasks to queue
[2026-06-09T14:22:42.470+0000] {logging_mixin.py:190} INFO - [2026-06-09T14:22:42.469+0000] {dagbag.py:588} INFO - Filling up the DagBag from /opt/airflow/dags/01-1c-excel-pipeline/dags/orders_etl.py
[2026-06-09T14:22:42.474+0000] {logging_mixin.py:190} INFO - [2026-06-09T14:22:42.473+0000] {dagbag.py:387} ERROR - Failed to import: /opt/airflow/dags/01-1c-excel-pipeline/dags/orders_etl.py
Traceback (most recent call last):
  File "/home/airflow/.local/lib/python3.12/site-packages/airflow/models/dagbag.py", line 383, in parse
    loader.exec_module(new_module)
  File "<frozen importlib._bootstrap_external>", line 991, in exec_module
  File "<frozen importlib._bootstrap_external>", line 1129, in get_code
  File "<frozen importlib._bootstrap_external>", line 1059, in source_to_code
  File "<frozen importlib._bootstrap>", line 488, in _call_with_frames_removed
  File "/opt/airflow/dags/01-1c-excel-pipeline/dags/orders_etl.py", line 1
    cat > cases/01-1c-excel-pipeline/dags/orders_etl.py << 'EOF'
                ^
SyntaxError: leading zeros in decimal integer literals are not permitted; use an 0o prefix for octal integers
[2026-06-09T14:22:42.475+0000] {processor.py:927} WARNING - No viable dags retrieved from /opt/airflow/dags/01-1c-excel-pipeline/dags/orders_etl.py
[2026-06-09T14:22:42.496+0000] {processor.py:208} INFO - Processing /opt/airflow/dags/01-1c-excel-pipeline/dags/orders_etl.py took 0.037 seconds
[2026-06-09T14:23:05.879+0000] {processor.py:186} INFO - Started process (PID=770) to work on /opt/airflow/dags/01-1c-excel-pipeline/dags/orders_etl.py
[2026-06-09T14:23:05.881+0000] {processor.py:914} INFO - Processing file /opt/airflow/dags/01-1c-excel-pipeline/dags/orders_etl.py for tasks to queue
[2026-06-09T14:23:05.886+0000] {logging_mixin.py:190} INFO - [2026-06-09T14:23:05.885+0000] {dagbag.py:588} INFO - Filling up the DagBag from /opt/airflow/dags/01-1c-excel-pipeline/dags/orders_etl.py
[2026-06-09T14:23:06.130+0000] {processor.py:925} INFO - DAG(s) '1c_orders_etl' retrieved from /opt/airflow/dags/01-1c-excel-pipeline/dags/orders_etl.py
[2026-06-09T14:23:06.202+0000] {logging_mixin.py:190} INFO - [2026-06-09T14:23:06.202+0000] {dag.py:3239} INFO - Sync 1 DAGs
[2026-06-09T14:23:06.216+0000] {logging_mixin.py:190} INFO - [2026-06-09T14:23:06.216+0000] {dag.py:4180} INFO - Setting next_dagrun for 1c_orders_etl to 2026-06-09 08:00:00+00:00, run_after=2026-06-10 08:00:00+00:00
[2026-06-09T14:23:06.229+0000] {processor.py:208} INFO - Processing /opt/airflow/dags/01-1c-excel-pipeline/dags/orders_etl.py took 0.360 seconds
[2026-06-09T14:23:33.320+0000] {processor.py:186} INFO - Started process (PID=774) to work on /opt/airflow/dags/01-1c-excel-pipeline/dags/orders_etl.py
[2026-06-09T14:23:33.324+0000] {processor.py:914} INFO - Processing file /opt/airflow/dags/01-1c-excel-pipeline/dags/orders_etl.py for tasks to queue
[2026-06-09T14:23:33.327+0000] {logging_mixin.py:190} INFO - [2026-06-09T14:23:33.326+0000] {dagbag.py:588} INFO - Filling up the DagBag from /opt/airflow/dags/01-1c-excel-pipeline/dags/orders_etl.py
[2026-06-09T14:23:33.566+0000] {processor.py:925} INFO - DAG(s) '1c_orders_etl' retrieved from /opt/airflow/dags/01-1c-excel-pipeline/dags/orders_etl.py
[2026-06-09T14:23:33.576+0000] {logging_mixin.py:190} INFO - [2026-06-09T14:23:33.575+0000] {dag.py:3239} INFO - Sync 1 DAGs
[2026-06-09T14:23:33.591+0000] {logging_mixin.py:190} INFO - [2026-06-09T14:23:33.591+0000] {dag.py:4180} INFO - Setting next_dagrun for 1c_orders_etl to 2026-06-09 08:00:00+00:00, run_after=2026-06-10 08:00:00+00:00
[2026-06-09T14:23:33.601+0000] {processor.py:208} INFO - Processing /opt/airflow/dags/01-1c-excel-pipeline/dags/orders_etl.py took 0.291 seconds
[2026-06-09T14:23:50.446+0000] {processor.py:186} INFO - Started process (PID=33) to work on /opt/airflow/dags/01-1c-excel-pipeline/dags/orders_etl.py
[2026-06-09T14:23:50.448+0000] {processor.py:914} INFO - Processing file /opt/airflow/dags/01-1c-excel-pipeline/dags/orders_etl.py for tasks to queue
[2026-06-09T14:23:50.453+0000] {logging_mixin.py:190} INFO - [2026-06-09T14:23:50.452+0000] {dagbag.py:588} INFO - Filling up the DagBag from /opt/airflow/dags/01-1c-excel-pipeline/dags/orders_etl.py
[2026-06-09T14:23:50.802+0000] {processor.py:925} INFO - DAG(s) '1c_orders_etl' retrieved from /opt/airflow/dags/01-1c-excel-pipeline/dags/orders_etl.py
[2026-06-09T14:23:50.813+0000] {logging_mixin.py:190} INFO - [2026-06-09T14:23:50.813+0000] {dag.py:3239} INFO - Sync 1 DAGs
[2026-06-09T14:23:50.825+0000] {logging_mixin.py:190} INFO - [2026-06-09T14:23:50.825+0000] {dag.py:4180} INFO - Setting next_dagrun for 1c_orders_etl to 2026-06-09 08:00:00+00:00, run_after=2026-06-10 08:00:00+00:00
[2026-06-09T14:23:50.833+0000] {processor.py:208} INFO - Processing /opt/airflow/dags/01-1c-excel-pipeline/dags/orders_etl.py took 0.391 seconds
[2026-06-09T14:24:20.972+0000] {processor.py:186} INFO - Started process (PID=38) to work on /opt/airflow/dags/01-1c-excel-pipeline/dags/orders_etl.py
[2026-06-09T14:24:20.973+0000] {processor.py:914} INFO - Processing file /opt/airflow/dags/01-1c-excel-pipeline/dags/orders_etl.py for tasks to queue
[2026-06-09T14:24:20.975+0000] {logging_mixin.py:190} INFO - [2026-06-09T14:24:20.975+0000] {dagbag.py:588} INFO - Filling up the DagBag from /opt/airflow/dags/01-1c-excel-pipeline/dags/orders_etl.py
[2026-06-09T14:24:21.550+0000] {processor.py:925} INFO - DAG(s) '1c_orders_etl' retrieved from /opt/airflow/dags/01-1c-excel-pipeline/dags/orders_etl.py
[2026-06-09T14:24:21.577+0000] {logging_mixin.py:190} INFO - [2026-06-09T14:24:21.576+0000] {dag.py:3239} INFO - Sync 1 DAGs
[2026-06-09T14:24:21.594+0000] {logging_mixin.py:190} INFO - [2026-06-09T14:24:21.594+0000] {dag.py:4180} INFO - Setting next_dagrun for 1c_orders_etl to 2026-06-09 08:00:00+00:00, run_after=2026-06-10 08:00:00+00:00
[2026-06-09T14:24:21.609+0000] {processor.py:208} INFO - Processing /opt/airflow/dags/01-1c-excel-pipeline/dags/orders_etl.py took 0.644 seconds
[2026-06-09T14:24:52.566+0000] {processor.py:186} INFO - Started process (PID=44) to work on /opt/airflow/dags/01-1c-excel-pipeline/dags/orders_etl.py
[2026-06-09T14:24:52.568+0000] {processor.py:914} INFO - Processing file /opt/airflow/dags/01-1c-excel-pipeline/dags/orders_etl.py for tasks to queue
[2026-06-09T14:24:52.570+0000] {logging_mixin.py:190} INFO - [2026-06-09T14:24:52.569+0000] {dagbag.py:588} INFO - Filling up the DagBag from /opt/airflow/dags/01-1c-excel-pipeline/dags/orders_etl.py
[2026-06-09T14:24:53.017+0000] {processor.py:925} INFO - DAG(s) '1c_orders_etl' retrieved from /opt/airflow/dags/01-1c-excel-pipeline/dags/orders_etl.py
[2026-06-09T14:24:53.032+0000] {logging_mixin.py:190} INFO - [2026-06-09T14:24:53.032+0000] {dag.py:3239} INFO - Sync 1 DAGs
[2026-06-09T14:24:53.042+0000] {logging_mixin.py:190} INFO - [2026-06-09T14:24:53.042+0000] {dag.py:4180} INFO - Setting next_dagrun for 1c_orders_etl to 2026-06-09 08:00:00+00:00, run_after=2026-06-10 08:00:00+00:00
[2026-06-09T14:24:53.050+0000] {processor.py:208} INFO - Processing /opt/airflow/dags/01-1c-excel-pipeline/dags/orders_etl.py took 0.490 seconds
